t,x,y,yaw,vx,vy,wz
0.0,-24.717101872709375,20.65607489194082,1.1201348323649574,0.0,0.0,-0.0
0.025008201599121094,-24.717101872709375,20.65607489194082,1.1201348323649574,0.0,0.0,-0.0
0.05025196075439453,-24.717101872709375,20.65607489194082,1.1201348323649574,0.0,0.0,-0.0
0.07500052452087402,-24.717101872709375,20.65607489194082,1.1201348323649574,0.0,0.0,-0.0
0.09995841979980469,-24.717101872709375,20.65607489194082,1.1201348323649574,0.0,0.0,-0.0
0.12641119956970215,-24.717101872709375,20.65607489194082,1.1201348323649574,0.0,0.0,-0.0
0.14996576309204102,-24.717101872709375,20.65607489194082,1.1201348323649574,0.0,0.0,-0.0
0.17499971389770508,-24.717101872709375,20.65607489194082,1.1201348323649574,0.0,0.0,-0.0
0.2000131607055664,-24.717101872709375,20.65607489194082,1.1201348323649574,0.0,0.0,-0.0
0.22496485710144043,-24.717101872709375,20.65607489194082,1.1201348323649574,0.0,0.0,-0.0
0.2500803470611572,-24.717101872709375,20.65607489194082,1.1201348323649574,0.0,0.0,-0.0
0.2750217914581299,-24.717101872709375,20.65607489194082,1.1201348323649574,0.0,0.0,-0.0
0.3000214099884033,-24.717101872709375,20.65607489194082,1.1201348323649574,0.0,0.0,-0.0
0.32504749298095703,-24.717101872709375,20.65607489194082,1.1201348323649574,0.0,0.0,-0.0
0.3500361442565918,-24.717101872709375,20.65607489194082,1.1201348323649574,0.0,0.0,-0.0
0.37508249282836914,-24.717101872709375,20.65607489194082,1.1201348323649574,0.0,0.0,-0.0
0.4000551700592041,-24.717101872709375,20.65607489194082,1.1201348323649574,0.0,0.0,-0.0
0.4250946044921875,-24.717101872709375,20.65607489194082,1.1201348323649574,0.0,0.0,-0.0
0.45001745223999023,-24.717101872709375,20.65607489194082,1.1201348323649574,0.0,0.0,-0.0
0.47503066062927246,-24.717101872709375,20.65607489194082,1.1201348323649574,0.0,0.0,-0.0
0.5000526905059814,-24.717101872709375,20.65607489194082,1.1201348323649574,0.0,0.0,-0.0
0.5249958038330078,-24.717101872709375,20.65607489194082,1.1201348323649574,0.0,0.0,-0.0
0.5502161979675293,-24.717101872709375,20.65607489194082,1.1201348323649574,0.0,0.0,-0.0
0.5750613212585449,-24.717101872709375,20.65607489194082,1.1201348323649574,0.0,0.0,-0.0
0.6045541763305664,-24.717101872709375,20.65607489194082,1.1201348323649574,0.0,0.0,-0.0
0.6250581741333008,-24.717101872709375,20.65607489194082,1.1201348323649574,0.0,0.0,-0.0
0.6503503322601318,-24.717101872709375,20.65607489194082,1.1201348323649574,0.0,0.0,-0.0
0.6750905513763428,-24.717101872709375,20.65607489194082,1.1201348323649574,0.0,0.0,-0.0
0.7018606662750244,-24.717101872709375,20.65607489194082,1.1201348323649574,0.0,0.0,-0.0
0.7250912189483643,-24.717101872709375,20.65607489194082,1.1201348323649574,0.0,0.0,-0.0
0.750023365020752,-24.717101872709375,20.65607489194082,1.1201348323649574,0.0,0.0,-0.0
0.7749578952789307,-24.717101872709375,20.65607489194082,1.1201348323649574,0.0,0.0,-0.0
0.8000366687774658,-24.717101872709375,20.65607489194082,1.1201348323649574,0.0,0.0,-0.0
0.8250126838684082,-24.717101872709375,20.65607489194082,1.1201348323649574,0.0,0.0,-0.0
0.8500440120697021,-24.717101872709375,20.65607489194082,1.1201348323649574,0.0,0.0,-0.0
0.8753461837768555,-24.717101872709375,20.65607489194082,1.1201348323649574,0.0,0.0,-0.0
0.9000072479248047,-24.717101872709375,20.65607489194082,1.1201348323649574,0.0,0.0,-0.0
0.925015926361084,-24.717101872709375,20.65607489194082,1.1201348323649574,0.0,0.0,-0.0
0.9499640464782715,-24.717101872709375,20.65607489194082,1.1201348323649574,0.0,0.0,-0.0
0.9750092029571533,-24.717101872709375,20.65607489194082,1.1201348323649574,0.0,0.0,-0.0
0.9999139308929443,-24.717101872709375,20.65607489194082,1.1201348323649574,0.0,0.0,-0.0
1.0250563621520996,-24.717101872709375,20.65607489194082,1.1201348323649574,0.0,0.0,-0.0
1.050016164779663,-24.717101872709375,20.65607489194082,1.1201348323649574,0.0,0.0,-0.0
1.0750555992126465,-24.717101872709375,20.65607489194082,1.1201348323649574,0.0,0.0,-0.0
1.1000559329986572,-24.717101872709375,20.65607489194082,1.1201348323649574,0.0,0.0,-0.0
1.1250288486480713,-24.717101872709375,20.65607489194082,1.1201348323649574,0.0,0.0,-0.0
1.1508285999298096,-24.717101872709375,20.65607489194082,1.1201348323649574,0.0,0.0,-0.0
1.1750292778015137,-24.717101872709375,20.65607489194082,1.1201348323649574,0.0,0.0,-0.0
1.1999828815460205,-24.717101872709375,20.65607489194082,1.1201348323649574,0.0,0.0,-0.0
1.2250919342041016,-24.717101872709375,20.65607489194082,1.1201348323649574,0.0,0.0,-0.0
1.2499892711639404,-24.717101872709375,20.65607489194082,1.1201348323649574,0.0,0.0,-0.0
1.2750089168548584,-24.717101872709375,20.65607489194082,1.1201348323649574,0.0,0.0,-0.0
1.3000099658966064,-24.717101872709375,20.65607489194082,1.1201348323649574,0.0,0.0,-0.0
1.3250067234039307,-24.717101872709375,20.65607489194082,1.1201348323649574,0.0,0.0,-0.0
1.3500175476074219,-24.717101872709375,20.65607489194082,1.1201348323649574,0.0,0.0,-0.0
1.3750734329223633,-24.717101872709375,20.65607489194082,1.1201348323649574,0.0,0.0,-0.0
1.3999888896942139,-24.717101872709375,20.65607489194082,1.1201348323649574,0.0,0.0,-0.0
1.4250221252441406,-24.717101872709375,20.65607489194082,1.1201348323649574,0.0,0.0,-0.0
1.4499821662902832,-24.717101872709375,20.65607489194082,1.1201348323649574,0.0,0.0,-0.0
1.4750218391418457,-24.717101872709375,20.65607489194082,1.1201348323649574,0.0,0.0,-0.0
1.5000171661376953,-24.717101872709375,20.65607489194082,1.1201348323649574,0.0,0.0,-0.0
1.5250067710876465,-24.717101872709375,20.65607489194082,1.1201348323649574,0.0,0.0,-0.0
1.5499863624572754,-24.717101872709375,20.65607489194082,1.1201348323649574,0.0,0.0,-0.0
1.5750081539154053,-24.717101872709375,20.65607489194082,1.1201348323649574,0.0,0.0,-0.0
1.6000163555145264,-24.717101872709375,20.65607489194082,1.1201348323649574,0.0,0.0,-0.0
1.6250290870666504,-24.717101872709375,20.65607489194082,1.1201348323649574,0.0,0.0,-0.0
1.650007724761963,-24.717101872709375,20.65607489194082,1.1201348323649574,0.0,0.0,-0.0
1.675027847290039,-24.717101872709375,20.65607489194082,1.1201348323649574,0.0,0.0,-0.0
1.699920415878296,-24.717101872709375,20.65607489194082,1.1201348323649574,0.0,0.0,-0.0
1.724977970123291,-24.717101872709375,20.65607489194082,1.1201348323649574,0.0,0.0,-0.0
1.7499475479125977,-24.717101872709375,20.65607489194082,1.1201348323649574,0.0,0.0,-0.0
1.7750358581542969,-24.717101872709375,20.65607489194082,1.1201348323649574,0.0,0.0,-0.0
1.7999873161315918,-24.717101872709375,20.65607489194082,1.1201348323649574,0.0,0.0,-0.0
1.8250205516815186,-24.717101872709375,20.65607489194082,1.1201348323649574,0.0,0.0,-0.0
1.8499727249145508,-24.717101872709375,20.65607489194082,1.1201348323649574,0.0,0.0,-0.0
1.8750097751617432,-24.717101872709375,20.65607489194082,1.1201348323649574,0.0,0.0,-0.0
1.9000205993652344,-24.717101872709375,20.65607489194082,1.1201348323649574,0.0,0.0,-0.0
1.9267349243164062,-24.717101872709375,20.65607489194082,1.1201348323649574,0.0,0.0,-0.0
1.9499804973602295,-24.717101872709375,20.65607489194082,1.1201348323649574,0.0,0.0,-0.0
1.9750382900238037,-24.717101872709375,20.65607489194082,1.1201348323649574,0.0,0.0,-0.0
2.000063419342041,-24.717101872709375,20.65607489194082,1.1201348323649574,0.0,0.0,-0.0
2.0249552726745605,-24.717101872709375,20.65607489194082,1.1201348323649574,0.0,0.0,-0.0
2.0499138832092285,-24.717101872709375,20.65607489194082,1.1201348323649574,0.0,0.0,-0.0
2.075026512145996,-24.717101872709375,20.65607489194082,1.1201348323649574,0.0,0.0,-0.0
2.1000075340270996,-24.717101872709375,20.65607489194082,1.1201348323649574,0.0,0.0,-0.0
2.1250619888305664,-24.717101872709375,20.65607489194082,1.1201348323649574,0.0,0.0,-0.0
2.1499953269958496,-24.717101872709375,20.65607489194082,1.1201348323649574,0.0,0.0,-0.0
2.1750295162200928,-24.717101872709375,20.65607489194082,1.1201348323649574,0.0,0.0,-0.0
2.2068281173706055,-24.717101872709375,20.65607489194082,1.1201348323649574,0.0,0.0,-0.0
2.2250123023986816,-24.717101872709375,20.65607489194082,1.1201348323649574,0.0,0.0,-0.0
2.2499775886535645,-24.717101872709375,20.65607489194082,1.1201348323649574,0.0,0.0,-0.0
2.275435447692871,-24.717101872709375,20.65607489194082,1.1201348323649574,0.0,0.0,-0.0
2.3003506660461426,-24.717101872709375,20.65607489194082,1.1201348323649574,0.0,0.0,-0.0
2.325015068054199,-24.717101872709375,20.65607489194082,1.1201348323649574,0.0,0.0,-0.0
2.3564612865448,-24.717101872709375,20.65607489194082,1.1201348323649574,0.0,0.0,-0.0
2.3750224113464355,-24.717101872709375,20.65607489194082,1.1201348323649574,0.0,0.0,-0.0
2.4000139236450195,-24.717101872709375,20.65607489194082,1.1201348323649574,0.0,0.0,-0.0
2.4250071048736572,-24.717101872709375,20.65607489194082,1.1201348323649574,0.0,0.0,-0.0
2.4499263763427734,-24.717101872709375,20.65607489194082,1.1201348323649574,0.0,0.0,-0.0
2.474956750869751,-24.717101872709375,20.65607489194082,1.1201348323649574,0.0,0.0,-0.0
2.500108003616333,-24.717101872709375,20.65607489194082,1.1201348323649574,0.0,0.0,-0.0
2.5250437259674072,-24.717101872709375,20.65607489194082,1.1201348323649574,0.0,0.0,-0.0
2.550056219100952,-24.717101872709375,20.65607489194082,1.1201348323649574,0.0,0.0,-0.0
2.5751376152038574,-24.717101872709375,20.65607489194082,1.1201348323649574,0.0,0.0,-0.0
2.6000189781188965,-24.717101872709375,20.65607489194082,1.1201348323649574,0.0,0.0,-0.0
2.6250383853912354,-24.717101872709375,20.65607489194082,1.1201348323649574,0.0,0.0,-0.0
2.649986505508423,-24.717101872709375,20.65607489194082,1.1201348323649574,0.0,0.0,-0.0
2.675053596496582,-24.717101872709375,20.65607489194082,1.1201348323649574,0.0,0.0,-0.0
2.7001051902770996,-24.717101872709375,20.65607489194082,1.1201348323649574,0.0,0.0,-0.0
2.7250313758850098,-24.717101872709375,20.65607489194082,1.1201348323649574,0.0,0.0,-0.0
2.750002145767212,-24.717101872709375,20.65607489194082,1.1201348323649574,0.0,0.0,-0.0
2.7750394344329834,-24.717101872709375,20.65607489194082,1.1201348323649574,0.0,0.0,-0.0
2.8000917434692383,-24.717101872709375,20.65607489194082,1.1201348323649574,0.0,0.0,-0.0
2.8250813484191895,-24.717101872709375,20.65607489194082,1.1201348323649574,0.0,0.0,-0.0
2.850022554397583,-24.717101872709375,20.65607489194082,1.1201348323649574,0.0,0.0,-0.0
2.8750579357147217,-24.717101872709375,20.65607489194082,1.1201348323649574,0.0,0.0,-0.0
2.899980068206787,-24.717101872709375,20.65607489194082,1.1201348323649574,0.0,0.0,-0.0
2.9250426292419434,-24.717101872709375,20.65607489194082,1.1201348323649574,0.0,0.0,-0.0
2.94998836517334,-24.717101872709375,20.65607489194082,1.1201348323649574,0.0,0.0,-0.0
2.975067138671875,-24.717101872709375,20.65607489194082,1.1201348323649574,0.0,0.0,-0.0
3.0000808238983154,-24.717101872709375,20.65607489194082,1.1201348323649574,0.0,0.0,-0.0
3.0251004695892334,-24.717101872709375,20.65607489194082,1.1201348323649574,0.0,0.0,-0.0
3.0500268936157227,-24.717101872709375,20.65607489194082,1.1201348323649574,0.0,0.0,-0.0
3.075037717819214,-24.717101872709375,20.65607489194082,1.1201348323649574,0.0,0.0,-0.0
3.100081443786621,-24.717101872709375,20.65607489194082,1.1201348323649574,0.0,0.0,-0.0
3.1250007152557373,-24.717101872709375,20.65607489194082,1.1201348323649574,0.0,0.0,-0.0
3.1499834060668945,-24.717101872709375,20.65607489194082,1.1201348323649574,0.0,0.0,-0.0
3.175018787384033,-24.717101872709375,20.65607489194082,1.1201348323649574,0.0,0.0,-0.0
3.200094699859619,-24.717101872709375,20.65607489194082,1.1201348323649574,0.0,0.0,-0.0
3.225094795227051,-24.717101872709375,20.65607489194082,1.1201348323649574,0.0,0.0,-0.0
3.2500078678131104,-24.717101872709375,20.65607489194082,1.1201348323649574,0.0,0.0,-0.0
3.2750537395477295,-24.717101872709375,20.65607489194082,1.1201348323649574,0.0,0.0,-0.0
3.3000733852386475,-24.717101872709375,20.65607489194082,1.1201348323649574,0.0,0.0,-0.0
3.32498836517334,-24.717101872709375,20.65607489194082,1.1201348323649574,0.0,0.0,-0.0
3.3499929904937744,-24.717101872709375,20.65607489194082,1.1201348323649574,0.0,0.0,-0.0
3.3749823570251465,-24.717101872709375,20.65607489194082,1.1201348323649574,0.0,0.0,-0.0
3.4000229835510254,-24.717101872709375,20.65607489194082,1.1201348323649574,0.0,0.0,-0.0
3.425008535385132,-24.717101872709375,20.65607489194082,1.1201348323649574,0.0,0.0,-0.0
3.449925422668457,-24.717101872709375,20.65607489194082,1.1201348323649574,0.0,0.0,-0.0
3.4749605655670166,-24.717101872709375,20.65607489194082,1.1201348323649574,0.0,0.0,-0.0
3.4999747276306152,-24.717101872709375,20.65607489194082,1.1201348323649574,0.0,0.0,-0.0
3.524977207183838,-24.717101872709375,20.65607489194082,1.1201348323649574,0.0,0.0,-0.0
3.5500752925872803,-24.717101872709375,20.65607489194082,1.1201348323649574,0.0,0.0,-0.0
3.575015068054199,-24.717101872709375,20.65607489194082,1.1201348323649574,0.0,0.0,-0.0
3.5999948978424072,-24.717101872709375,20.65607489194082,1.1201348323649574,0.0,0.0,-0.0
3.6250030994415283,-24.717101872709375,20.65607489194082,1.1201348323649574,0.0,0.0,-0.0
3.6503772735595703,-24.717101872709375,20.65607489194082,1.1201348323649574,0.0,0.0,-0.0
3.6750216484069824,-24.717101872709375,20.65607489194082,1.1201348323649574,0.0,0.0,-0.0
3.6999897956848145,-24.717101872709375,20.65607489194082,1.1201348323649574,0.0,0.0,-0.0
3.7249860763549805,-24.717101872709375,20.65607489194082,1.1201348323649574,0.0,0.0,-0.0
3.7499701976776123,-24.717101872709375,20.65607489194082,1.1201348323649574,0.0,0.0,-0.0
3.775028944015503,-24.717101872709375,20.65607489194082,1.1201348323649574,0.0,0.0,-0.0
3.8000199794769287,-24.717101872709375,20.65607489194082,1.1201348323649574,0.0,0.0,-0.0
3.824993848800659,-24.717101872709375,20.65607489194082,1.1201348323649574,0.0,0.0,-0.0
3.849937677383423,-24.717101872709375,20.65607489194082,1.1201348323649574,0.0,0.0,-0.0
3.8752074241638184,-24.717101872709375,20.65607489194082,1.1201348323649574,0.0,0.0,-0.0
3.9000322818756104,-24.717101872709375,20.65607489194082,1.1201348323649574,0.0,0.0,-0.0
3.9250853061676025,-24.717101872709375,20.65607489194082,1.1201348323649574,0.0,0.0,-0.0
3.949989080429077,-24.717101872709375,20.65607489194082,1.1201348323649574,0.0,0.0,-0.0
3.9750068187713623,-24.717101872709375,20.65607489194082,1.1201348323649574,0.0,0.0,-0.0
4.000019311904907,-24.717101872709375,20.65607489194082,1.1201348323649574,0.0,0.0,-0.0
4.025045394897461,-24.717101872709375,20.65607489194082,1.1201348323649574,0.0,0.0,-0.0
4.049929141998291,-24.717101872709375,20.65607489194082,1.1201348323649574,0.0,0.0,-0.0
4.082690715789795,-24.717101872709375,20.65607489194082,1.1201348323649574,0.0,0.0,-0.0
4.1000001430511475,-24.717101872709375,20.65607489194082,1.1201348323649574,0.0,0.0,-0.0
4.12498927116394,-24.717101872709375,20.65607489194082,1.1201348323649574,0.0,0.0,-0.0
4.149954080581665,-24.717101872709375,20.65607489194082,1.1201348323649574,0.0,0.0,-0.0
4.17502498626709,-24.717101872709375,20.65607489194082,1.1201348323649574,0.0,0.0,-0.0
4.2000017166137695,-24.717101872709375,20.65607489194082,1.1201348323649574,0.0,0.0,-0.0
4.225124359130859,-24.717101872709375,20.65607489194082,1.1201348323649574,0.0,0.0,-0.0
4.24992036819458,-24.717101872709375,20.65607489194082,1.1201348323649574,0.0,0.0,-0.0
4.275030136108398,-24.717101872709375,20.65607489194082,1.1201348323649574,0.0,0.0,-0.0
4.30005407333374,-24.717101872709375,20.65607489194082,1.1201348323649574,0.0,0.0,-0.0
4.325077295303345,-24.717101872709375,20.65607489194082,1.1201348323649574,0.0,0.0,-0.0
4.349995851516724,-24.717101872709375,20.65607489194082,1.1201348323649574,0.0,0.0,-0.0
4.37503719329834,-24.717101872709375,20.65607489194082,1.1201348323649574,0.0,0.0,-0.0
4.400070428848267,-24.717101872709375,20.65607489194082,1.1201348323649574,0.0,0.0,-0.0
4.425053596496582,-24.717101872709375,20.65607489194082,1.1201348323649574,0.0,0.0,-0.0
4.449960231781006,-24.717101872709375,20.65607489194082,1.1201348323649574,0.0,0.0,-0.0
4.475070953369141,-24.717101872709375,20.65607489194082,1.1201348323649574,0.0,0.0,-0.0
4.5000269412994385,-24.717101872709375,20.65607489194082,1.1201348323649574,0.0,0.0,-0.0
4.525007724761963,-24.717101872709375,20.65607489194082,1.1201348323649574,0.0,0.0,-0.0
4.550039529800415,-24.717101872709375,20.65607489194082,1.1201348323649574,0.0,0.0,-0.0
4.57498025894165,-24.717101872709375,20.65607489194082,1.1201348323649574,0.0,0.0,-0.0
4.5999462604522705,-24.717101872709375,20.65607489194082,1.1201348323649574,0.0,0.0,-0.0
4.62499737739563,-24.717101872709375,20.65607489194082,1.1201348323649574,0.0,0.0,-0.0
4.649957656860352,-24.717101872709375,20.65607489194082,1.1201348323649574,0.0,0.0,-0.0
4.675016641616821,-24.717101872709375,20.65607489194082,1.1201348323649574,0.0,0.0,-0.0
4.700012445449829,-24.717101872709375,20.65607489194082,1.1201348323649574,0.0,0.0,-0.0
4.725003004074097,-24.717101872709375,20.65607489194082,1.1201348323649574,0.0,0.0,-0.0
4.749898672103882,-24.717101872709375,20.65607489194082,1.1201348323649574,0.0,0.0,-0.0
4.774999141693115,-24.717101872709375,20.65607489194082,1.1201348323649574,0.0,0.0,-0.0
4.799954891204834,-24.717101872709375,20.65607489194082,1.1201348323649574,0.0,0.0,-0.0
4.825097322463989,-24.717101872709375,20.65607489194082,1.1201348323649574,0.0,0.0,-0.0
4.849949598312378,-24.717101872709375,20.65607489194082,1.1201348323649574,0.0,0.0,-0.0
4.874982595443726,-24.717101872709375,20.65607489194082,1.1201348323649574,0.0,0.0,-0.0
4.900018692016602,-24.717101872709375,20.65607489194082,1.1201348323649574,0.0,0.0,-0.0
4.92500901222229,-24.717101872709375,20.65607489194082,1.1201348323649574,0.0,0.0,-0.0
4.949994087219238,-24.717101872709375,20.65607489194082,1.1201348323649574,0.0,0.0,-0.0
4.975013971328735,-24.717101872709375,20.65607489194082,1.1201348323649574,0.0,0.0,-0.0
5.000014066696167,-24.717101872709375,20.65607489194082,1.1201348323649574,0.0,0.0,-0.0
5.025004863739014,-24.717101872709375,20.65607489194082,1.1201348323649574,0.0,0.0,-0.0
5.049990653991699,-24.717101872709375,20.65607489194082,1.1201348323649574,0.0,0.0,-0.0
5.0751330852508545,-24.717101872709375,20.65607489194082,1.1201348323649574,0.0,0.0,-0.0
5.099931240081787,-24.717101872709375,20.65607489194082,1.1201348323649574,0.0,0.0,-0.0
5.1250481605529785,-24.717101872709375,20.65607489194082,1.1201348323649574,0.0,0.0,-0.0
5.149907827377319,-24.717101872709375,20.65607489194082,1.1201348323649574,0.0,0.0,-0.0
5.174956321716309,-24.717101872709375,20.65607489194082,1.1201348323649574,0.0,0.0,-0.0
5.200013637542725,-24.717101872709375,20.65607489194082,1.1201348323649574,0.0,0.0,-0.0
5.225023031234741,-24.717101872709375,20.65607489194082,1.1201348323649574,0.0,0.0,-0.0
5.250028848648071,-24.717101872709375,20.65607489194082,1.1201348323649574,0.0,0.0,-0.0
5.2750022411346436,-24.717101872709375,20.65607489194082,1.1201348323649574,0.0,0.0,-0.0
5.300022602081299,-24.717101872709375,20.65607489194082,1.1201348323649574,0.0,0.0,-0.0
5.32496452331543,-24.717101872709375,20.65607489194082,1.1201348323649574,0.0,0.0,-0.0
5.349935054779053,-24.717101872709375,20.65607489194082,1.1201348323649574,0.0,0.0,-0.0
5.3749988079071045,-24.717101872709375,20.65607489194082,1.1201348323649574,0.0,0.0,-0.0
5.399996995925903,-24.717101872709375,20.65607489194082,1.1201348323649574,0.0,0.0,-0.0
5.424981117248535,-24.717101872709375,20.65607489194082,1.1201348323649574,0.0,0.0,-0.0
5.449939250946045,-24.717101872709375,20.65607489194082,1.1201348323649574,0.0,0.0,-0.0
5.475028038024902,-24.717101872709375,20.65607489194082,1.1201348323649574,0.0,0.0,-0.0
5.500409364700317,-24.717101872709375,20.65607489194082,1.1201348323649574,0.0,0.0,-0.0
5.525004625320435,-24.717101872709375,20.65607489194082,1.1201348323649574,0.0,0.0,-0.0
5.549976348876953,-24.717101872709375,20.65607489194082,1.1201348323649574,0.0,0.0,-0.0
5.575026512145996,-24.717101872709375,20.65607489194082,1.1201348323649574,0.0,0.0,-0.0
5.599990606307983,-24.717101872709375,20.65607489194082,1.1201348323649574,0.0,0.0,-0.0
5.625014781951904,-24.717101872709375,20.65607489194082,1.1201348323649574,0.0,0.0,-0.0
5.650044202804565,-24.717101872709375,20.65607489194082,1.1201348323649574,0.0,0.0,-0.0
5.675137996673584,-24.717101872709375,20.65607489194082,1.1201348323649574,0.0,0.0,-0.0
5.7000508308410645,-24.717101872709375,20.65607489194082,1.1201348323649574,0.0,0.0,-0.0
5.725040912628174,-24.717101872709375,20.65607489194082,1.1201348323649574,0.0,0.0,-0.0
5.750037908554077,-24.717101872709375,20.65607489194082,1.1201348323649574,0.0,0.0,-0.0
5.775092363357544,-24.717101872709375,20.65607489194082,1.1201348323649574,0.0,0.0,-0.0
5.800070524215698,-24.717101872709375,20.65607489194082,1.1201348323649574,0.0,0.0,-0.0
5.825037479400635,-24.717101872709375,20.65607489194082,1.1201348323649574,0.0,0.0,-0.0
5.849968910217285,-24.717101872709375,20.65607489194082,1.1201348323649574,0.0,0.0,-0.0
5.875041961669922,-24.717101872709375,20.65607489194082,1.1201348323649574,0.0,0.0,-0.0
5.9000444412231445,-24.717101872709375,20.65607489194082,1.1201348323649574,0.0,0.0,-0.0
5.929225444793701,-24.717101872709375,20.65607489194082,1.1201348323649574,0.0,0.0,-0.0
5.9501025676727295,-24.717101872709375,20.65607489194082,1.1201348323649574,0.0,0.0,-0.0
5.975053071975708,-24.717101872709375,20.65607489194082,1.1201348323649574,0.0,0.0,-0.0
6.0000529289245605,-24.717101872709375,20.65607489194082,1.1201348323649574,0.0,0.0,-0.0
6.0250420570373535,-24.717101872709375,20.65607489194082,1.1201348323649574,0.0,0.0,-0.0
6.050134181976318,-24.717101872709375,20.65607489194082,1.1201348323649574,0.0,0.0,-0.0
6.074999094009399,-24.717101872709375,20.65607489194082,1.1201348323649574,0.0,0.0,-0.0
6.100033283233643,-24.717101872709375,20.65607489194082,1.1201348323649574,0.0,0.0,-0.0
6.125173091888428,-24.717101872709375,20.65607489194082,1.1201348323649574,0.0,0.0,-0.0
6.149996995925903,-24.717101872709375,20.65607489194082,1.1201348323649574,0.0,0.0,-0.0
6.175032377243042,-24.717101872709375,20.65607489194082,1.1201348323649574,0.0,0.0,-0.0
6.200012683868408,-24.717101872709375,20.65607489194082,1.1201348323649574,0.0,0.0,-0.0
6.224999189376831,-24.717101872709375,20.65607489194082,1.1201348323649574,0.0,0.0,-0.0
6.2499847412109375,-24.717101872709375,20.65607489194082,1.1201348323649574,0.0,0.0,-0.0
6.276036500930786,-24.717101872709375,20.65607489194082,1.1201348323649574,0.0,0.0,-0.0
6.300070524215698,-24.717101872709375,20.65607489194082,1.1201348323649574,0.0,0.0,-0.0
6.325010299682617,-24.717101872709375,20.65607489194082,1.1201348323649574,0.0,0.0,-0.0
6.350070953369141,-24.717101872709375,20.65607489194082,1.1201348323649574,0.0,0.0,-0.0
6.3750505447387695,-24.717101872709375,20.65607489194082,1.1201348323649574,0.0,0.0,-0.0
6.399951457977295,-24.717101872709375,20.65607489194082,1.1201348323649574,0.0,0.0,-0.0
6.425005674362183,-24.717101872709375,20.65607489194082,1.1201348323649574,0.0,0.0,-0.0
6.4500250816345215,-24.717101872709375,20.65607489194082,1.1201348323649574,0.0,0.0,-0.0
6.4750494956970215,-24.717101872709375,20.65607489194082,1.1201348323649574,0.0,0.0,-0.0
6.499996185302734,-24.717101872709375,20.65607489194082,1.1201348323649574,0.0,0.0,-0.0
6.524967193603516,-24.717101872709375,20.65607489194082,1.1201348323649574,0.0,0.0,-0.0
6.550014019012451,-24.717101872709375,20.65607489194082,1.1201348323649574,0.0,0.0,-0.0
6.584933042526245,-24.717101872709375,20.65607489194082,1.1201348323649574,0.0,0.0,-0.0
6.599987506866455,-24.717101872709375,20.65607489194082,1.1201348323649574,0.0,0.0,-0.0
6.625031232833862,-24.717101872709375,20.65607489194082,1.1201348323649574,0.0,0.0,-0.0
6.649965286254883,-24.717101872709375,20.65607489194082,1.1201348323649574,0.0,0.0,-0.0
6.6754162311553955,-24.717101872709375,20.65607489194082,1.1201348323649574,0.0,0.0,-0.0
6.700148582458496,-24.717101872709375,20.65607489194082,1.1201348323649574,0.0,0.0,-0.0
6.725023984909058,-24.717101872709375,20.65607489194082,1.1201348323649574,0.0,0.0,-0.0
6.750029802322388,-24.717101872709375,20.65607489194082,1.1201348323649574,0.0,0.0,-0.0
6.775037050247192,-24.717101872709375,20.65607489194082,1.1201348323649574,0.0,0.0,-0.0
6.8018834590911865,-24.717101872709375,20.65607489194082,1.1201348323649574,0.0,0.0,-0.0
6.824946403503418,-24.717101872709375,20.65607489194082,1.1201348323649574,0.0,0.0,-0.0
6.8500075340271,-24.717101872709375,20.65607489194082,1.1201348323649574,0.0,0.0,-0.0
6.875056028366089,-24.717101872709375,20.65607489194082,1.1201348323649574,0.0,0.0,-0.0
6.900044918060303,-24.717101872709375,20.65607489194082,1.1201348323649574,0.0,0.0,-0.0
6.925076723098755,-24.717101872709375,20.65607489194082,1.1201348323649574,0.0,0.0,-0.0
6.950041055679321,-24.717101872709375,20.65607489194082,1.1201348323649574,0.0,0.0,-0.0
6.975155830383301,-24.717101872709375,20.65607489194082,1.1201348323649574,0.0,0.0,-0.0
7.000042915344238,-24.717101872709375,20.65607489194082,1.1201348323649574,0.0,0.0,-0.0
7.024981498718262,-24.717101872709375,20.65607489194082,1.1201348323649574,0.0,0.0,-0.0
7.050039768218994,-24.717101872709375,20.65607489194082,1.1201348323649574,0.0,0.0,-0.0
7.075023889541626,-24.717101872709375,20.65607489194082,1.1201348323649574,0.0,0.0,-0.0
7.100235939025879,-24.717101872709375,20.65607489194082,1.1201348323649574,0.0,0.0,-0.0
7.1252992153167725,-24.717101872709375,20.65607489194082,1.1201348323649574,0.0,0.0,-0.0
7.150195837020874,-24.717101872709375,20.65607489194082,1.1201348323649574,0.0,0.0,-0.0
7.183035135269165,-24.717101872709375,20.65607489194082,1.1201348323649574,0.0,0.0,-0.0
7.200028419494629,-24.717101872709375,20.65607489194082,1.1201348323649574,0.0,0.0,-0.0
7.225002288818359,-24.717101872709375,20.65607489194082,1.1201348323649574,0.0,0.0,-0.0
7.25002121925354,-24.717101872709375,20.65607489194082,1.1201348323649574,0.0,0.0,-0.0
7.279354810714722,-24.717101872709375,20.65607489194082,1.1201348323649574,0.0,0.0,-0.0
7.300175189971924,-24.717101872709375,20.65607489194082,1.1201348323649574,0.0,0.0,-0.0
7.324998378753662,-24.717101872709375,20.65607489194082,1.1201348323649574,0.0,0.0,-0.0
7.3499743938446045,-24.717101872709375,20.65607489194082,1.1201348323649574,0.0,0.0,-0.0
7.374992609024048,-24.717101872709375,20.65607489194082,1.1201348323649574,0.0,0.0,-0.0
7.400010347366333,-24.717101872709375,20.65607489194082,1.1201348323649574,0.0,0.0,-0.0
7.4250054359436035,-24.717101872709375,20.65607489194082,1.1201348323649574,0.0,0.0,-0.0
7.450013160705566,-24.717101872709375,20.65607489194082,1.1201348323649574,0.0,0.0,-0.0
7.475097894668579,-24.717101872709375,20.65607489194082,1.1201348323649574,0.0,0.0,-0.0
7.500059366226196,-24.717101872709375,20.65607489194082,1.1201348323649574,0.0,0.0,-0.0
7.525026082992554,-24.717101872709375,20.65607489194082,1.1201348323649574,0.0,0.0,-0.0
7.550023078918457,-24.717101872709375,20.65607489194082,1.1201348323649574,0.0,0.0,-0.0
7.575083017349243,-24.717101872709375,20.65607489194082,1.1201348323649574,0.0,0.0,-0.0
7.600301504135132,-24.717101872709375,20.65607489194082,1.1201348323649574,0.0,0.0,-0.0
7.6250622272491455,-24.71709823353483,20.656082412896446,1.1201347030493196,0.0009955654600436418,0.0,-1.529868461982039e-05
7.649993419647217,-24.71709823353483,20.656082412896446,1.1201347030493196,0.0,0.0,-0.0
7.675046443939209,-24.71709823353483,20.656082412896446,1.1201347030493196,0.0,0.0,-0.0
7.70075798034668,-24.71709823353483,20.656082412896446,1.1201347030493196,0.0,0.0,-0.0
7.725624084472656,-24.71709823353483,20.656082412896446,1.1201347030493196,0.0,0.0,-0.0
7.749976634979248,-24.717094406912125,20.656090321242193,1.1201345813389618,0.0010646171362021972,0.0,-1.4677708700811085e-05
7.775051832199097,-24.71706854580924,20.656143767407247,1.120133771102697,0.00390885862003082,0.0,-5.29732147925355e-05
7.803370237350464,-24.716992750895574,20.656300409266176,1.1201314363955241,0.008612684495108507,0.0,-0.00011464840375202182
7.824985980987549,-24.71688967521997,20.656513429538183,1.1201283071334631,0.01356121319429196,0.0,-0.00017829298808019956
7.849963665008545,-24.716702690376383,20.656899855511224,1.1201227033778671,0.02110915569672326,0.0,-0.00027384117707620736
7.874987602233887,-24.716424037715758,20.657475713541714,1.1201144581651523,0.03024943689338,0.0,-0.000387610207796251
7.901512384414673,-24.716011823859798,20.65832756442075,1.1201024078684845,0.041320782487909116,0.0,-0.0005231657961671834
7.925261497497559,-24.715528798912654,20.65932571518753,1.1200884392402166,0.05220845012843817,0.0,-0.0006545785221943941
7.949927568435669,-24.714903475123013,20.660617867997903,1.120070527853313,0.06430991654353983,0.0,-0.0007987928770500316
7.975029706954956,-24.714129771187864,20.662216548388702,1.1200485660719175,0.07730145377619894,0.0,-0.0009518263331356663
7.999999046325684,-24.713216026222682,20.664104476412955,1.1200228448245777,0.09076485640127326,0.0,-0.0011087737414824195
8.024977207183838,-24.712153001771593,20.666300682052984,1.119993149031773,0.10466165783158464,0.0,-0.0012692890318625784
8.049966096878052,-24.710936206855514,20.668814373693316,1.1199593944610007,0.11891092474153554,0.0,-0.0014325781156873112
8.075014114379883,-24.70955922420549,20.67165872592966,1.1199214387866323,0.13347080175235673,0.0,-0.001598377745644316
8.100029945373535,-24.708024032601127,20.67482955759571,1.1198793636248352,0.14823259824396956,0.0,-0.001765765491255513
8.124978303909302,-24.706331422756968,20.67832513253037,1.1198332061076475,0.1630997143939094,0.0,-0.0019340260281830264
8.153852462768555,-24.7041702822944,20.68278771979817,1.1197745537900943,0.18040564486864782,0.0,-0.0021289720265612205
8.174933433532715,-24.702453640287654,20.686331977757757,1.1197281462557043,0.19312808151763408,0.0,-0.002272701152196625
8.200021266937256,-24.700258464789737,20.690863628083605,1.1196689648904832,0.20839451391991762,0.0,-0.0024463274926985
8.225255966186523,-24.697880167007206,20.69577253970691,1.1196049728805677,0.22390821042235037,0.0,-0.002625175351544424
8.249924659729004,-24.695388995044564,20.700913570660415,1.1195379882515097,0.23926826788681826,0.0,-0.002805740813784949
8.275006771087646,-24.69268495747592,20.70649289894018,1.1194652204365538,0.2551757332172101,0.0,-0.00299747547539326
8.30014944076538,-24.68979823631797,20.71244802181057,1.1193874199283005,0.2714183279679401,0.0,-0.0031932991348596436
8.325042963027954,-24.686761878374465,20.718710561058202,1.1193053974841944,0.287786331770214,0.0,-0.003397236281771188
8.35000467300415,-24.683536677426662,20.72536115651403,1.1192179111871163,0.3045986168494214,0.0,-0.003614746756710272
8.375038862228394,-24.680113659812754,20.732418038567612,1.1191244933323354,0.3219668249699545,0.0,-0.003848520630925975
8.400045394897461,-24.676501921456595,20.739862159673095,1.1190251328380756,0.339822107764389,0.0,-0.004099370652633878
8.425004720687866,-24.672699347326223,20.747697565775745,1.1189194663318984,0.35815088885655494,0.0,-0.004369629726983212
8.44996428489685,-24.668693157284245,20.75595024121973,1.1188069664782294,0.37693055720826907,0.0,-0.004645706169146718
8.474989652633667,-24.664468047818566,20.764651312709233,1.1186870023502593,0.39616931044599263,0.0,-0.004943573751537001
8.50006628036499,-24.660020066862675,20.77380847099364,1.1185590286613047,0.41596535015773534,0.0,-0.005266772736342308
8.525033950805664,-24.655371056908333,20.783376282110737,1.1184232534700291,0.43627778978536325,0.0,-0.005612489419264089
8.549967527389526,-24.65050171807754,20.793393967256833,1.1182788937214574,0.4571438775681777,0.0,-0.005968045342313829
8.57500171661377,-24.645379697511434,20.80392749873936,1.118125042631646,0.47865652930084474,0.0,-0.006325080285892913
8.600049495697021,-24.640015865305656,20.814953879050137,1.1179621200362027,0.5006770319293763,0.0,-0.006688389327026894
8.625318050384521,-24.634354818484606,20.82658626367258,1.1177884807305285,0.5233564653974134,0.0,-0.00705730589196792
8.649953126907349,-24.628588322875398,20.838430026245774,1.1176100394158412,0.5459580282222255,0.0,-0.007428565513647312
8.675022602081299,-24.62246634506635,20.85099800994074,1.1174188606603337,0.5694692535428597,0.0,-0.007826451705368153
8.699998617172241,-24.616104529355166,20.86405186629785,1.1172180810561338,0.5934048985340127,0.0,-0.008253116113837168
8.725035667419434,-24.609462079200313,20.877674413911407,1.1170056745925574,0.6173944727378924,0.0,-0.008717855339562156
8.750009775161743,-24.60257218310627,20.891796618665193,1.1167822773369915,0.6409193933236524,0.0,-0.009173218539339265
8.774989604949951,-24.595418985795742,20.906449983340863,1.1165468654773512,0.6643175828289414,0.0,-0.009672458309424958
8.799898624420166,-24.588027676634233,20.92158185100564,1.1162991362922154,0.6878646378859447,0.0,-0.010220839821478566
8.82507038116455,-24.580293346997042,20.93740568903095,1.1160344336734438,0.7120572755401859,0.0,-0.010821203686076959
8.84993863105774,-24.57237897381171,20.953586777765825,1.115757727822107,0.736286168286006,0.0,-0.011430209859865922
8.87505555152893,-24.564114146904156,20.97047215059803,1.1154630224405446,0.7609141717497153,0.0,-0.012042673302690142
8.899978399276733,-24.55563672514894,20.987778659722228,1.1151553866698996,0.7854104685861233,0.0,-0.012644209277171393
8.92505407333374,-24.546833703094624,21.005735503595023,1.1148306915437343,0.8100325223298841,0.0,-0.013261555056208888
8.949944496154785,-24.537816422629245,21.024113990425132,1.114492497203281,0.8344064008649733,0.0,-0.013907466451854568
8.975033283233643,-24.528454834766,21.04317745512767,1.1141349240715892,0.8587847181166277,0.0,-0.014602568839367901
8.999946594238281,-24.51888303319682,21.062651010521048,1.1137619427265575,0.8827456063980466,0.0,-0.015335571539258998
9.025012254714966,-24.50898440472555,21.08276999804541,1.1133680182212091,0.9065321751000932,0.0,-0.016102411758021927
9.049988031387329,-24.498853241921577,21.103340686718145,1.1129561446092795,0.9298446757011994,0.0,-0.016885798793435998
9.074991941452026,-24.48844333955746,21.124454860927813,1.1125243804248073,0.9527966146869075,0.0,-0.017646517933122857
9.099977970123291,-24.477781575219343,21.146055848175347,1.1120736960212514,0.9752976862627151,0.0,-0.018429406757557443
9.125057220458984,-24.466824043508648,21.168230279762753,1.1116013354211944,0.9974279730316515,0.0,-0.01924786042455415
9.14998173713684,-24.455677918925588,21.19075905145809,1.1111108747978375,1.019010974773659,0.0,-0.020101695876461968
9.175021409988403,-24.4442350761689,21.213858351491268,1.1105963788672255,1.0402206295787149,0.0,-0.021000865848443823
9.201122999191284,-24.43206155832817,21.238399491922085,1.11003617939679,1.061846641367809,0.0,-0.021988673024907937
9.224980592727661,-24.420667957174366,21.261336762302463,1.1095003000667325,1.0812822488694422,0.0,-0.022856194101550105
9.249984741210938,-24.408515267308232,21.285767885466488,1.1089165381305972,1.1010702341238274,0.0,-0.023835529752909076
9.275008916854858,-24.396121914488464,21.310645594179498,1.1083067532879276,1.1202159306769424,0.0,-0.024902315789496785
9.299965858459473,-24.383537347843223,21.33586777785219,1.1076710086985926,1.1386174878399855,0.0,-0.02604785922651819
9.325015544891357,-24.37068781234624,21.361579069622305,1.1070033489748021,1.156392040734355,0.0,-0.02726549602650649
9.349924325942993,-24.357696429990373,21.38752999950306,1.1063098804092888,1.1734835644624855,0.0,-0.02841116904742857
9.375131607055664,-24.34435522127421,21.41413239260019,1.105579043240912,1.1901954969376578,0.0,-0.029638644572362018
9.400384426116943,-24.330756484567083,21.441197750944603,1.104813338154776,1.2062214942200922,0.0,-0.03094556999725385
9.425041913986206,-24.31730142181203,21.46792565876753,1.1040334843508715,1.2210240354388477,0.0,-0.03231618190598209
9.449960231781006,-24.303515675458655,21.495255880331538,1.1032093865821002,1.2351416106385003,0.0,-0.0338136998092204
9.475032329559326,-24.28947185176074,21.523039285781845,1.1023417312276176,1.2484572302351755,0.0,-0.03541109936687562
9.499996662139893,-24.275314854345325,21.550985106011534,1.1014391709459879,1.2609437610769185,0.0,-0.03689053305243437
9.524972677230835,-24.260995047848702,21.579187829809943,1.100498925647103,1.2727112204651025,0.0,-0.038429812341817464
9.549980163574219,-24.246489500416995,21.60768851598945,1.0995178160300936,1.2836985168979766,0.0,-0.040002261221400326
9.575098991394043,-24.231780768362874,21.636516872372518,1.098493130012874,1.2938628385659665,0.0,-0.04161038152994343
9.600510835647583,-24.2167476700184,21.66590459372745,1.0974143634069087,1.3032767825533416,0.0,-0.04326852847354538
9.62497091293335,-24.202151816677436,21.69436181359487,1.0963362237145124,1.311504709314741,0.0,-0.04488060181393623
9.649951457977295,-24.18712405511391,21.72358125778809,1.0951962260071004,1.3191470785931905,0.0,-0.04639310841987042
9.6750648021698,-24.171898956923272,21.753100007431176,1.094011902204196,1.326128385936295,0.0,-0.047933184026320165
9.700023412704468,-24.156653352785444,21.7825716483889,1.092796050284832,1.3322914165190625,0.0,-0.049480224038195665
9.725008726119995,-24.14129228293026,21.812176792098516,1.091540106958092,1.337635989703568,0.0,-0.05106048588310314
9.749930143356323,-24.125873000584246,21.8418017228073,1.0902472016914688,1.3422212400324363,0.0,-0.05268567636340857
9.774999380111694,-24.11027446374424,21.871674897082393,1.0889050186377598,1.3461584387449461,0.0,-0.05438560293096882
9.800027132034302,-24.094621400461854,21.901553276449395,1.0875247485637918,1.3495058444907548,0.0,-0.05592416542493155
9.82496190071106,-24.07894518132921,21.931374400472723,1.0861095567100576,1.3523140851729816,0.0,-0.05756904432332031
9.849931478500366,-24.063176740706158,21.961266558602244,1.0846491191147352,1.3545812840257507,0.0,-0.05940521544549881
9.875027418136597,-24.047263087106533,21.991325508396628,1.0831316690951702,1.3563278863576278,0.0,-0.061545059483824736
9.90000319480896,-24.03135854511976,22.021255546559534,1.0815637445300759,1.3575718165886712,0.0,-0.06400223906605317
9.925044775009155,-24.01535343736501,22.05125875512542,1.079926699672017,1.3583576360781993,0.0,-0.06674607494465112
9.949944257736206,-23.999381231661552,22.081080577981485,1.0782339656799615,1.3587476534526726,0.0,-0.06920978048446239
9.975008010864258,-23.98324941582493,22.11107560613099,1.0764652998861959,1.3588025365253127,0.0,-0.07191630431604683
9.999958515167236,-23.967138539802768,22.14090294787876,1.074635545655656,1.3585011072577882,0.0,-0.07474917172584641
10.024970293045044,-23.950938629027792,22.170761627974734,1.0727295883208479,1.357833570684707,0.0,-0.07765526249343327
10.049983501434326,-23.934693229544227,22.20056591552621,1.0707513549615326,1.3568126559382123,0.0,-0.08055128479236914
10.075018882751465,-23.91838203038779,22.230347933880843,1.0686991849946361,1.3554499916743106,0.0,-0.08336593336844125
10.100957870483398,-23.901437688620845,22.261130580899597,1.0665027470910637,1.353707451182973,0.0,-0.085979568483175
10.124976396560669,-23.88571161536257,22.289555481725582,1.0644104029416548,1.3518376258170526,0.0,-0.08828182761372617
10.14994192123413,-23.869317631614575,22.319036940301253,1.0621772372751088,1.3496474901516857,0.0,-0.0905585046633729
10.175065994262695,-23.85278839833193,22.348603549506773,1.0598748579603452,1.3471787533736714,0.0,-0.09274458802026701
10.20004940032959,-23.836312537659577,22.37791461599516,1.0575314420492976,1.3444717186531785,0.0,-0.09484646934784048
10.22501254081726,-23.81981675581667,22.407099089808842,1.0551382907360363,1.3415385893732397,0.0,-0.09689750446565237
10.249969959259033,-23.803289238072498,22.436175329135498,1.0526945804753716,1.3384125891671743,0.0,-0.09891418465038236
10.275027513504028,-23.786663578789216,22.465256595250914,1.0501933422907797,1.3351018245063917,0.0,-0.10070963890434821
10.300003290176392,-23.770060844360778,22.494128683072564,1.0476553392588974,1.3316232997161375,0.0,-0.10250394833595328
10.325031280517578,-23.753397375113995,22.522935290822193,1.0450672098657035,1.3279634089383106,0.0,-0.10433217437194023
10.349931240081787,-23.736789885633808,22.551473382675916,1.0424463820790437,1.324159092551682,0.0,-0.10617606667893668
10.375022411346436,-23.72002683229847,22.58010372726186,1.0397588598863272,1.3201819409562041,0.0,-0.10803007614691512
10.39998745918274,-23.703322541503873,22.60845766445533,1.0370415052681439,1.3161063156981656,0.0,-0.10965348640352149
10.424950122833252,-23.686594638634702,22.636674779981487,1.0342841023152063,1.311925915500872,0.0,-0.11125656540802766
10.449970722198486,-23.6698055639572,22.66481642547491,1.0314811639488084,1.3076249537214633,0.0,-0.11280634440007029
10.479246616363525,-23.650135462635387,22.69755880936132,1.0281541580151834,1.3024516025783628,0.0,-0.11453464212385124
10.50061845779419,-23.635749498721214,22.721348963807067,1.0256930980862216,1.2985928986231923,0.0,-0.11571451784814539
10.525011539459229,-23.619313430931232,22.74836750460641,1.0228556200514187,1.294110473417128,0.0,-0.11690733657903886
10.550015211105347,-23.602447713659206,22.775912873907814,1.019917683499341,1.2894363683577068,0.0,-0.11809473612367849
10.5749990940094,-23.58558225649513,22.803276171621466,1.016953823853895,1.2847038169599536,0.0,-0.11925876171475296
10.59998345375061,-23.568683929078958,22.830510784174024,1.0139581594863472,1.2799149014585387,0.0,-0.12044158723696582
10.625046730041504,-23.55172196143881,22.857664886804656,1.0109237652974072,1.275077318835099,0.0,-0.12170855121585934
10.649998664855957,-23.534815128872165,22.884548248902206,1.0078695297151639,1.2702222149208702,0.0,-0.12307805950822773
10.675018310546875,-23.517847408927697,22.91134519000737,1.0047720960098736,1.2653102787333426,0.0,-0.12453452321018622
10.699942588806152,-23.50092533874798,22.937887102502714,1.001652282645029,1.260266878878767,0.0,-0.12578002755432477
10.724971771240234,-23.483920080833485,22.964375530056962,0.9984880199808185,1.2549782958434952,0.0,-0.12706386110040854
10.749976634979248,-23.466921491330282,22.990669354615996,0.9952951014370304,1.2493731448278853,0.0,-0.1283212373242221
10.775010585784912,-23.449898126431687,23.01681701675441,0.9920677376523457,1.2432333382492624,0.0,-0.1295067737351169
10.800142049789429,-23.43281314924414,23.042873832134248,0.9887992951617509,1.2369513839610045,0.0,-0.13065483107327824
10.825069427490234,-23.4158634173626,23.068540960723876,0.9855284418855699,1.231008960731328,0.0,-0.13178369198547363
10.85000205039978,-23.398901886036143,23.094043370282716,0.9822297760314278,1.2252849810044328,0.0,-0.1327604019406638
10.874963760375977,-23.381916999558733,23.119398380930498,0.9789051175950676,1.2197328875685067,0.0,-0.13359789073603054
10.900009632110596,-23.36486890076648,23.144664834646097,0.9755502544366766,1.2143079691601675,0.0,-0.13430935088606427
10.925024509429932,-23.34783471154915,23.169728572565063,0.9721836575352156,1.2090050141762858,0.0,-0.13490159411517502
10.949965000152588,-23.33083811036742,23.194556544710863,0.9688056673973271,1.2038143243810944,0.0,-0.13598055337554413
10.975004434585571,-23.313761035564625,23.219321088619335,0.9653863317121302,1.1986950176750457,0.0,-0.13710632263905526
11.000478267669678,-23.296377936660562,23.24434359289491,0.9618814219671279,1.1935697192197858,0.0,-0.13808777651652354
11.025017499923706,-23.279619614605142,23.26828985880421,0.9584807024516299,1.1887224568877495,0.0,-0.13909513941400822
11.049980401992798,-23.262555951234386,23.29249459093585,0.9549945407422926,1.1838811394291517,0.0,-0.14019807092298014
11.075042247772217,-23.24541057411699,23.316635010065735,0.9514662236104714,1.1791153752739498,0.0,-0.14137819727410747
11.100023746490479,-23.228302311330644,23.340543559430003,0.9479190726879269,1.1744775026331826,0.0,-0.14259197335347212
11.125048875808716,-23.21114874934023,23.364335721171024,0.9443360352631749,1.1699334260921463,0.0,-0.14379556549548117
11.149932146072388,-23.194070404244133,23.387845305969954,0.940744852875322,1.1654948706281625,0.0,-0.14482996127668823
11.175147294998169,-23.176756842651344,23.41149780972917,0.9370826814352197,1.161094056183805,0.0,-0.14584552539805964
11.200069904327393,-23.159599113432492,23.434758526948773,0.9334335217599895,1.1568531540711207,0.0,-0.14679471828146107
11.225074529647827,-23.142375963325545,23.45792966948253,0.9297524501093889,1.152721586802902,0.0,-0.1476752978400498
11.249938011169434,-23.125219735919323,23.480834149868375,0.926070013639885,1.1487358112103025,0.0,-0.14847149874389423
11.27501893043518,-23.107890180772376,23.50379212609572,0.9223368794980353,1.1448446043229248,0.0,-0.14919675746184619
11.300082683563232,-23.09055135334204,23.52658461581587,0.9185908400017208,1.141072483438287,0.0,-0.14981552956325234
11.324992895126343,-23.073281287700905,23.54911123364589,0.9148511352667298,1.1374255610532393,0.0,-0.15037478040249463
11.3499596118927,-23.055946421481952,23.57154760498271,0.9110901725090542,1.1338860372477917,0.0,-0.15090940626325708
11.375043392181396,-23.038499420296194,23.59395370284338,0.9072980629911819,1.1304541863811974,0.0,-0.1514597010741183
11.399953842163086,-23.021137554197416,23.616077149305948,0.9035173268813763,1.1271926090612525,0.0,-0.15205187731313288
11.425003290176392,-23.003647343051345,23.638190660914187,0.8997005292477669,1.124061501758399,0.0,-0.15271088088200033
11.450037002563477,-22.986133325351496,23.660161105072284,0.8958711153694118,1.1210470969767108,0.0,-0.15327997813206015
11.475206851959229,-22.968547557351137,23.682048566432417,0.8920191142172625,1.1181309489164042,0.0,-0.15392085922894355
11.500489950180054,-22.950712892871334,23.704070112546233,0.8881040747128414,1.1153104913394425,0.0,-0.15464309845794869
11.524968147277832,-22.933465726525725,23.725199160983717,0.8843085224104574,1.112718307084119,0.0,-0.15541056851899285
11.550059080123901,-22.91575315150195,23.746728543151487,0.8803996836194415,1.1101944044948995,0.0,-0.15625489884757932
11.575138330459595,-22.898021067486642,23.768110391561525,0.8764750133546071,1.107816200850028,0.0,-0.15712176056480054
11.600063562393188,-22.880308907889518,23.789298294442034,0.8725446734206694,1.1055695739291038,0.0,-0.15788811993830182
11.624995231628418,-22.862559744412945,23.81036131206581,0.8685976480970861,1.1034331170437923,0.0,-0.15865644067781315
11.650089263916016,-22.844647876510397,23.831446997589847,0.8646064148829369,1.1013965914637256,0.0,-0.1594154762425702
11.675015211105347,-22.826807753112302,23.852279323410652,0.8606239435546099,1.0994891188362135,0.0,-0.16015490353924955
11.70000696182251,-22.80886726469265,23.873060146130587,0.8566124430082902,1.0976911706328782,0.0,-0.16089416426699224
11.725006580352783,-22.790864839080403,23.893743961353337,0.8525807853393819,1.0960073530301222,0.0,-0.16164140226598486
11.749986171722412,-22.772820873585562,23.914307196669835,0.8485347922860005,1.0944269384563872,0.0,-0.1623091197363873
11.775402069091797,-22.754399569126708,23.935128053329674,0.844400145181906,1.09291212851107,0.0,-0.16300697708841036
11.800007104873657,-22.736510731248426,23.955181739114412,0.8403808118039781,1.091561176510954,0.0,-0.16371864946655723
11.825004816055298,-22.71827420980419,23.97545882178183,0.8362781518984402,1.0903050044435012,0.0,-0.16451655390446213
11.850001096725464,-22.699988461670387,23.995623273400874,0.8321574701074729,1.0891452956869117,0.0,-0.16540759327564394
11.875019788742065,-22.681597895613958,24.01573548543644,0.8280042333481655,1.0880676184321885,0.0,-0.1663923251683609
11.899970293045044,-22.66320264839387,24.035685599801376,0.8238414242731176,1.0870696192541762,0.0,-0.16727838512449494
11.9249906539917,-22.644691232949334,24.055594077741095,0.8196441998190458,1.0861525460505645,0.0,-0.16825657770154406
11.94994592666626,-22.62615600597403,24.075360841795174,0.8154317525266546,1.0853269347527028,0.0,-0.16930972356700744
11.975028991699219,-22.607458350656543,24.095132289138885,0.8111711031873418,1.0846042584776998,0.0,-0.17043697047440715
12.000021934509277,-22.58875546566869,24.114740972892562,0.8068970551474377,1.0840012772332752,0.0,-0.1716081552631084
12.024969339370728,-22.570009898781525,24.134226553278612,0.802602261269046,1.083493794493519,0.0,-0.17267557850805063
12.049931049346924,-22.551178929713508,24.153632826748293,0.7982782719238313,1.0830550252771909,0.0,-0.17376770337860106
12.075171709060669,-22.532062927063123,24.173161686799972,0.7938790896911436,1.0826744317933399,0.0,-0.17487002738115962
12.09999394416809,-22.513180403654246,24.192283870973824,0.7895245969542817,1.0823800743861443,0.0,-0.17594257364880755
12.125054359436035,-22.49404220382877,24.211495618274938,0.7851026860030477,1.0821765432013453,0.0,-0.1770196351694401
12.149967908859253,-22.47493078850052,24.230511523920555,0.7806791132923218,1.082052567045768,0.0,-0.178082764272599
12.175233125686646,-22.455469437070047,24.249703351479784,0.7761671519972515,1.081987618970446,0.0,-0.17914875728641025
12.20001745223999,-22.4362888161254,24.268449490266367,0.7717145748059994,1.0819962652035775,0.0,-0.18010894729636592
12.225018978118896,-22.416857965153305,24.28727058801004,0.7671995519082091,1.0820860369082226,0.0,-0.18108449978064356
12.25000524520874,-22.39735081835599,24.305995206613378,0.7626624334553901,1.0822372901749318,0.0,-0.18207870596374884
12.275035858154297,-22.37771980061997,24.32466770767934,0.7580916667428231,1.082453876705517,0.0,-0.1831167056547625
12.300057888031006,-22.358008063653845,24.343245654469545,0.7534956580754419,1.082744063835433,0.0,-0.18426823866167338
12.325005769729614,-22.338259851945125,24.361687047721002,0.7488847709050922,1.0830910529884,0.0,-0.1853263113711213
12.349916219711304,-22.31844813975712,24.380016982785808,0.7442447237365959,1.0834777785688652,0.0,-0.18713697955148564
12.374956846237183,-22.29844602748056,24.39835032431979,0.7395383945070187,1.0839148202189726,0.0,-0.18880740158506668
12.40004301071167,-22.27831217531191,24.416629816016506,0.7347769136756068,1.0844123783854407,0.0,-0.1908527984360844
12.424945831298828,-22.258223794461898,24.43469392205332,0.7299946761107997,1.0849623411500322,0.0,-0.19316249079178652
12.449937582015991,-22.2379673444024,24.45273333004678,0.7251359242298802,1.0855588251558002,0.0,-0.195637870412677
12.474982261657715,-22.21757174923065,24.47071842730519,0.7202052177868542,1.086192178717372,0.0,-0.1981550040523611
12.499979019165039,-22.197111472238344,24.488581061387347,0.7152230117363926,1.0868552908988764,0.0,-0.20045946889623417
12.52495789527893,-22.176566214277493,24.506337332389833,0.7101877764095178,1.0875581660618043,0.0,-0.20273399874773773
12.550002336502075,-22.15586109628321,24.52404916674617,0.7050827489487145,1.0883065560065908,0.0,-0.20493597207560815
12.575030326843262,-22.13506838687807,24.54165201424535,0.6999283034459515,1.0891010615956822,0.0,-0.20703149246095975
12.600000858306885,-22.11421206989054,24.559124235219887,0.6947335430923854,1.0899466482365443,0.0,-0.20901274779114748
12.625021696090698,-22.093207311721144,24.57653487789917,0.6894802777398449,1.0908395834193754,0.0,-0.21090108663020576
12.649970293045044,-22.07215399580154,24.59379944705493,0.684196833345842,1.091767779698764,0.0,-0.21263852311773088
12.675289154052734,-22.050676314722416,24.61122087276665,0.6787915185218086,1.0927345789599212,0.0,-0.21433492262767065
12.70003342628479,-22.0295782827849,24.628147514525402,0.6734683867266277,1.0936260743514663,0.0,-0.2159351630884634
12.725016832351685,-22.008165962282252,24.64513815338132,0.6680534043213592,1.0944209347542475,0.0,-0.21752025553485285
12.749937295913696,-21.986703855744913,24.661979280412233,0.6626134147260109,1.0949878987973856,0.0,-0.21906286227126887
12.775033473968506,-21.964993955484598,24.67882352759167,0.6570980545985675,1.095102887279285,0.0,-0.220527858807931
12.80000114440918,-21.9433003004009,24.69546418370966,0.6515759599691163,1.0947318374348143,0.0,-0.2217565751621632
12.825023651123047,-21.921479611083917,24.71201097988626,0.6460122909719802,1.0943666811873862,0.0,-0.2229906961915322
12.849973440170288,-21.899629419119538,24.72838919348492,0.6404319944147263,1.094355855971583,0.0,-0.2242820779703305
12.875179529190063,-21.87747109619802,24.744804564184843,0.6347654101113351,1.094634779164691,0.0,-0.22552689622517186
12.900044679641724,-21.85549729188693,24.760891897768307,0.6291413112694857,1.0951464567348446,0.0,-0.22669739340948927
12.925001859664917,-21.833345217836325,24.77691835298286,0.6234694195187656,1.0958445893726632,0.0,-0.22781406779374538
12.95001745223999,-21.81103941727845,24.792863406793526,0.6177582592949787,1.0966892236184445,0.0,-0.22887556625560437
12.974951982498169,-21.788696865736775,24.808642538091053,0.612036074080305,1.0976497021313312,0.0,-0.23018000503844538
13.00118088722229,-21.76506646760623,24.825123492744083,0.6059804551251782,1.0987832638912607,0.0,-0.2314911767875225
13.025020599365234,-21.743481663076356,24.839992583182124,0.6004480459347735,1.0999124247109953,0.0,-0.2325996034366648
13.050040483474731,-21.720723524118455,24.85548001483823,0.5946167305798068,1.1011783428003477,0.0,-0.23366114788972378
13.07510232925415,-21.697804244535,24.87088171980952,0.5887491189234582,1.1025140029091332,0.0,-0.2346024897725042
13.100088357925415,-21.67483170569964,24.886124208262657,0.5828752095982556,1.1038980094928486,0.0,-0.23549339465788696
13.127476453781128,-21.649517847100864,24.9026962318458,0.5764137255040694,1.105477059967426,0.0,-0.23634170461326193
13.150278329849243,-21.62833540200866,24.916384847259753,0.5710180917587622,1.1068452506765705,0.0,-0.2369583966734758
13.175065755844116,-21.60518942069721,24.931157997304332,0.5651361680854888,1.1083804616208346,0.0,-0.2375635094855258
13.200125932693481,-21.581677633206045,24.945969455308273,0.5591774444891695,1.1099702194725591,0.0,-0.23812500300789582
13.225039005279541,-21.55817192748698,24.960582464418795,0.5532373594311308,1.1115804563502079,0.0,-0.23865435453522382
13.250020027160645,-21.534485957181083,24.97511272479731,0.5472692980832378,1.1132274844565582,0.0,-0.23917560353954487
13.27496337890625,-21.510706994758273,24.989505327644757,0.5412955079718258,1.114912169047411,0.0,-0.23969520269072256
13.29996395111084,-21.486755283097505,25.003807271327574,0.5352957893125679,1.1166359472886174,0.0,-0.24023995914027266
13.32509160041809,-21.462569729681224,25.018052022883946,0.5292541937514632,1.1184020777431034,0.0,-0.24083545296883654
13.350011110305786,-21.43844780290559,25.03206420999947,0.523243819745255,1.1201900130932676,0.0,-0.2414763528255384
13.375062227249146,-21.414078247189227,25.046024269697323,0.5171867077317034,1.1220161808481066,0.0,-0.24210392904502412
13.400070428848267,-21.389627933149526,25.059834488290488,0.5111243259545217,1.123860455912937,0.0,-0.24275655353523976
13.425025224685669,-21.365101992364632,25.0734918977411,0.5050575245098223,1.1257211201788904,0.0,-0.24340996563495285
13.450029850006104,-21.340408219168257,25.087046719953054,0.49896358652677114,1.1276133803466617,0.0,-0.2440572451603488
13.475346803665161,-21.31557181106606,25.100483205473292,0.4928491764245753,1.129535520455925,0.0,-0.24468493853281573
13.500118494033813,-21.290563463474317,25.11381525920598,0.48670785404568273,1.1314790450195626,0.0,-0.24527811394087357
13.531222581863403,-21.25936541776985,25.130172029753282,0.4790691348150773,1.1339213553887362,0.0,-0.24597218971842444
13.550264596939087,-21.240163058566488,25.140089184252776,0.47438015730369343,1.1354367756906756,0.0,-0.2463902715489137
13.57498574256897,-21.215130209025872,25.15284697275457,0.46828213104345007,1.137418929463871,0.0,-0.24690922110604777
13.600504159927368,-21.189168792886537,25.165875790496525,0.46197553737405794,1.1394772149386814,0.0,-0.24743758684049474
13.625085592269897,-21.164036698934407,25.178294026291912,0.45588694175739064,1.1414664771163667,0.0,-0.2479732138286748
13.649977207183838,-21.138457932306842,25.190738322801053,0.44970554300385945,1.1434886238819526,0.0,-0.2485661078515565
13.675155639648438,-21.112468420561314,25.203183013291994,0.4434391348594526,1.1455469655706692,0.0,-0.2492243447179291
13.70023512840271,-21.086455423360768,25.215439287925673,0.43718065725335997,1.1474918294493683,0.0,-0.2498382555578846
13.72499704360962,-21.060659285842238,25.227397698939743,0.4309869311827611,1.1492239700090305,0.0,-0.25046534127997944
13.750061511993408,-21.034438387999646,25.239354837398356,0.4247022220153138,1.1506840148809927,0.0,-0.25109476330739083
13.775077819824219,-21.008156343800195,25.251140827538002,0.4184125335624991,1.1516363500909796,0.0,-0.2516475065609596
13.80001711845398,-20.98186453807873,25.26273323122258,0.4121293581205989,1.1524324563011576,0.0,-0.25217538028696895
13.824995517730713,-20.955441336292346,25.274185457797774,0.4058232481345797,1.1534936980464516,0.0,-0.25276519173420936
13.849953174591064,-20.928938583951787,25.285474012442364,0.3995067659455998,1.154798261443028,0.0,-0.2533758392641295
13.874998569488525,-20.902243980378678,25.29664503449724,0.3931537763917102,1.1562956236817237,0.0,-0.25400061349741626
13.89999532699585,-20.875495224215392,25.307639499410975,0.38679759461888663,1.157932492656445,0.0,-0.25462888835217923
13.924992322921753,-20.848627422781146,25.318483499015432,0.3804232414902943,1.1596867840790592,0.0,-0.25525903285470564
13.94993543624878,-20.821714896597264,25.329146568734284,0.3740495732285519,1.1615317855363452,0.0,-0.2558183661665267
13.975053548812866,-20.794503152891036,25.339727134520068,0.3676194949264692,1.1634554526019052,0.0,-0.2562257580090135
14.000011444091797,-20.767346638092583,25.350086162001,0.36121868963092885,1.1654103359994576,0.0,-0.2566415785675763
14.024996995925903,-20.740056845442638,25.360296216602716,0.35480600322383965,1.1673981988348672,0.0,-0.25677514016607
14.050721645355225,-20.711920973453637,25.37061488093344,0.34822292205366023,1.1694819815093402,0.0,-0.2565608938471181
14.074995517730713,-20.68509467728786,25.38025854052301,0.3419807122008253,1.1714956471869662,0.0,-0.2560440149364457
14.099985837936401,-20.657461730470082,25.389995548025926,0.33559281490748394,1.1735763298775759,0.0,-0.25525025276010826
14.125335216522217,-20.62934620328804,25.39970014959763,0.32914196848297833,1.175711312721016,0.0,-0.25427186455611833
14.149967432022095,-20.601853602631458,25.408994647533817,0.32288400863728545,1.1778252832597995,0.0,-0.2532293568612468
14.174993753433228,-20.57384472750898,25.418267730892754,0.31655801064135075,1.1799960410899029,0.0,-0.25231310547236374
14.200058937072754,-20.54568286272865,25.427394410685306,0.31024602878891816,1.1821753714688588,0.0,-0.2513360253218724
14.22528862953186,-20.517229605923536,25.4364172216825,0.30391849313383,1.1843797182025542,0.0,-0.2503263029373841
14.250318050384521,-20.48888934114116,25.445208395054905,0.2976653654677395,1.1865903149925758,0.0,-0.2493267801064105
14.276614904403687,-20.458997096644094,25.454271734562546,0.2911218893348284,1.18892701941179,0.0,-0.24830655940794089
14.300057411193848,-20.432251679254534,25.462200904165464,0.2853100617843838,1.1910172268351678,0.0,-0.24752704683487722
14.32497763633728,-20.403715737703447,25.470475411539866,0.2791507792029569,1.193223349616863,0.0,-0.24673351750223577
14.350006103515625,-20.3749581063983,25.478622427558232,0.2729851580336715,1.1954303517943194,0.0,-0.245999866201621
14.375032186508179,-20.346099926161877,25.4866063369467,0.26683753196755383,1.1976504140293696,0.0,-0.24533719159083492
14.400017261505127,-20.31717955633265,25.494416752873104,0.2607139661485022,1.199872256046739,0.0,-0.24475224838119092
14.425015926361084,-20.288151784625256,25.502065965055166,0.2546027219294283,1.20209432012801,0.0,-0.24424201570184534
14.449938297271729,-20.25910510192962,25.50953107451782,0.24852007452325403,1.2043087450871253,0.0,-0.2438193959910448
14.474946737289429,-20.22986221889371,25.516857120982188,0.24242710233494302,1.2065269731588018,0.0,-0.24343699561297397
14.500230550765991,-20.200200404589786,25.524095444765553,0.2362773215777791,1.2087647785208724,0.0,-0.24304838979315227
14.525024652481079,-20.17101702298695,25.53102913297993,0.23025682348477344,1.2109628583934373,0.0,-0.2426179411678117
14.549999475479126,-20.14152086811899,25.537849274772356,0.22420340403405625,1.213171828987971,0.0,-0.24209137506403158
14.5755615234375,-20.111547764501434,25.544587816657508,0.2180866962923498,1.2153884246391349,0.0,-0.24144230710308948
14.599985122680664,-20.0822100662647,25.550997759015928,0.2121330527122571,1.2175329019829109,0.0,-0.24090260407644132
14.62526273727417,-20.052080851291894,25.55739093544964,0.20605282239957795,1.2197100994432346,0.0,-0.2402319665178181
14.64996075630188,-20.022552155875804,25.563471710899076,0.20012940743759877,1.2218184483824204,0.0,-0.23946856013298976
14.67501187324524,-19.992507604997158,25.569472400044358,0.19414093129897078,1.223934913212865,0.0,-0.2385760083769481
14.700034141540527,-19.962414413527043,25.57529610525925,0.1881836126751528,1.2260316107999454,0.0,-0.23758947709402303
14.724986791610718,-19.932318336990512,25.58093521924513,0.18226789610776586,1.2279477025942431,0.0,-0.2365156353949919
14.749963521957397,-19.902122140276152,25.586408731154286,0.1763733904922693,1.2294733642735587,0.0,-0.23549717310554008
14.77496862411499,-19.871824804154567,25.591716621715186,0.17049871088824592,1.2304745405066169,0.0,-0.23433245110461381
14.799946784973145,-19.841510588582185,25.596844678406217,0.16466103885904335,1.2308893567257402,0.0,-0.2330173418819557
14.82501482963562,-19.811063828446812,25.601812753605117,0.1588391648864959,1.2311566672671068,0.0,-0.23161725422242765
14.849942922592163,-19.780734943885236,25.606581446937813,0.15307732808522834,1.2317250317639548,0.0,-0.2305981933959155
14.875255346298218,-19.749900787197916,25.61124672459125,0.14725444248284622,1.2325850478658258,0.0,-0.22953750996913452
14.90006709098816,-19.719631284186494,25.61564861053341,0.14157167204286772,1.2336096267623486,0.0,-0.2286436035919708
14.924979209899902,-19.68917521250858,25.619900971973053,0.13588434452977288,1.234772923927054,0.0,-0.227869927268827
14.950803756713867,-19.657549189556068,25.62413041406124,0.13000800269794033,1.2361213992797717,0.0,-0.22718789564260772
14.975052833557129,-19.627804598939676,25.627936279188983,0.12451975329965861,1.237517155130335,0.0,-0.2255378559967935
14.999977827072144,-19.597165826194004,25.63168402926991,0.11892082946534172,1.2390062226295375,0.0,-0.2236727851045563
15.0250403881073,-19.56630708087879,25.63528373168704,0.11334103322783343,1.2405463956493012,0.0,-0.22165305548182726
15.050080060958862,-19.5354185138165,25.638713169560084,0.10781418193557003,1.2421549436626311,0.0,-0.21985986117631517
15.075082540512085,-19.50450653730337,25.64197317451366,0.10234003087483569,1.2438112284407703,0.0,-0.21794717148691964
15.100071907043457,-19.473556089889225,25.645066836486574,0.0969183492877809,1.2454552267381436,0.0,-0.21594221895972887
15.125066995620728,-19.442546163588933,25.647997512978485,0.0915470392510675,1.2470872742806909,0.0,-0.21388165410349935
15.149986267089844,-19.4115739628525,25.650757915370907,0.08624327859327414,1.248735652973972,0.0,-0.21182155510349232
15.175336122512817,-19.38000875794788,25.653401869940236,0.08089982229728739,1.2504251763267904,0.0,-0.20976715551174563
15.199969291687012,-19.349275380177758,25.655813918745967,0.0757536077152486,1.2520722562825262,0.0,-0.2079834512798043
15.225138187408447,-19.317874422277175,25.658114912939727,0.0705490921238238,1.2537012037573387,0.0,-0.20622181140751583
15.249985694885254,-19.28672613651407,25.66023593267631,0.06543748164704008,1.2552735529845849,0.0,-0.20456324488655947
15.275019645690918,-19.255342407135064,25.662212038983082,0.06033609030872016,1.2568592828664162,0.0,-0.20297346384549922
15.300275087356567,-19.223636114225847,25.664046044687094,0.055229871863596534,1.2584588435396877,0.0,-0.20143548084286522
15.325048446655273,-19.192485530002756,25.665690449194255,0.050256573807246026,1.2600295498434868,0.0,-0.20009010733963245
15.349963188171387,-19.161105811629866,25.667190558694458,0.04528731017895753,1.261595322089181,0.0,-0.19877591563173716
15.374968528747559,-19.129568967701022,25.668541380404804,0.040333004626915726,1.263136267311762,0.0,-0.19748478577810102
15.40023136138916,-19.097666817111566,25.669749258794756,0.0353613354282812,1.2646597165556934,0.0,-0.1961672321926166
15.425086259841919,-19.066234253139093,25.670784670540293,0.03050295815412407,1.2660747578753886,0.0,-0.1947833342930306
15.450213432312012,-19.034413855407994,25.671677831609127,0.02562716231517486,1.2674080220578332,0.0,-0.1932653673769471
15.475029230117798,-19.002951250187312,25.672408966879217,0.020847313392169435,1.2686621669557097,0.0,-0.1919139264773482
15.500199317932129,-18.971254906268822,25.67299403107448,0.016072125503761907,1.269870070287172,0.0,-0.19046103264165812
15.52494502067566,-18.93957317689815,25.67342819086283,0.011340655895964795,1.2710283329459762,0.0,-0.18897028371096733
15.550086975097656,-18.90761188506561,25.673714944742013,0.006609718516413754,1.2721328492043578,0.0,-0.18745499544934638
15.575137376785278,-18.875767278058973,25.6738509361305,0.0019381393111427001,1.2731594029368398,0.0,-0.18593361050188112
15.600082397460938,-18.843959527716414,25.67383892657309,-0.0026863614900221188,1.2741162447753362,0.0,-0.1844121669925368
15.624990940093994,-18.812208281367052,25.67368088411011,-0.007261891461919708,1.2750154263436217,0.0,-0.18292689905539547
15.649921178817749,-18.780406696684484,25.67337757707648,-0.011806399839719534,1.2758746236930532,0.0,-0.18158333237220678
15.674952745437622,-18.748465231030146,25.672928013703608,-0.016335024561800283,1.2766599888087788,0.0,-0.18027596273330213
15.700918912887573,-18.715409101604326,25.67231099447715,-0.020986541311056147,1.277359524736965,0.0,-0.1790517900551714
15.725067377090454,-18.68447487957507,25.671594695976175,-0.025312455924736094,1.2779223480605708,0.0,-0.17818880129303238
15.749987125396729,-18.652634969523902,25.670717905482675,-0.029745955775769446,1.278389538427096,0.0,-0.1776257612707357
15.775065898895264,-18.620583435018773,25.669692802765883,-0.03419641192614689,1.2787326064677293,0.0,-0.17725690653611365
15.800082683563232,-18.58861403884087,25.668528215223112,-0.038626214871340124,1.2789702989115639,0.0,-0.17691307121865757
15.825322389602661,-18.556349038572108,25.667209194477945,-0.04308848944728162,1.279121977538134,0.0,-0.17657752405333538
15.850327730178833,-18.524404159254587,25.665761308210847,-0.047496385118567554,1.2791641257844149,0.0,-0.17606381525042483
15.875131607055664,-18.492740293915688,25.664187119207273,-0.05184962575503831,1.2790853631563737,0.0,-0.1752177714177738
15.900016784667969,-18.46093075094,25.66246688564093,-0.056198439316058224,1.2789005006027057,0.0,-0.17398472394740874
15.925066232681274,-18.42895868800576,25.66059853480231,-0.060536428524833645,1.2786329720400307,0.0,-0.17243214943297921
15.949997901916504,-18.397146197757525,25.658601911521448,-0.06481794745618098,1.2783095888854625,0.0,-0.17102108717278278
15.97504472732544,-18.365204806328844,25.656460144578073,-0.06908104729358529,1.2778946027202345,0.0,-0.1693819230258309
16.003363370895386,-18.329110260622343,25.653876056490297,-0.07385045434511799,1.2772845847972825,0.0,-0.16738903029677957
16.025038242340088,-18.30151681480131,25.651784386712308,-0.07746116941398482,1.2767300224253224,0.0,-0.16585844550317855
16.050017595291138,-18.2697343774882,25.64925153822555,-0.08158250292417384,1.2759808066018492,0.0,-0.16411425014064324
16.07508635520935,-18.2378690689213,25.64658033418933,-0.08567588042205986,1.2751046008652533,0.0,-0.162450012000353
16.100056171417236,-18.206166640799644,25.643792967049222,-0.08971292084614257,1.274130454391266,0.0,-0.16092672983883954
16.124972820281982,-18.174557045462073,25.64088582644902,-0.09370610974106552,1.2730743931906656,0.0,-0.15950553937617898
16.150043487548828,-18.142800084120704,25.63783738121669,-0.09768843875781615,1.2719104387097993,0.0,-0.15817606405569445
16.175019025802612,-18.11120960594415,25.63467867322354,-0.10162301943876569,1.2706382959691433,0.0,-0.15692635763615015
16.200018167495728,-18.07962952976229,25.63139588328455,-0.1055311897337533,1.269266885847352,0.0,-0.15571351322185253
16.22504234313965,-18.048071642491877,25.627991114020404,-0.10941240640475094,1.2678081707895994,0.0,-0.154514278624204
16.250036239624023,-18.016598217311188,25.624472360660203,-0.11326059414312482,1.266279456459069,0.0,-0.1534050012367632
16.27502965927124,-17.98517976848862,25.62083773280014,-0.11708065347080544,1.2646803703862488,0.0,-0.15228713634421115
16.30001711845398,-17.953821027417035,25.617089019516992,-0.12087193286710618,1.2629625659752244,0.0,-0.15114544754772125
16.3251850605011,-17.922295357508705,25.613199091527264,-0.1246614676440393,1.261086215243512,0.0,-0.14997396815110253
16.350035667419434,-17.89123953672983,25.609248835368437,-0.12837300561066398,1.2590801700963672,0.0,-0.14880877872896411
16.375048875808716,-17.86003996616397,25.6051626319268,-0.1320804128952552,1.256899482421472,0.0,-0.14763089129355778
16.400024890899658,-17.828957477284895,25.600975036636108,-0.135753843536553,1.2545906559599285,0.0,-0.14652807645130975
16.424999952316284,-17.79794693076307,25.596681525015118,-0.1393999958123036,1.252170456088049,0.0,-0.14542686097555874
16.450006008148193,-17.766979644985927,25.59227923896721,-0.14302281016191043,1.24959198464207,0.0,-0.14433756326828517
16.475579500198364,-17.73538819610765,25.587670512255773,-0.14670056285656818,1.2467652080259652,0.0,-0.14323503801198076
16.500006914138794,-17.70530023436024,25.58317100068343,-0.1501868256582366,1.2439155931531187,0.0,-0.14218431242979152
16.525031566619873,-17.674571219941658,25.578465128112256,-0.1537309219586002,1.24083936643985,0.0,-0.14109019022403516
16.55823302268982,-17.633941902877595,25.5720723569032,-0.15839273688072594,1.2365232973277522,0.0,-0.1397090864204552
16.57497787475586,-17.613516883052785,25.568785394643264,-0.1607263850860637,1.2342651788675618,0.0,-0.13900361742347284
16.600034952163696,-17.583046498114587,25.56379109711894,-0.16419460121639842,1.2307876635921975,0.0,-0.1378808867281905
16.625017404556274,-17.552759908446564,25.558719585463965,-0.16762509242529128,1.2271842629592071,0.0,-0.13670549450734293
16.64995765686035,-17.522636373370332,25.553569638789796,-0.17101937932166258,1.2234484692439025,0.0,-0.1354808599143396
16.675023317337036,-17.49247315290302,25.548307688163288,-0.17439956762644238,1.2195695683575698,0.0,-0.134219434876992
16.70000958442688,-17.462521461752278,25.542978899499115,-0.17773828526476537,1.2154765910619592,0.0,-0.13301966404280494
16.724976301193237,-17.432715716014652,25.53757385977109,-0.18104403563944343,1.211098870388907,0.0,-0.13179331429204513
16.750030755996704,-17.40293878015537,25.532072615443308,-0.18433006803120985,1.2063405168783732,0.0,-0.1305445250529244
16.775042057037354,-17.373348555373806,25.526505814049855,-0.18757942458013216,1.2011634967267606,0.0,-0.12927104577015777
16.800010204315186,-17.34395770930247,25.520878156160254,-0.19079087087488034,1.1958666277913186,0.0,-0.12797276966898938
16.82503056526184,-17.314653655556313,25.515169898670152,-0.19397563995005135,1.1906500582015611,0.0,-0.12661031717126547
16.85004472732544,-17.28551603473936,25.509398222042318,-0.1971251689007795,1.1855034009561443,0.0,-0.1253374050022718
16.87502145767212,-17.256540176417996,25.503564185764773,-0.2002419274362644,1.1804092883893922,0.0,-0.12414393831229983
16.900037050247192,-17.227668238780307,25.49765775633758,-0.2033338643997046,1.1753206476050944,0.0,-0.12301649501053158
16.92497682571411,-17.19902818456445,25.49170700153932,-0.20638887794304903,1.1702333145487729,0.0,-0.12195082406745873
16.950006246566772,-17.170437324011857,25.48567552783741,-0.20942867371563795,1.1651033330193252,0.0,-0.12099684157474441
16.97503113746643,-17.141988136488667,25.479583896068082,-0.21244584687274887,1.1599421239233443,0.0,-0.12012033111294337
17.000030755996704,-17.113714189507874,25.473440879080673,-0.21543828353076705,1.1547637528173025,0.0,-0.11927689879430636
17.025031089782715,-17.08559021085035,25.46724257140444,-0.21840941709194678,1.1495696459695384,0.0,-0.11845752972774376
17.0499267578125,-17.05771361214164,25.46101233859423,-0.22134907868021814,1.14436357283644,0.0,-0.11762012014669605
17.075084924697876,-17.029712749399742,25.454667748121608,-0.22429556172219006,1.139070385408229,0.0,-0.1167218483312524
17.100069761276245,-17.00203330183754,25.448310783373586,-0.22720070623388516,1.1337949304917119,0.0,-0.11577838478180791
17.12498450279236,-16.97458129601369,25.441922505997336,-0.23007342261569214,1.1285362557811136,0.0,-0.11480302094842927
17.149951934814453,-16.94722043291719,25.43547278911199,-0.23292809798435604,1.1232734664782145,0.0,-0.1138709118022974
17.17497944831848,-16.919939507600922,25.428959893894636,-0.2357660365693715,1.1180007698466279,0.0,-0.11290858848827529
17.20008087158203,-16.892727137819904,25.42238191337472,-0.23858775267744298,1.1127129370641302,0.0,-0.11192466243208589
17.224958181381226,-16.865897422130338,25.415816943789054,-0.24136041969427008,1.1074823198956978,0.0,-0.11094304349503409
17.25001311302185,-16.839035025897157,25.40916507197181,-0.24412687186159127,1.1022418844641868,0.0,-0.10995647770339895
17.27503538131714,-16.812342944451572,25.402477337100827,-0.24686604918706426,1.0970352427105579,0.0,-0.10896994878150218
17.300086975097656,-16.78577048254837,25.395742470944217,-0.24958369113037457,1.091850110176463,0.0,-0.1080328085740069
17.324931859970093,-16.75954388970066,25.389019977675478,-0.25225714833287516,1.086734345595425,0.0,-0.10709136513493978
17.349908113479614,-16.7333327070398,25.382226855822672,-0.2549196668356141,1.081621455127921,0.0,-0.10612546021959876
17.37502145767212,-16.707122452555513,25.37535959300569,-0.25757180701776905,1.0765099720674298,0.0,-0.1051200361351826
17.40002751350403,-16.68116146063455,25.368484513895613,-0.2601873955867095,1.0714632417391299,0.0,-0.10407924144942027
17.425018310546875,-16.65535420674036,25.36157824577315,-0.26277514122724954,1.0664631333167343,0.0,-0.10300881255781362
17.449954748153687,-16.629741297557832,25.354653347685378,-0.26533131919663844,1.061512950791051,0.0,-0.10200390148804837
17.475012063980103,-16.60414197478845,25.347662033646007,-0.26787433347534456,1.0565853475795104,0.0,-0.1009734312541403
17.500087022781372,-16.578665680774705,25.34063498853143,-0.2703927436692394,1.0517077598831,0.0,-0.09993618021256657
17.52499747276306,-16.553482599471636,25.33362108824201,-0.2728696884368298,1.0469217626579876,0.0,-0.09891220898311241
17.54995059967041,-16.5283885604337,25.326565249954122,-0.27532548538726187,1.0421935671513463,0.0,-0.09790513769551357
17.57500910758972,-16.503324032614234,25.319451443902683,-0.2777667064115499,1.0375117147343815,0.0,-0.09695718403089926
17.600013971328735,-16.478440753506586,25.31232377965659,-0.28017944948163254,1.0328994081025111,0.0,-0.09603422371933097
17.625046730041504,-16.45365780731949,25.305160380354135,-0.28257209083850554,1.028337848708908,0.0,-0.09514040215520726
17.649968147277832,-16.429104136313953,25.297999977582755,-0.2849328649750322,1.0238486670542808,0.0,-0.09428257547134464
17.67501950263977,-16.404552613030877,25.290777394613745,-0.2872842069884756,1.0193909911110561,0.0,-0.0934478824096883
17.700015544891357,-16.380176158909432,25.28354433237103,-0.2896100042460447,1.0149270060356477,0.0,-0.0926314462181517
17.725141763687134,-16.355799558072878,25.27624960985092,-0.2919273627122234,1.010270960839689,0.0,-0.0918127994799748
17.749967575073242,-16.331846837588376,25.26902184349151,-0.2941967528696141,1.0053644876823011,0.0,-0.09101595678233891
17.775017976760864,-16.307818912159846,25.26171185000325,-0.2964660889503615,0.999955667434749,0.0,-0.09017894981632714
17.80027484893799,-16.28374467633652,25.2543280752982,-0.298732471677763,0.993951938344662,0.0,-0.08927989755124485
17.82502031326294,-16.260316289688955,25.24708513156617,-0.3009305136364754,0.9879485847425998,0.0,-0.0883663941168923
17.849947929382324,-16.23686967542537,25.23978012692952,-0.30312285700650804,0.9822896133832136,0.0,-0.08751980007801338
17.8750262260437,-16.213435494477192,25.232422696660844,-0.30530739686480185,0.9770569888842945,0.0,-0.08674455007045713
17.89998435974121,-16.190239113785236,25.225084578958374,-0.307463926066176,0.9722146652520035,0.0,-0.08603696669845134
17.92504906654358,-16.167079019695407,25.217703069301958,-0.3096119197977004,0.9676512540200238,0.0,-0.08538135893074046
17.950031757354736,-16.14411602727766,25.21033029731101,-0.31173711510006374,0.9633665467216783,0.0,-0.0847766969094991
17.975024223327637,-16.121254261433506,25.20293659367328,-0.31384554512791357,0.959321424712733,0.0,-0.08394025583628989
18.000020503997803,-16.098497911658377,25.19552420184691,-0.3159338393332125,0.955495103097987,0.0,-0.0831383514740519
18.024987936019897,-16.075874890145688,25.188103226252377,-0.31799996814315606,0.951858802324343,0.0,-0.08238056616266004
18.049935340881348,-16.05336444406702,25.180667873532045,-0.3200467267832483,0.9483838134019564,0.0,-0.08168105277611613
18.07504391670227,-16.03081591992257,25.17316878353386,-0.3220886836416682,0.9450489000155057,0.0,-0.0810233592791605
18.10009527206421,-16.008405146402914,25.165664898527172,-0.32411068358351397,0.9418843127135718,0.0,-0.08041517414542837
18.124987602233887,-15.986220621236425,25.15818718476061,-0.32610565531741614,0.9389001005144151,0.0,-0.07985725854415461
18.150015354156494,-15.964002252851577,25.150648706070104,-0.32809774991570506,0.936071467185873,0.0,-0.07933897576966942
18.175081729888916,-15.94182995398767,25.14307668886977,-0.3300804262284109,0.9334162068028276,0.0,-0.07886234465205641
18.200103998184204,-15.919770094721933,25.135494382587172,-0.33204827949508814,0.9309187637541037,0.0,-0.07841506537341646
18.224976062774658,-15.897913631220998,25.127934139516608,-0.3339935139689046,0.9285707468462929,0.0,-0.07798797564683022
18.250595331192017,-15.87547716254575,25.120123779272514,-0.3359857235827061,0.926301250885871,0.0,-0.07755742649277256
18.27515196800232,-15.85406223309684,25.11262230778245,-0.33788254219237335,0.924274197891117,0.0,-0.07714022759309157
18.300071239471436,-15.83233575236819,25.104965128858343,-0.33980173264324226,0.9223556451544804,0.0,-0.07670541064360888
18.325018405914307,-15.81066749077723,25.097281816984445,-0.3417101430753237,0.9205789159969919,0.0,-0.07627662252899334
18.350117444992065,-15.788929368245268,25.08952699267951,-0.34361926836802326,0.9189170898333031,0.0,-0.07588290375365749
18.375500917434692,-15.7669929762521,25.08165404510264,-0.34554063913719046,0.9173558488498882,0.0,-0.0754988251160377
18.400082111358643,-15.745795929058797,25.074001277678125,-0.3473923608131413,0.9159649564819645,0.0,-0.07513901622441593
18.425097465515137,-15.724275912806725,25.066186552097978,-0.3492672853993743,0.9146719671408196,0.0,-0.07477618717883056
18.449944972991943,-15.702938813031016,25.058393194211376,-0.35112102984790644,0.9135131171726565,0.0,-0.07441459481662942
18.475038528442383,-15.681433460021562,25.05049305674525,-0.35298378103664435,0.9124591459263257,0.0,-0.07404701737935118
18.500061750411987,-15.660028918177597,25.04258484369815,-0.35483235997439105,0.9115111807678167,0.0,-0.07371560818283505
18.52495789527893,-15.638764284626987,25.034683824628356,-0.35666366126632537,0.910670060944024,0.0,-0.07338421522034719
18.54993748664856,-15.617461143063107,25.026724093873952,-0.3584928952979234,0.9099283728008483,0.0,-0.07305664491017565
18.57506012916565,-15.596079188695548,25.018690296080994,-0.3603234095297926,0.9092906645402759,0.0,-0.07273592737581075
18.600000619888306,-15.574864479328017,25.010675230015302,-0.362134168738848,0.9087661316149289,0.0,-0.07242770223753497
18.625022888183594,-15.553613879757396,25.002602628138355,-0.3639428741757459,0.9083447350505981,0.0,-0.07215190745915442
18.65001392364502,-15.532414339295697,24.99450562618407,-0.3657424593049762,0.908014301649083,0.0,-0.07188644211958356
18.674967288970947,-15.511260201355006,24.98638241686112,-0.3675335289294767,0.907767350730175,0.0,-0.07163362339014465
18.700006008148193,-15.490057334510675,24.9781968954578,-0.3693241547948196,0.9076055260607439,0.0,-0.07139023618057218
18.724942684173584,-15.46895777019932,24.970007973335196,-0.37110150912399303,0.9075283134859682,0.0,-0.07115136803683939
18.749908208847046,-15.44785203449851,24.9617735135539,-0.3728747074676133,0.9075386668025591,0.0,-0.07091193136792162
18.77501344680786,-15.426640046763225,24.953454181115116,-0.37465191069152315,0.9076384741377074,0.0,-0.07066925558419558
18.80009126663208,-15.405469926157565,24.94510792990747,-0.3764208598723541,0.907814762671522,0.0,-0.07045611427007407
18.824997901916504,-15.384442661996022,24.93677519200055,-0.37817331086658557,0.9080562731517335,0.0,-0.07023732653267097
18.849942684173584,-15.363392904640088,24.928390864847366,-0.3799227740376183,0.9083683288019426,0.0,-0.07001132085448523
18.87500023841858,-15.342255944284009,24.919928903731087,-0.3816742150040695,0.908754360521319,0.0,-0.06977259847205654
18.8999924659729,-15.321181719804999,24.911449335654407,-0.38341465707543787,0.909207497566982,0.0,-0.06951368973887623
18.925034761428833,-15.30007059746268,24.902912240613997,-0.385151658972167,0.9097289691552475,0.0,-0.06923135605262785
18.951902866363525,-15.277423726352325,24.89370673046958,-0.38700783644311215,0.9103557102667138,0.0,-0.06896528239636442
18.975030183792114,-15.257921133761439,24.885740097241868,-0.38860042191319166,0.9109434170516492,0.0,-0.06871799019016678
19.00002121925354,-15.236852125054002,24.877092922938495,-0.390314225931376,0.9116279386325943,0.0,-0.06843239264119966
19.025087594985962,-15.215718510455611,24.868376909483636,-0.392025848496635,0.9123646024853173,0.0,-0.0681348829309255
19.049968719482422,-15.194739338990672,24.859682793728062,-0.39371732087678374,0.9131490767128324,0.0,-0.067835871525251
19.07502317428589,-15.173609652303377,24.850884339926704,-0.39541315745409295,0.9139907425441534,0.0,-0.06753991145423147
19.10003399848938,-15.15251354562794,24.842057986780432,-0.397098949419942,0.9148755217557563,0.0,-0.06728042218423612
19.1249577999115,-15.131479027799061,24.83321585077842,-0.39877302105686085,0.9157993187032607,0.0,-0.06703271672853876
19.14993715286255,-15.110392693521353,24.824310396711788,-0.40044467283691426,0.9167678326900001,0.0,-0.0668006236905442
19.175013065338135,-15.089220800459884,24.815327068169143,-0.4021168438842718,0.9177833261755555,0.0,-0.0665831968243055
19.199986934661865,-15.068124919177626,24.806334484803212,-0.4037770895703638,0.9188342950759582,0.0,-0.0663820093917107
19.225179433822632,-15.046833447410435,24.797216601318873,-0.40544722337369515,0.9199350841151437,0.0,-0.06620728374992348
19.250006914138794,-15.025842466328392,24.788186239016763,-0.40708886957642915,0.921058700624811,0.0,-0.06605198366992619
19.275028944015503,-15.004673716207463,24.77903807092117,-0.4087398728068157,0.9222232775052613,0.0,-0.06591435520334069
19.30004644393921,-14.983495548737213,24.769844353020968,-0.4103873397655332,0.9234159804393294,0.0,-0.06578498798975768
19.325027227401733,-14.962336051019742,24.760617353882566,-0.4120289694905802,0.9246376693839088,0.0,-0.06564125652882255
19.350095748901367,-14.941086427444784,24.751309479264165,-0.4136726200832255,0.9258947932894953,0.0,-0.06547024510388902
19.37503480911255,-14.919937996454236,24.742004637784234,-0.4153028686853395,0.9271718512937084,0.0,-0.06527936749763519
19.400140523910522,-14.898642398269192,24.732593509965668,-0.4169384525821904,0.9284791344239283,0.0,-0.06507939432108734
19.425038814544678,-14.877491764272882,24.723205281459062,-0.4185571593748046,0.9297953377560034,0.0,-0.0649084306109461
19.45001220703125,-14.856264020374372,24.713741658344347,-0.420176357929112,0.9311378069029705,0.0,-0.06473851066707342
19.475032806396484,-14.834985954566005,24.704214289531315,-0.4217940660476967,0.9325065112240567,0.0,-0.0645774855288797
19.500083684921265,-14.813668604962002,24.694627929545856,-0.42340968903036746,0.9338964067829026,0.0,-0.06443103259642524
19.52508044242859,-14.792379453470057,24.68501295736057,-0.4250185074585809,0.9353022869898596,0.0,-0.06430342253028842
19.55005407333374,-14.771095456867648,24.67535911639474,-0.4266227566910534,0.9367244235574586,0.0,-0.0641973093925753
19.574979305267334,-14.74982372142468,24.66566972152364,-0.4282223685544367,0.9381600586580845,0.0,-0.06410808371169877
19.60006070137024,-14.72840851297187,24.655873484591318,-0.4298294009788316,0.939617815551487,0.0,-0.06403271459258277
19.625028133392334,-14.707074829160012,24.646073171101857,-0.4314272667482522,0.9410785321207911,0.0,-0.06396876613297028
19.653457403182983,-14.682758789699198,24.63485248271983,-0.43324511844098373,0.9427548040015681,0.0,-0.06390703546738691
19.67503786087036,-14.664287965973674,24.626293252255213,-0.4346237786866694,0.9440367036318461,0.0,-0.06387047825924191
19.70009970664978,-14.642824993169834,24.61630862767255,-0.4362236795199826,0.945533068586467,0.0,-0.06383963316396887
19.72497010231018,-14.621495232480093,24.606344587450927,-0.43781165689413026,0.9470253559712074,0.0,-0.06381721062097959
19.750052213668823,-14.59997915371481,24.59625169824681,-0.4394116822178199,0.9485375389560774,0.0,-0.06380150179206234
19.775075435638428,-14.578482424305058,24.586125931597753,-0.4410085811662325,0.9500557192543191,0.0,-0.06379039662405783
19.80005955696106,-14.557018157666786,24.575973595951936,-0.44260147720371984,0.9515755057812768,0.0,-0.0637820432490438
19.825029373168945,-14.535530308037142,24.565768185931596,-0.4441946163992283,0.9530998984539274,0.0,-0.06377752078379405
19.850027799606323,-14.514007677574586,24.555504186504297,-0.4457889983134506,0.9546296885262084,0.0,-0.0637828349854956
19.8749897480011,-14.492496793599024,24.545203687263626,-0.44738136069278406,0.956159600502675,0.0,-0.06379278053460732
19.900015830993652,-14.47091339031004,24.534826123177695,-0.4489780618457528,0.9576933231819853,0.0,-0.06380738119310662
19.924951314926147,-14.449389096105032,24.524434704257775,-0.4505694778789788,0.9592241931109379,0.0,-0.06382581815460373
19.94997239112854,-14.427776253152842,24.51395801565373,-0.45216661533048963,0.9607638767961995,0.0,-0.06384728160812855
19.97502064704895,-14.406120477485588,24.503417736007588,-0.45376615505252305,0.9623058967900581,0.0,-0.06386999126067111
20.000009059906006,-14.38449916676769,24.492851464062106,-0.455362494213958,0.9638436441328266,0.0,-0.06389975143404092
20.024916172027588,-14.362929911278668,24.482268002027315,-0.4569544170837089,0.9653750407975527,0.0,-0.06392771289037961
20.049973011016846,-14.341212457954944,24.47156875398209,-0.45855666556609287,0.9669150639788414,0.0,-0.06395390488841496
20.075082778930664,-14.31943644288717,24.460797211925684,-0.4601626005849088,0.9684571093116515,0.0,-0.06397979742580676
20.10002565383911,-14.297782263754623,24.450042747108938,-0.46175897168811,0.969985228216097,0.0,-0.06400880189290636
20.125041246414185,-14.27605277110013,24.439207529934496,-0.46336049770821236,0.9715125062136202,0.0,-0.06404781353650091
20.150118350982666,-14.254251980105325,24.428293061096927,-0.4649670867784131,0.9730386083365635,0.0,-0.06409214603916509
20.174981594085693,-14.2326159472335,24.417417734381104,-0.4665616053587025,0.974547097954736,0.0,-0.06415051686322197
20.20005702972412,-14.210784719273361,24.40640045005482,-0.46817099309845667,0.9760624288392421,0.0,-0.06422626873396296
20.22506880760193,-14.18899163127716,24.395358398059518,-0.46977852547702315,0.9775651053958057,0.0,-0.06432109351353028
20.250001192092896,-14.167248893643693,24.384297928381173,-0.4713838123097705,0.9790555877439105,0.0,-0.06443605831091155
20.2751362323761,-14.145332243699468,24.373104465494833,-0.47300367629470436,0.9805495325494062,0.0,-0.06454985190649577
20.300052404403687,-14.123563833166108,24.361942340996166,-0.47461453931957154,0.9820237327596167,0.0,-0.06468157184763079
20.325395584106445,-14.101414997945975,24.350539622140893,-0.47625603767823044,0.9835126567119045,0.0,-0.06483286534474568
20.349969387054443,-14.079926740369496,24.339432952580346,-0.4778514293588216,0.9849467226121028,0.0,-0.0649978852729974
20.375102281570435,-14.057943350588593,24.328025325522248,-0.47948700123696986,0.9864025910692449,0.0,-0.06518690403033776
20.400068044662476,-14.036084906314441,24.316637194063578,-0.481117220041355,0.9878345650033243,0.0,-0.06539378671410664
20.424940824508667,-14.014292418211285,24.30523822541759,-0.48274693010031094,0.9892467991351458,0.0,-0.06561835920151368
20.449917554855347,-13.99240376080351,24.29374331834623,-0.48438836672379804,0.9906498908334659,0.0,-0.06583106873438452
20.474956274032593,-13.970446552105589,24.28216625433622,-0.48603958345773385,0.9920429288294943,0.0,-0.06606060005950536
20.500057697296143,-13.948426666727944,24.270509498989608,-0.4877005434849185,0.9934260049145438,0.0,-0.06630107118946277
20.52499032020569,-13.92653852624404,24.258875967973726,-0.4893567896103298,0.9947835847608236,0.0,-0.06654573329004641
20.550874948501587,-13.903808645456994,24.246745717425014,-0.49108237321572873,0.9961760518501045,0.0,-0.0668012387897194
20.575501918792725,-13.882166500155227,24.235149008665392,-0.4927305846755168,0.9974861811030673,0.0,-0.06702899357610582
20.600034952163696,-13.860604009932333,24.223549214590587,-0.49437758804326615,0.9987766212550515,0.0,-0.0672534172669
20.6249897480011,-13.838658311385982,24.211696138345655,-0.4960587636866345,1.0000751431662804,0.0,-0.06747541371636159
20.64997887611389,-13.816675159537729,24.19977494119833,-0.49774764298274543,1.0013618442747125,0.0,-0.06769162091374518
20.675078630447388,-13.79459163841128,24.187750827378558,-0.49944901639694816,1.0026405669280702,0.0,-0.06790527111615417
20.700068950653076,-13.772608371719945,24.17573280813788,-0.5011473925757082,1.0038964630210885,0.0,-0.06811581251783831
20.724966287612915,-13.750663327533495,24.163687204565715,-0.5028475225279623,1.0051309111385103,0.0,-0.06832510813459297
20.74998903274536,-13.728625279767423,24.151541579433612,-0.5045594639472026,1.0063527630355158,0.0,-0.06852271150741872
20.775059938430786,-13.706539167663207,24.139320005026434,-0.5062796725177819,1.007563744996584,0.0,-0.06872253633780576
20.800530910491943,-13.684091631887714,24.12684746316912,-0.5080328463870347,1.0087816673240115,0.0,-0.06893407260889095
20.82502579689026,-13.662495561920682,24.114799294904817,-0.5097244904250522,1.0099386456633195,0.0,-0.06915832721812537
20.849995851516724,-13.640482716456939,24.10246918709779,-0.5114544500708007,1.0111035556475465,0.0,-0.0694148753511771
20.87502932548523,-13.618406900777794,24.090053422926385,-0.5131957690008908,1.0122605294423903,0.0,-0.0696945788793532
20.900094985961914,-13.596301937649576,24.077570419452314,-0.5149458959551546,1.0134074995374904,0.0,-0.06995568903354829
20.924999475479126,-13.574336782566748,24.06511568390848,-0.5166914493810748,1.0145331447334767,0.0,-0.07023473286715215
20.95026445388794,-13.552047944447544,24.052425462342907,-0.5184699441966911,1.0156626361018348,0.0,-0.07054254943811826
20.975023984909058,-13.530204084131453,24.039937499284065,-0.5202206430711066,1.0167577209749388,0.0,-0.07086997852590612
21.000014781951904,-13.508156371517327,24.027281368996025,-0.5219960853801744,1.0178484672194408,0.0,-0.07122446084473846
21.025007247924805,-13.486104080174345,24.014570372027134,-0.5237803574965386,1.018922801705975,0.0,-0.0715526663646765
21.049952030181885,-13.464093169118481,24.001830777181862,-0.5255697795572059,1.0199794735615404,0.0,-0.07190772428388342
21.075024127960205,-13.441974619167846,23.988975724733326,-0.5273772140383062,1.021027972081422,0.0,-0.07228998988682682
21.09994339942932,-13.419987335050807,23.976143756759424,-0.529183749412365,1.0220572006817745,0.0,-0.07269138370416556
21.125017166137695,-13.397864794645017,23.963178898752926,-0.531011901420869,1.0230795774972,0.0,-0.07311917710586413
21.149936199188232,-13.375882421222197,23.950242146650645,-0.532839537388135,1.0240796195283852,0.0,-0.07356722815300756
21.175021648406982,-13.35375832393313,23.937167142603595,-0.5346906527932916,1.0250671561884752,0.0,-0.0740350487515813
21.200016498565674,-13.331713155560129,23.92408358801289,-0.5365466399871821,1.0260370733164554,0.0,-0.07446429153760191
21.22497320175171,-13.309708948457502,23.91096894367235,-0.5384103553212125,1.026996878785984,0.0,-0.07490621342732089
21.24996256828308,-13.287675777614826,23.897781115937885,-0.540288061849236,1.0279445535754868,0.0,-0.07535946216021981
21.275017261505127,-13.265590905372768,23.884505707094572,-0.5421823139781581,1.0288748728713832,0.0,-0.07584249911421692
21.300017595291138,-13.243561190029837,23.871206455582627,-0.5440851338471636,1.0297827753950612,0.0,-0.07638554966703051
21.32500696182251,-13.22154854491744,23.857860092497322,-0.5460015295250462,1.0306782513323673,0.0,-0.07700460436529213
21.349932432174683,-13.19959583830405,23.844492297166486,-0.5479295668568493,1.0315678247414346,0.0,-0.0776920206922446
21.374962329864502,-13.177557627395103,23.831013743796056,-0.5498822718979544,1.0324561346465835,0.0,-0.0783256071967533
21.40067768096924,-13.154930647076307,23.817113227213106,-0.5519052769075486,1.033350476423388,0.0,-0.07904717124603275
21.425015449523926,-13.133516688105697,23.803899493819394,-0.5538384643210948,1.0341839643017177,0.0,-0.07979667824639236
21.44995903968811,-13.11158015946039,23.79030365605154,-0.5558393857269202,1.035035613487593,0.0,-0.08063170581970358
21.47498083114624,-13.089585088740723,23.776610122815484,-0.5578681000429951,1.035870014720816,0.0,-0.08152125146236774
21.499993085861206,-13.067613275084005,23.762868826867685,-0.5599169203925224,1.0366735396495879,0.0,-0.0823331152911156
21.52501153945923,-13.04564188469819,23.749064759518372,-0.5619877005659387,1.037451608154892,0.0,-0.08319322336033844
21.549851655960083,-13.023836806163501,23.735302012502963,-0.564065857518278,1.0382178047606156,0.0,-0.08409573817709567
21.575382471084595,-13.00144506620083,23.721102555349848,-0.5662253000212045,1.038993701128347,0.0,-0.08508110582225317
21.60000443458557,-12.979863500409103,23.707352219192643,-0.5683323809967145,1.039713168315088,0.0,-0.08608154190395018
21.62504768371582,-12.957925692941915,23.693308878878483,-0.5705014656452045,1.0404398122795908,0.0,-0.08714048310102901
21.65002727508545,-12.93606159366373,23.67924546243902,-0.5726900621395306,1.0411781655012127,0.0,-0.08810722268909153
21.67498517036438,-12.91422711819701,23.665133091757216,-0.5749017677021144,1.0419251700313927,0.0,-0.08910616163002624
21.69995880126953,-12.892399638302718,23.65095629773133,-0.5771395649666813,1.0426540536551818,0.0,-0.09012383766746347
21.725045919418335,-12.87049000599286,23.63665577353927,-0.5794132468593581,1.0433737781493069,0.0,-0.091157054213049
21.75016212463379,-12.848570523996825,23.622277192453957,-0.5817157923480014,1.044105491004846,0.0,-0.09219559980542115
21.77504801750183,-12.826868833706119,23.607969823915205,-0.584022972428971,1.0448365607569141,0.0,-0.09321865057064431
21.799949169158936,-12.80516907443718,23.593591379618307,-0.5863562822691084,1.0455718590304588,0.0,-0.09415618869357645
21.82495641708374,-12.783400601577087,23.579093683446825,-0.5887223828657424,1.046313646010218,0.0,-0.09509032132937927
21.85003900527954,-12.76158678013582,23.56449068050624,-0.59111887433442,1.0470608076110959,0.0,-0.09602047752302469
21.875030994415283,-12.739866091822929,23.54987428193101,-0.5935305929339391,1.0478063520285072,0.0,-0.09695536104074352
21.900004386901855,-12.718184197626671,23.535207557422876,-0.5959638074743162,1.0485159876718222,0.0,-0.0979055946844456
21.925010204315186,-12.696499148495922,23.52046123989225,-0.5984238212357086,1.0492011487001045,0.0,-0.09887713942284473
21.950008869171143,-12.674838121829907,23.50565282759527,-0.6009069061695357,1.0498979592674396,0.0,-0.09976730708261952
21.975932598114014,-12.65241124200617,23.490237109273387,-0.6035043449547997,1.0506289555982495,0.0,-0.1007165939159585
22.000101327896118,-12.631510337947706,23.47579256576186,-0.605950015972134,1.051279946443568,0.0,-0.10161640691668973
22.025078773498535,-12.609939635956643,23.460805379395296,-0.6085001401824736,1.0519309375774215,0.0,-0.10258001201279776
22.05442452430725,-12.584623082371179,23.44311072612895,-0.6115284595800272,1.0527178892291247,0.0,-0.1037685002857794
22.07509469985962,-12.566818139814735,23.430597382920848,-0.6136819021364133,1.0532823406014096,0.0,-0.10462604884203505
22.10027527809143,-12.545147804032137,23.415289617874706,-0.6163287562577539,1.0539782202935268,0.0,-0.10559860699577162
22.125185012817383,-12.523738465056674,23.40008118528667,-0.6189713169045324,1.0546273570848945,0.0,-0.10658139803213068
22.15002965927124,-12.502413414240822,23.38484739777982,-0.6216313732548654,1.055248939425818,0.0,-0.10757196522409983
22.17514991760254,-12.480899394122293,23.369391169692385,-0.6243437108302134,1.0558983460371292,0.0,-0.10858645051279454
22.200021982192993,-12.459582253200626,23.35398848667826,-0.627059965981415,1.0565566844458747,0.0,-0.10959166786761029
22.22503423690796,-12.438196039308986,23.33844669889572,-0.6298128611060094,1.0572304247006663,0.0,-0.11051764417751032
22.250021934509277,-12.416865785602038,23.322855345909538,-0.6325853381820273,1.0579154491233578,0.0,-0.1114344221818302
22.27496075630188,-12.395600013982182,23.307220183765512,-0.6353759739373026,1.0586072173327052,0.0,-0.11233784065069378
22.300092458724976,-12.374200621405647,23.291393859759978,-0.6382108548236377,1.059307747155323,0.0,-0.11324311553163892
22.32500958442688,-12.353016364892229,23.275633576096304,-0.6410438630397172,1.0599455099389457,0.0,-0.11414357199813221
22.350930213928223,-12.331018755974714,23.259168820725876,-0.6440142918256141,1.060569848719026,0.0,-0.11509745939465378
22.375433444976807,-12.3102521542951,23.243531243199367,-0.6468459587241466,1.0611838021914979,0.0,-0.11602013489213672
22.400079250335693,-12.289401427402145,23.227736974093368,-0.6497154283054508,1.0618178396916615,0.0,-0.116873159453662
22.424994707107544,-12.268345775766624,23.21169127695684,-0.652639492289692,1.0624710391201364,0.0,-0.11776693031252211
22.44999933242798,-12.247254869181324,23.195520466989223,-0.6555961516630968,1.0631346332406415,0.0,-0.11870693873994358
22.47502064704895,-12.226186535340998,23.179267394578506,-0.6585788927156312,1.0638036476580652,0.0,-0.1197131539279228
22.49999451637268,-12.20519325285949,23.162971768546864,-0.6615820001905077,1.0644725041587426,0.0,-0.12078700321689087
22.525007486343384,-12.184203718855317,23.14657726187315,-0.664617314451947,1.065140547084678,0.0,-0.121917322007607
22.550371170043945,-12.162962614108347,23.129881004983353,-0.6677220937382775,1.065815053404837,0.0,-0.12296595914759931
22.57501530647278,-12.142351714195506,23.113577342896846,-0.6707662365195558,1.066465265333652,0.0,-0.12403043104387318
22.599949836730957,-12.121537717450218,23.097008708499775,-0.6738731353079601,1.0671145126641277,0.0,-0.12514138923226298
22.625020265579224,-12.100655364428023,23.080278648770662,-0.6770243215038492,1.0677332714774075,0.0,-0.12627567521507957
22.650030374526978,-12.079865339548634,23.06351436849303,-0.6801961644494395,1.0682984965523254,0.0,-0.12740884322960888
22.681421279907227,-12.053827211809422,23.042363273765304,-0.6842179274290099,1.0689467696325903,0.0,-0.12881943435575294
22.700051069259644,-12.038407731935406,23.02975529433207,-0.6866247627963166,1.069238427153325,0.0,-0.12955465005363914
22.725037336349487,-12.017771014705078,23.012783782026247,-0.6898740922329417,1.0694235746672254,0.0,-0.1305304059321387
22.7499942779541,-11.99721663159714,22.99576738675849,-0.6931426465227967,1.0692764143097526,0.0,-0.13144058309798598
22.775524377822876,-11.976250586870574,22.97829263257292,-0.6965095664800262,1.068572376574524,0.0,-0.13228252655646777
22.8000705242157,-11.956165427863924,22.961439032957898,-0.6997662275655283,1.0677050675092412,0.0,-0.13306003557280272
22.825020790100098,-11.935821406161091,22.944253729305572,-0.7030963516101918,1.0669889002335815,0.0,-0.13387592673549434
22.850037813186646,-11.915495620944586,22.926967017843143,-0.7064545594451633,1.0663827796407452,0.0,-0.13462363702532498
22.87509846687317,-11.89520147347403,22.90958899934813,-0.7098369055481737,1.065840399325832,0.0,-0.13530413540917902
22.900538444519043,-11.874670395858647,22.891886164634915,-0.713287102422958,1.0653175522803686,0.0,-0.13592761658277047
22.925132036209106,-11.8548942017683,22.874716656230095,-0.7166361409903199,1.0648275478200415,0.0,-0.13646910622851835
22.949986934661865,-11.83496656647336,22.8572973336321,-0.7200409717242836,1.0643289916653678,0.0,-0.13742669125517934
22.975056648254395,-11.814942831316829,22.839672438512252,-0.7234988264006804,1.0637909771351455,0.0,-0.1384332553812666
23.000303506851196,-11.794849971529203,22.82186213765318,-0.7270053049491777,1.0632013346366955,0.0,-0.13933993895160862
23.025015592575073,-11.775255216074765,22.8043711930165,-0.7304598653476018,1.0625867403286682,0.0,-0.14025114276652487
23.05002474784851,-11.7555005464809,22.786613359955005,-0.7339786359041811,1.0619010144446384,0.0,-0.1411782124078126
23.07567262649536,-11.7353154437054,22.768337669139402,-0.7376123292230333,1.0611126404198858,0.0,-0.14213243693896171
23.10001826286316,-11.716233650810894,22.75093715292933,-0.7410839123928558,1.0602995346035677,0.0,-0.14305097269592418
23.12501549720764,-11.696720115368674,22.733016378215243,-0.7446719256441583,1.0593844630658338,0.0,-0.14401197730499726
23.15002131462097,-11.677286392529263,22.715039514176432,-0.7482829988133016,1.058380863754618,0.0,-0.1448597713668939
23.175039768218994,-11.657922672823988,22.69699677932936,-0.7519181846459947,1.0573053811376323,0.0,-0.14572656419334323
23.200283527374268,-11.638473882883645,22.67874124323758,-0.7556085698159494,1.0561598574694215,0.0,-0.1466702894514969
23.225103616714478,-11.619439221415405,22.66074249779954,-0.7592628136211298,1.0549174855822687,0.0,-0.14780751420479504
23.2500159740448,-11.600420424697194,22.64262583429601,-0.7629639429476591,1.0535509589120786,0.0,-0.14928985916102563
23.275009632110596,-11.581430406675485,22.62440109511855,-0.7667189219141777,1.0521163554183974,0.0,-0.15111342217797077
23.30000400543213,-11.562539764743537,22.606134180682634,-0.7705161862324624,1.050631277730233,0.0,-0.15273989060399845
23.32501769065857,-11.543730599286318,22.587806494438087,-0.7743603408006151,1.0491029286243476,0.0,-0.15461345173747199
23.350128173828125,-11.524961215616981,22.56937527618802,-0.7782651652062516,1.0475088790105538,0.0,-0.15660545550639038
23.375076055526733,-11.506393573136574,22.55099867065009,-0.782198653528497,1.0458512706433136,0.0,-0.15859256591923548
23.400843620300293,-11.48732895753018,22.531977772293125,-0.7863117113211355,1.0440791601299229,0.0,-0.16059850326950936
23.425077199935913,-11.469508870655941,22.514055255519178,-0.7902245482064462,1.0423597158408597,0.0,-0.16241723041369777
23.449946641921997,-11.451315368881973,22.495610673193116,-0.7942856347485021,1.0405425554457712,0.0,-0.16408210339647694
23.475181818008423,-11.433088639479779,22.476980326186325,-0.7984196093012317,1.0386680921785458,0.0,-0.16570482149213545
23.500038385391235,-11.415007211792494,22.458344403124105,-0.8025857547125224,1.036701380446503,0.0,-0.16727888897419796
23.52500343322754,-11.39708240948924,22.43971469366091,-0.806781234609402,1.0346509761045186,0.0,-0.16886703381381163
23.549964904785156,-11.379270566142795,22.421045498039813,-0.8110173045813236,1.032569479293649,0.0,-0.17050554750554006
23.575032234191895,-11.361502989033694,22.402262948356277,-0.8153118091875724,1.0304551756244378,0.0,-0.17216370019234045
23.60005211830139,-11.343886424996619,22.38347851117914,-0.8196371904185373,1.0283231714885288,0.0,-0.17362527466064925
23.62498664855957,-11.326444724622913,22.36471814671707,-0.8239846296682782,1.026127653466146,0.0,-0.1750505749055056
23.649998903274536,-11.3090713645854,22.345866704729033,-0.8283798085351466,1.0238487979279347,0.0,-0.176406249736328
23.675031661987305,-11.291803643709184,22.326963134006427,-0.8328120853922781,1.021532696953754,0.0,-0.17767855626737347
23.699993133544922,-11.274706378953823,22.308078400497642,-0.8372627352876753,1.0191492799619515,0.0,-0.17884811894780028
23.72502112388611,-11.257695859230108,22.289119854319672,-0.8417506546293351,1.016658088563978,0.0,-0.17985099327132484
23.750000715255737,-11.240844646828448,22.27016813940525,-0.8462538905220337,1.0140913424306779,0.0,-0.18075262332237269
23.775036096572876,-11.224081381314333,22.251142866839178,-0.8507893827284764,1.0114731590482453,0.0,-0.18155253748592065
23.799956560134888,-11.207522598951812,22.232176966283713,-0.8553230015341009,1.008847605299129,0.0,-0.18224032873958265
23.825074434280396,-11.19096997495176,22.213042749029484,-0.8599065578598922,1.006170494407948,0.0,-0.18281089611245058
23.849963188171387,-11.174692281794055,22.194051621049024,-0.8644627225865167,1.0034407516915942,0.0,-0.183249574260606
23.875017881393433,-11.158441216746665,22.174915026401568,-0.8690582927128159,1.0005997433891425,0.0,-0.18358384144334994
23.90002989768982,-11.142353342907937,22.155793199345258,-0.8736528252205863,0.9977228509078385,0.0,-0.1838271412818807
23.925321102142334,-11.126225183343067,22.13644261245275,-0.8783035453855895,0.9948118137523627,0.0,-0.18403720830565026
23.949973106384277,-11.110628046051165,22.11755330177655,-0.8828447169440634,0.9919325555713092,0.0,-0.1842659201571305
23.975099563598633,-11.094872700250201,22.09829312338205,-0.8874780331408506,0.9889322369092223,0.0,-0.18457168895545503
24.000016450881958,-11.079379332763265,22.079173680448918,-0.8920829723776774,0.9859063964608814,0.0,-0.18496892056571373
24.025001764297485,-11.0639831911786,22.059993891663332,-0.8967105817646718,0.9828501975010151,0.0,-0.1854588851805655
24.049946546554565,-11.048748964099445,22.040834760901795,-0.9013434970414254,0.9797950152587515,0.0,-0.18601262670378513
24.075008630752563,-11.033580135449968,22.021574696610266,-0.9060107665337762,0.9767235715020902,0.0,-0.1864584502516973
24.100042819976807,-11.018565994877884,22.00232677866712,-0.9106844063474631,0.9736078704377731,0.0,-0.1869404906086347
24.125028133392334,-11.003716274138274,21.98310499580454,-0.9153620692406522,0.9704498907727257,0.0,-0.18744057685152044
24.14993929862976,-10.989049112398328,21.963934871675324,-0.9200381186655859,0.9672963435118123,0.0,-0.18794890435337636
24.175008296966553,-10.974428012639217,21.94463781491797,-0.9247555471143474,0.9641219469440928,0.0,-0.18838621122915128
24.200490951538086,-10.95971718265782,21.925029120389347,-0.9295577560249544,0.9608977967919426,0.0,-0.18872576149115228
24.225435972213745,-10.945445630916847,21.90581626131711,-0.9342674987129197,0.9577161855552105,0.0,-0.18882719404253356
24.249939680099487,-10.931556908324774,21.886935264132493,-0.9388939465622445,0.9545458176721077,0.0,-0.18861838880774698
24.275036096572876,-10.917478065750247,21.867607053761706,-0.9436213335546684,0.9512625755585649,0.0,-0.18815492437194048
24.300030946731567,-10.903596568361701,21.848359880777572,-0.9483159420810265,0.947926060049608,0.0,-0.18755710434286707
24.32531714439392,-10.88969359028168,21.82889010721272,-0.9530502811985123,0.944499196810738,0.0,-0.18693367365645272
24.349987506866455,-10.876263052605415,21.809895007901282,-0.9576551636589317,0.9411503395687855,0.0,-0.18631900827950892
24.375065565109253,-10.862750721905686,21.790595062765586,-0.9623215468041616,0.9377454684146789,0.0,-0.18582257560813592
24.399972677230835,-10.849465988169129,21.771431311947975,-0.9669481226762356,0.9343168603025306,0.0,-0.18561509758656858
24.425352096557617,-10.836078738928775,21.751925842125594,-0.9716592061371769,0.9307877827890915,0.0,-0.18579348293223993
24.44994878768921,-10.823230434128764,21.7330180210413,-0.9762372076857285,0.9273777292470277,0.0,-0.1863242154782485
24.475003242492676,-10.810284556927234,21.71377566010297,-0.9809156633814292,0.9239193216746362,0.0,-0.18713260609971913
24.49999976158142,-10.797507278720541,21.694590546214695,-0.9856013653514055,0.9204818534122182,0.0,-0.18779474002694818
24.52500867843628,-10.784862156325813,21.675409248398438,-0.9903076314339027,0.9170132029335155,0.0,-0.18861188978702248
24.55000138282776,-10.77236143460076,21.656251002709553,-0.9950328023453315,0.9135010630399389,0.0,-0.189491530346777
24.575011730194092,-10.759990739323708,21.63709432277656,-0.999783332351958,0.9099681452880871,0.0,-0.19037549102556103
24.600031852722168,-10.74775519181749,21.617947463114717,-1.0045567396917783,0.9063893521557844,0.0,-0.19119270977828842
24.624999046325684,-10.735685269361857,21.59885939122956,-1.009338945329997,0.9027634656887572,0.0,-0.19189696359616523
24.65006399154663,-10.723709511012382,21.57971746272127,-1.0141553376807455,0.8990910075280657,0.0,-0.19245225173118982
24.675007581710815,-10.711928559810346,21.56068382861226,-1.0189623180165572,0.8954128528236711,0.0,-0.19290688506950543
24.6999409198761,-10.700293268979637,21.541681852940005,-1.0237767699393818,0.8917204966644756,0.0,-0.19324845895128956
24.725018739700317,-10.688733913584166,21.52259745662372,-1.0286246423992285,0.8879657428559915,0.0,-0.19343103682467427
24.749966859817505,-10.677372726119916,21.50363382587842,-1.0334506052961736,0.8841554624932652,0.0,-0.1934313612132196
24.775015830993652,-10.666107153891135,21.48462189248336,-1.0382937930246856,0.8802600574529575,0.0,-0.19325400591148478
24.800019025802612,-10.655003829710326,21.465675439905088,-1.0431226143789947,0.8763052369368052,0.0,-0.1929947910430444
24.82499647140503,-10.644053491935631,21.446781764606058,-1.047937610688759,0.8722887123198615,0.0,-0.19255356759479464
24.850026845932007,-10.633221855389676,21.42788378925395,-1.0527497796154952,0.8682107489063601,0.0,-0.19196296386614908
24.875003337860107,-10.62255295749296,21.40906091135309,-1.0575367946072458,0.8641033543500353,0.0,-0.19131084351177194
24.900334358215332,-10.611878105197354,21.39001445628963,-1.0623739682662114,0.8599204707701869,0.0,-0.19063556141834295
24.925018310546875,-10.60161293622861,21.371492485734688,-1.0670712849932604,0.8558238616752776,0.0,-0.18994873956898384
24.949931859970093,-10.591389168827181,21.352838509838698,-1.0717948134919635,0.8516611288853699,0.0,-0.18920489189872763
24.97497010231018,-10.581254889052149,21.3341386926432,-1.0765220707270882,0.8474505374462904,0.0,-0.18843293777856596
25.000160217285156,-10.571197984760566,21.315370190855955,-1.0812581931214764,0.8431849409000958,0.0,-0.18760569647340236
25.025046825408936,-10.561399743374979,21.296876273471007,-1.0859162120416652,0.8389362738547489,0.0,-0.1867683670526627
25.049976110458374,-10.551719273521773,21.278397361411205,-1.0905621252736948,0.8346427506818929,0.0,-0.18595047916782176
25.074981451034546,-10.54214448243921,21.259911881901676,-1.0952025587132028,0.8303235015655465,0.0,-0.18517775044951115
25.099989891052246,-10.53270337066818,21.24147593385857,-1.0998240438855698,0.8260093145232401,0.0,-0.18438679192899576
25.12498688697815,-10.523401727372443,21.22310404612965,-1.1044234677551172,0.8217099747749678,0.0,-0.18363958630949817
25.15017080307007,-10.51416631049202,21.204652528512366,-1.109037586011944,0.8173647138197505,0.0,-0.18288961161588982
25.175055265426636,-10.505167707341824,21.186466591221826,-1.1135801851352503,0.8130378674613312,0.0,-0.1821217459188831
25.20003342628479,-10.496267707600415,21.168272543007074,-1.1181194370435936,0.8086884965926885,0.0,-0.18132903928930746
25.224967002868652,-10.487512434648394,21.150167243718357,-1.1226305667502445,0.8043534197038165,0.0,-0.1804924149257525
25.250038623809814,-10.47884074671803,21.132026386979007,-1.1271439977063162,0.8000047390225228,0.0,-0.1796395033668374
25.27508544921875,-10.470303925526984,21.113959125315514,-1.1316322662751643,0.7956366743823556,0.0,-0.1787556531240927
25.300414085388184,-10.461800619026663,21.095751015389197,-1.1361483234244183,0.7911816570579835,0.0,-0.17784374154745372
25.325064420700073,-10.453648888554572,21.07809142794075,-1.1405216888112342,0.7868358769741014,0.0,-0.17697136505456118
25.34996795654297,-10.445536876027967,21.060313427050065,-1.1449185807364186,0.7824315898527869,0.0,-0.17612141580565285
25.3750422000885,-10.437494129062376,21.04247980538243,-1.1493246190375677,0.7779704618688248,0.0,-0.1753105240252022
25.40003800392151,-10.429600377741767,21.024769565309132,-1.1536961604737737,0.7735147838705281,0.0,-0.17448030626858815
25.42499089241028,-10.42184137388877,21.007155606901065,-1.1580409201232413,0.7690825210049111,0.0,-0.1737370737149758
25.45007610321045,-10.414163382941299,20.989518121377643,-1.1623909436844189,0.764605666301158,0.0,-0.17308570442846044
25.47505521774292,-10.406639423462464,20.97202778815891,-1.166706789102596,0.7601044467032618,0.0,-0.17252307171722378
25.500054121017456,-10.39922720284423,20.954590485979914,-1.1710139731529718,0.755589322603132,0.0,-0.17202974457009773
25.525165796279907,-10.391901539830082,20.93714836985793,-1.175327231417041,0.7510421654365501,0.0,-0.17147645735707476
25.550065994262695,-10.384757034490585,20.91993117522618,-1.1795897426010078,0.7465106469929963,0.0,-0.17096306288615068
25.57711172103882,-10.3771269775635,20.901310801512906,-1.1842061834834605,0.7415816397465614,0.0,-0.17042003589813903
25.60032320022583,-10.370686887429626,20.885400497327687,-1.1881570125361214,0.7373670170433037,0.0,-0.16999931524458567
25.625092267990112,-10.363924306725997,20.868495568095526,-1.1923638105851169,0.7329057431296929,0.0,-0.16970404651030394
25.65003228187561,-10.357227523417347,20.851548150323044,-1.1965948513486628,0.7284333734559001,0.0,-0.1695978910383491
25.675474166870117,-10.350510414974286,20.83433443888018,-1.200911119183485,0.7238657242101367,0.0,-0.1696443723395467
25.700220823287964,-10.344089063340288,20.8176695016246,-1.205108675194584,0.7194341986625744,0.0,-0.16957972241387642
25.724984407424927,-10.337771684508077,20.801066952584247,-1.209309322488634,0.7150335757918028,0.0,-0.16962946286386182
25.74996829032898,-10.331508572745163,20.784395707362094,-1.2135486092561998,0.7106456784314912,0.0,-0.1697415496321242
25.774999856948853,-10.325342299691993,20.767768178219956,-1.2177990689904843,0.7062804762430229,0.0,-0.16986156897370852
25.80007553100586,-10.319274425079502,20.751189936602792,-1.2220589316446024,0.7019292078835785,0.0,-0.1699370831084168
25.82504630088806,-10.313337714725948,20.734753876601953,-1.2263023544295115,0.6976278962429117,0.0,-0.16990568357955588
25.849950313568115,-10.30752237758358,20.71843781206537,-1.2305324982157093,0.6933659264673719,0.0,-0.16979321035714073
25.875171184539795,-10.301771488918625,20.702083471407057,-1.2347881705518684,0.6891106488111695,0.0,-0.16957776131847618
25.900007486343384,-10.296147502190546,20.685870464549183,-1.2390202163869857,0.684906786505092,0.0,-0.16927010822115893
25.92502498626709,-10.29061824445693,20.66971003883415,-1.2432498634622122,0.680732534599307,0.0,-0.16890856407258617
25.949992895126343,-10.285200858761243,20.653655650040648,-1.2474623963553992,0.6766025888480741,0.0,-0.16854841367778767
25.979583501815796,-10.278909595186011,20.634724744676497,-1.2524439184301939,0.6717573965808206,0.0,-0.16815384121146928
25.999951362609863,-10.27465863673462,20.62175132605507,-1.2558663716231768,0.6684559155230085,0.0,-0.16782379668813507
26.02496337890625,-10.269528991283172,20.6058924701812,-1.2600590238531482,0.6644471802912806,0.0,-0.16745537583083162
26.05009412765503,-10.264472711633609,20.59003338379581,-1.264262125028341,0.6604744263320095,0.0,-0.1670925551500472
26.075069904327393,-10.259542571217558,20.574343303233533,-1.2684305535819342,0.6565728933146094,0.0,-0.1667183538431623
26.100029230117798,-10.254708405464092,20.558731714922775,-1.2725874252616234,0.6527251441588745,0.0,-0.16630450699518215
26.12502121925354,-10.249961695114168,20.54317414802672,-1.2767376592476494,0.6489391592330023,0.0,-0.16581973255680818
26.149999856948853,-10.245309091889823,20.527695567932362,-1.2808730466199818,0.6452175591509272,0.0,-0.16530194955027086
26.175025463104248,-10.24073804138535,20.512257160280235,-1.285002256029462,0.6415387754216483,0.0,-0.16469658933176445
26.20004963874817,-10.236256614380304,20.49688906956318,-1.289115139482481,0.6379116387589613,0.0,-0.16402433410092893
26.224992275238037,-10.231877033312838,20.48163796795478,-1.2931978876054726,0.6343609745396129,0.0,-0.16333449597559166
26.250072717666626,-10.227560838678194,20.46637281394363,-1.297285109391752,0.6308485996809579,0.0,-0.16264295049463126
26.27507495880127,-10.22334286967652,20.451219631517038,-1.301342295318363,0.6273984674036059,0.0,-0.16190687231088685
26.300025463104248,-10.219217173817832,20.43616250900089,-1.3053728999805798,0.6240082938448521,0.0,-0.16117023642448444
26.32503342628479,-10.215164729605245,20.421135652243553,-1.309392329476033,0.6206026235783466,0.0,-0.16025870947635906
26.350083112716675,-10.211189004233859,20.406154588571283,-1.3133913056522337,0.6171469424748339,0.0,-0.15908665608333647
26.375035524368286,-10.207308585236987,20.39129456903052,-1.3173440276193666,0.6136868654609651,0.0,-0.15769008917349706
26.40005350112915,-10.203499204063116,20.376467906016533,-1.321269571110599,0.6102309298417067,0.0,-0.15616504721162527
26.425014972686768,-10.199776230824552,20.361739302292673,-1.3251492874585324,0.606803582118981,0.0,-0.15464417254228344
26.44998073577881,-10.196130701894926,20.347079067983508,-1.328991983097521,0.6033841027536508,0.0,-0.15319269781518732
26.47515368461609,-10.192532111101945,20.332366525596505,-1.332831288804839,0.5999498578679797,0.0,-0.15183205495363963
26.500545024871826,-10.188979963863646,20.31759841425152,-1.3366713268346604,0.5965230713905516,0.0,-0.15065115638970075
26.525036334991455,-10.185626498031324,20.303422209086385,-1.340348894557872,0.5932360984854154,0.0,-0.1497048721840436
26.549997568130493,-10.182280035769296,20.289038112905192,-1.3440759789601715,0.5898958048174232,0.0,-0.1488837269939707
26.57504439353943,-10.178994746085284,20.274674870553817,-1.347794984739694,0.5865890513768799,0.0,-0.14806886496265223
26.599963903427124,-10.175796944849846,20.260452234204912,-1.3514759701069905,0.5833541834621339,0.0,-0.14735079037576002
26.624982357025146,-10.172656656689561,20.24624128763174,-1.355153765652677,0.5801645150922345,0.0,-0.14667448339995923
26.650188446044922,-10.169562576492892,20.23199053245654,-1.358842050119214,0.5769814942289082,0.0,-0.14599119849760173
26.675665378570557,-10.166505149866742,20.217652988405373,-1.3625525095142594,0.5737788733587316,0.0,-0.14526871860328677
26.700010776519775,-10.163649148685426,20.204018274939486,-1.3660800336447372,0.5706727839059637,0.0,-0.1445301383983817
26.724982500076294,-10.160785432100486,20.190099744428288,-1.36967909743422,0.567293931023576,0.0,-0.14368866686465004
26.749956607818604,-10.157988934853677,20.176256461659115,-1.3732564245936816,0.5635845092175716,0.0,-0.14276197855964953
26.77505326271057,-10.155248339284858,20.16243565036648,-1.3768252244306107,0.559366679472361,0.0,-0.14166748623908954
26.80004620552063,-10.152588988348931,20.148770693259294,-1.380350149398465,0.5546083598894247,0.0,-0.14039474798508733
26.825015544891357,-10.150002445348443,20.13522670481831,-1.3838393184375417,0.5498397097029232,0.0,-0.13907992391772386
26.84992027282715,-10.147490255775697,20.12181979945579,-1.3872883619684628,0.545524247687928,0.0,-0.13789167032391153
26.875002145767212,-10.145025736485985,20.108412168787975,-1.3907330742203996,0.5415500227237176,0.0,-0.1367994050863922
26.899948596954346,-10.142637189034945,20.095162998194862,-1.3941328809510927,0.5379180572609378,0.0,-0.1358033738812275
26.92511510848999,-10.140288138108469,20.08187407932563,-1.3975389283431583,0.5345525899327478,0.0,-0.134882242217899
26.949957132339478,-10.138027495108464,20.06882874654177,-1.4008788918558421,0.5314542491562154,0.0,-0.13403685186119668
26.975050449371338,-10.135800726356877,20.05571833532837,-1.4042288376853485,0.5284988004767133,0.0,-0.13297669530306144
27.000078678131104,-10.133635396302738,20.04270716590384,-1.4075433817839165,0.5257220302590712,0.0,-0.13193896079019876
27.025087594985962,-10.131525214448592,20.029763676188164,-1.4108308319192877,0.5230960441979559,0.0,-0.13097431412912436
27.050036907196045,-10.12947244037481,20.016907613786106,-1.4140864076143598,0.5206065520977379,0.0,-0.13001964481762207
27.075137615203857,-10.127460443028621,20.004038265076225,-1.4173350510196723,0.5182371596165019,0.0,-0.1290716197508109
27.10330367088318,-10.125258854877153,19.98963201247919,-1.4209587938845765,0.5157602315137194,0.0,-0.12803531621973607
27.12506341934204,-10.12360168445673,19.978550828375848,-1.4237366766043766,0.513993385374274,0.0,-0.12726934434200934
27.150009632110596,-10.121746511572223,19.965888559159257,-1.4269006905135948,0.5121220965055653,0.0,-0.12642566265022712
27.175013303756714,-10.119933003640515,19.95323214169509,-1.4300527319391885,0.5103892005215673,0.0,-0.12565333547620686
27.200006008148193,-10.118166109308294,19.940618934552223,-1.4331840549468826,0.5087862737024124,0.0,-0.12491834976793743
27.224987745285034,-10.116444614467486,19.928044222116707,-1.4362961276441752,0.5073178609736688,0.0,-0.12423014187319237
27.249934911727905,-10.114768938581483,19.915515127081996,-1.439387636375746,0.5059972636398263,0.0,-0.12359529317760297
27.275014877319336,-10.11312753393789,19.902946644060155,-1.4424799255037029,0.5048241193553473,0.0,-0.12300843270121192
27.300032377243042,-10.111532677425522,19.890434484713584,-1.4455497967594977,0.5038040173221613,0.0,-0.12247350279903231
27.325026273727417,-10.109980043225056,19.877948826542656,-1.448605169176982,0.5029436959999293,0.0,-0.12200535213940931
27.349937438964844,-10.108472716239229,19.865518557210926,-1.4516396159137805,0.5022357267455319,0.0,-0.12159215490976413
27.375029802322388,-10.106994716489433,19.85301208498391,-1.4546857418627517,0.5016552718057748,0.0,-0.12122975971498384
27.399950742721558,-10.10556554204562,19.84059588467985,-1.4577035407579857,0.5012102734696657,0.0,-0.1209211573138792
27.42500901222229,-10.104167687822809,19.8281200078486,-1.4607299291353744,0.5009134393898567,0.0,-0.12066150371003836
27.45002031326294,-10.10281056131428,19.815667817134543,-1.4637449930277393,0.500778352366624,0.0,-0.12045151114420183
27.475011587142944,-10.101492108898602,19.803222617920365,-1.4667530470737813,0.5007812558632485,0.0,-0.12028218644450561
27.49999737739563,-10.100211273708345,19.790775495331737,-1.4697565716663072,0.5009044315369297,0.0,-0.12015757023169668
27.52503538131714,-10.098964765919586,19.778293677653078,-1.4727637174367187,0.5011639187855785,0.0,-0.12006780371118807
27.55002498626709,-10.097757118146427,19.765822265309776,-1.4757636783877717,0.5015835565471628,0.0,-0.12001700875692449
27.5750150680542,-10.09658569077418,19.75333455864494,-1.4787628556182775,0.5021634532407162,0.0,-0.11999943446399769
27.599947929382324,-10.095452772769777,19.74085545427961,-1.4817550673434154,0.5028863182202743,0.0,-0.120001983489983
27.62500500679016,-10.094350483607418,19.728295451323,-1.4847617925237238,0.5037720548750948,0.0,-0.12005796345919689
27.650022983551025,-10.093285302814987,19.7157245559479,-1.4877662068732527,0.5048145921941894,0.0,-0.12013095467980148
27.674975872039795,-10.092258132078875,19.703153831214703,-1.4907652278171277,0.505986627048139,0.0,-0.1202164977631945
27.700161933898926,-10.091257305459346,19.690433281343214,-1.493794150094717,0.5073076553083667,0.0,-0.12031797838609623
27.72508931159973,-10.090302371175081,19.677809499356183,-1.4967938273624857,0.5087294037649751,0.0,-0.12042579426510387
27.750013828277588,-10.089382443096397,19.66514314787594,-1.4997969588586937,0.5102340722851396,0.0,-0.12053061629920318
27.775058269500732,-10.08849380299764,19.652375485201595,-1.5028170441386128,0.5118237355038857,0.0,-0.12064494305291402
27.800040245056152,-10.087643317988745,19.639599543488746,-1.5058322462223135,0.5134755713621683,0.0,-0.12079740191367626
27.824981689453125,-10.086829577005737,19.626792963915065,-1.5088484133186506,0.5152013537995197,0.0,-0.1209855804964524
27.85001039505005,-10.08604949570596,19.61390029646014,-1.5118791730637333,0.5170182988232731,0.0,-0.12122148262763113
27.875059843063354,-10.085305038092475,19.60094412589659,-1.5149195089747816,0.5189127001385584,0.0,-0.12147273593190168
27.899959802627563,-10.084601686704254,19.58801874988528,-1.5179467587195503,0.5208788065209006,0.0,-0.12169649988391536
27.92500376701355,-10.083931222983727,19.57496690608234,-1.5209962791569471,0.5229458142789218,0.0,-0.12186808865017444
27.94994878768921,-10.083300308560451,19.56190866787624,-1.5240394242513429,0.5250788253140799,0.0,-0.12208283843583247
27.979614973068237,-10.082598875729005,19.546312403631802,-1.5276628257700173,0.5276916837267828,0.0,-0.1222542832424413
28.00007915496826,-10.082145943754002,19.535504155900053,-1.5301653031900986,0.5295359599566658,0.0,-0.12231484134695676
28.025089502334595,-10.081627138357641,19.522242408609273,-1.5332240668045907,0.5318423696088245,0.0,-0.12229954250483811
28.050049781799316,-10.081147707242605,19.508947366074864,-1.5362754048874778,0.5342029586873691,0.0,-0.12220818331704987
28.075216054916382,-10.080703334634014,19.495479287117558,-1.5393491866734768,0.5366320340073961,0.0,-0.12205162252994671
28.10005211830139,-10.080303541814452,19.4821259303626,-1.5423797096923129,0.5390678163931162,0.0,-0.12196653481235827
28.125051975250244,-10.079940370583515,19.468624166982625,-1.5454268699524807,0.5415675157408515,0.0,-0.12182870690662985
28.1500506401062,-10.079616823135042,19.4550587248125,-1.5484699855960005,0.5441211286965041,0.0,-0.1216519702688593
28.17505979537964,-10.079333049931027,19.441420898747936,-1.5515097411484937,0.546717718959057,0.0,-0.12143305175562556
28.20002317428589,-10.079089904894156,19.427739819622538,-1.5545384300248921,0.5493408870237223,0.0,-0.12117069646751871
28.225019216537476,-10.07888698073636,19.413977247543013,-1.5575634117606034,0.5520068812360949,0.0,-0.12087553565217148
28.249945163726807,-10.078725229790916,19.400183552523036,-1.5605741137354003,0.5547126257836277,0.0,-0.1206665740933002
28.27501368522644,-10.078603826490369,19.386244919805854,-1.5635957986253035,0.5574692567595915,0.0,-0.12042733433596765
28.300110816955566,-10.078524042787938,19.37222160294277,-1.5666147734776197,0.5602551809309785,0.0,-0.12019411874939924
28.325076580047607,-10.07848645647703,19.358200609737157,-1.5696133079385346,0.563072008192472,0.0,-0.12003904917780404
28.35006618499756,-10.07849093975017,19.34409488111532,-1.5726122972029022,0.5659463146341338,0.0,-0.11999813129466998
28.376718997955322,-10.078538361582176,19.32983450761256,-1.575628805131229,0.5688748265322635,0.0,-0.12004920963369868
28.40006923675537,-10.078628116710172,19.315649007578227,-1.5786160458889726,0.5718006155391118,0.0,-0.12015323820705917
28.42504906654358,-10.078761622295854,19.30132847739933,-1.5816194311581286,0.5747593810425239,0.0,-0.1202987611291262
28.450023889541626,-10.078939033792409,19.286937430225684,-1.5846258114813783,0.5777440163005243,0.0,-0.1204473405439373
28.475056648254395,-10.079161467937764,19.272437371160496,-1.5876427662378498,0.580766509429968,0.0,-0.1205689239646516
28.50011396408081,-10.07942926387256,19.257851855706182,-1.590664216349009,0.583858203107937,0.0,-0.12064630848474255
28.52514934539795,-10.079742597468643,19.243198353956895,-1.5936850016289141,0.587038376900503,0.0,-0.12067506381577216
28.549978971481323,-10.080099103713684,19.228583697863897,-1.5966831313023864,0.5902607202678273,0.0,-0.12076962425278026
28.574981451034546,-10.08050456097417,19.213788757860414,-1.599703420820078,0.5935385625229833,0.0,-0.12080339490978316
28.60012459754944,-10.080959724305137,19.198834047991284,-1.6027397447638165,0.5968422316007573,0.0,-0.12077205959437438
28.625008583068848,-10.081457816551563,19.18394771398761,-1.605744175961471,0.6001693272357583,0.0,-0.12067814029708061
28.64995551109314,-10.08200502948154,19.168943253023397,-1.6087527109406106,0.6035713107291204,0.0,-0.12052137895361047
28.67506217956543,-10.082604663036895,19.153758925741997,-1.6117757335525678,0.607025554735522,0.0,-0.12030513724515088
28.700185775756836,-10.083254237497643,19.13848088737838,-1.6147960438251503,0.6105049675783696,0.0,-0.1201694025868825
28.725024938583374,-10.083945885681082,19.12328797276494,-1.6177790351914387,0.6139621086019487,0.0,-0.11999346820498868
28.750030279159546,-10.084692021424754,19.107910565034892,-1.6207770506924364,0.6174856110178949,0.0,-0.1198088716990292
28.775073528289795,-10.085490099772613,19.09242206775909,-1.6237752028965355,0.6210772529505671,0.0,-0.11962408924780327
28.80004048347473,-10.086336933846122,19.076891506391334,-1.6267597150333803,0.6247525208304098,0.0,-0.11943066825129105
28.825005531311035,-10.087235282806784,19.061272968965284,-1.6297386904644617,0.6285233155100072,0.0,-0.11921469806429354
28.85006880760193,-10.088189523634606,19.045503202262886,-1.632724562295923,0.6323645584507405,0.0,-0.11908629827577559
28.874993801116943,-10.089191539783917,19.029723041155847,-1.6356910277128855,0.6362283780040251,0.0,-0.1189117383581631
28.900124311447144,-10.09025559537873,19.013719115656265,-1.6386764108684622,0.6402032229688761,0.0,-0.11866833981855184
28.925012350082397,-10.091363271829787,18.99777404945938,-1.6416254025211123,0.6442163790755615,0.0,-0.11830807912590051
28.950007915496826,-10.092530096443257,18.981665070567082,-1.6445758471534098,0.6482784593761232,0.0,-0.11779842524158393
28.975025415420532,-10.093753370364992,18.965440093611726,-1.647515366978114,0.6524110084203176,0.0,-0.11718147584847152
29.000048398971558,-10.095032529028346,18.94911270444651,-1.6504414020235636,0.6566355666230552,0.0,-0.11669413950513899
29.02502131462097,-10.096365208836813,18.932716473615436,-1.6533485403062436,0.6609200234499029,0.0,-0.11614519610422866
29.04997420310974,-10.097753792168369,18.916224789401124,-1.6562403231071103,0.6652390858797691,0.0,-0.11557172212284368
29.07501745223999,-10.099204059685745,18.89957598074483,-1.6591268386836593,0.6696267327688092,0.0,-0.11498734506842613
29.100014209747314,-10.100709686923352,18.882848422869895,-1.6619939725875426,0.6740834896120321,0.0,-0.11439719858488342
29.12495470046997,-10.102269838966315,18.86605257204058,-1.6648397619224793,0.6785782974008208,0.0,-0.1138048616005446
29.150097608566284,-10.10390123449188,18.849017065266075,-1.6676942534047294,0.683138100536465,0.0,-0.11332458290010963
29.175472497940063,-10.105609146397466,18.831704879935813,-1.670564217597316,0.6877620264746492,0.0,-0.1128389333503681
29.20260763168335,-10.107503415408456,18.81306902997196,-1.6736196829252465,0.6927681165870928,0.0,-0.1123446120140636
29.224937915802002,-10.109115642418182,18.79763440548025,-1.6761246609122544,0.6969542061025746,0.0,-0.11197945442291843
29.2499680519104,-10.110980071562103,18.780232070270273,-1.678922473872731,0.7016927427627943,0.0,-0.11160239360676867
29.275043725967407,-10.112909824343824,18.762683380193373,-1.681716799190473,0.7064716316297989,0.0,-0.11127767700713762
29.300026893615723,-10.114894645721149,18.745085221173024,-1.6844940082328272,0.7112524680651778,0.0,-0.11104526503669974
29.324960231781006,-10.11693805032378,18.727407753705233,-1.6872607595945142,0.7160734431182846,0.0,-0.11086999898750735
29.350094318389893,-10.119061028204577,18.709478291625228,-1.6900451635780889,0.7209950617205522,0.0,-0.11075332952638851
29.375059127807617,-10.12123482119496,18.69154587075134,-1.6928096719773593,0.7259225243074879,0.0,-0.1106844128698848
29.400511503219604,-10.123516981851692,18.67314932459224,-1.695625994496259,0.7309971541380752,0.0,-0.11065662349494639
29.425276041030884,-10.125803165293592,18.655130241713554,-1.6983663972141692,0.7359895526902721,0.0,-0.11067173010619243
29.45002007484436,-10.128153094074849,18.637006564396362,-1.7011061442516904,0.7410107479575158,0.0,-0.11075064680180557
29.47525978088379,-10.130617701116968,18.61840244168139,-1.7039026677582636,0.7461506900276873,0.0,-0.1108579527727351
29.499977350234985,-10.133099606480874,18.600058109916542,-1.7066452504276344,0.7512219079089061,0.0,-0.1109852323877558
29.525010585784912,-10.13568084989668,18.581368105591128,-1.7094249246403062,0.756407221836868,0.0,-0.11112748957942374
29.54995894432068,-10.138323649253811,18.56261677483876,-1.7121992840727454,0.7616267373026326,0.0,-0.1112743027463669
29.575289487838745,-10.141078788697634,18.543456357665704,-1.7150194224796078,0.7669701630409705,0.0,-0.11142125041749242
29.600046157836914,-10.143843462010512,18.524603223280124,-1.7177806190556975,0.7722158854894845,0.0,-0.11161853919617422
29.62500500679016,-10.146702835597448,18.505474206469575,-1.7205690712850612,0.7775162127098156,0.0,-0.11180357239072806
29.650001287460327,-10.149638898717477,18.486200379123098,-1.7233651107060728,0.7828277137111839,0.0,-0.11197143555787742
29.675217628479004,-10.152677062747856,18.46662602765427,-1.7261905280441154,0.7882101015731356,0.0,-0.11211208657375361
29.70011281967163,-10.155752156796746,18.44717443440696,-1.7289832890437744,0.7935561214419272,0.0,-0.11220260669713525
29.7251398563385,-10.158919041506143,18.427499652118115,-1.7317917713876725,0.7989276926947878,0.0,-0.11222658249191313
29.75043296813965,-10.16219764449039,18.407491026841537,-1.7346297594302542,0.8043355030655204,0.0,-0.11218294065909018
29.775278091430664,-10.165495250259145,18.387715139091327,-1.7374171273042416,0.809651617132639,0.0,-0.11220524832625099
29.800097465515137,-10.16886649509383,18.36783910174087,-1.7402013564779972,0.8149783141730758,0.0,-0.11216618938016593
29.8250470161438,-10.172334245782737,18.3477345876786,-1.7429988455421255,0.8203419147021265,0.0,-0.11207120220161967
29.85002613067627,-10.175884821278716,18.32748819147393,-1.7457961232902057,0.8257055336851807,0.0,-0.11192939584327416
29.875038146972656,-10.179521371034948,18.30708717248303,-1.7485939415369098,0.8310769849897803,0.0,-0.11175577959081957
29.900011777877808,-10.183232797222333,18.286597588692473,-1.7513837984806457,0.8364526391683832,0.0,-0.11165735024614323
29.92496967315674,-10.187023585797741,18.265997482668656,-1.754169403304366,0.8418182125202714,0.0,-0.11153399441399542
29.94995951652527,-10.190900973467983,18.245251626711127,-1.7569550581559854,0.8471897565589548,0.0,-0.11139599823364267
29.979382038116455,-10.195570564712606,18.220679678620673,-1.760228872506334,0.8535265871505108,0.0,-0.11121047797797216
30.000003576278687,-10.198914001130342,18.203349103305783,-1.7625210916970129,0.8579667359165697,0.0,-0.11105952991425944
30.025004863739014,-10.203043674952571,18.18223090684273,-1.7652947547383249,0.8633243437457102,0.0,-0.11081052070644538
30.0500066280365,-10.207256791880612,18.160998488291355,-1.7680624190701186,0.8686484351920468,0.0,-0.11063443865590002
30.07909107208252,-10.21226593866395,18.136144092378174,-1.7712762722869833,0.8748279988345578,0.0,-0.11036364437901662
30.100072383880615,-10.215952129708098,18.118111306282866,-1.7735898801798924,0.8792828879483281,0.0,-0.11012803302771233
30.12690806388855,-10.220753698799054,18.094933270337958,-1.7765396044534938,0.8849632067566852,0.0,-0.109726277610705
30.149955987930298,-10.224957832138214,18.074915107223234,-1.779064063728244,0.8898366441813855,0.0,-0.10931080201523909
30.175031900405884,-10.229615120137192,18.053025589617867,-1.781798444806912,0.8951428721252934,0.0,-0.10878027308218824
30.200021743774414,-10.234344145109594,18.031092547807454,-1.7845116638409202,0.9004284628077358,0.0,-0.10834854873317565
30.224952220916748,-10.239149412031296,18.00909481198155,-1.7872070786725371,0.905687813810581,0.0,-0.10785714497340838
30.24997305870056,-10.244059579127738,17.986903746029324,-1.7898991205967691,0.9109557799799091,0.0,-0.1073168685117399
30.275001287460327,-10.249059111863705,17.964592991001677,-1.7925775428696011,0.9162203071029231,0.0,-0.1067265089504685
30.29994511604309,-10.254130723731329,17.94224008283538,-1.7952318055625578,0.9214535454502791,0.0,-0.10607449250675648
30.32499361038208,-10.2593112138866,17.91968465291497,-1.7978814776536274,0.9266932691161416,0.0,-0.10552288050184962
30.351064443588257,-10.264797279990894,17.896090520110846,-1.8006232069977215,0.9321393350362369,0.0,-0.10486583786603072
30.375152349472046,-10.269946518433064,17.87420585207426,-1.8031375775460197,0.9371533102422869,0.0,-0.10418976525601269
30.400870323181152,-10.275550934129898,17.850660771525877,-1.8058103687517066,0.942505507486111,0.0,-0.10338359372472133
30.42499303817749,-10.280888705314776,17.828489851635947,-1.808295211416846,0.9475098000671708,0.0,-0.10255634647772364
30.449958562850952,-10.286498504682225,17.805444099020985,-1.8108438122041772,0.9526708560744087,0.0,-0.10161777871616272
30.47502875328064,-10.292221281745922,17.78219157538901,-1.813378656807296,0.9578351337645937,0.0,-0.10061620971137387
30.50147294998169,-10.298353783707292,17.757549626256726,-1.816026451535712,0.9632617588473836,0.0,-0.09969457904178987
30.52495765686035,-10.303887415283569,17.735547947152313,-1.8183586989125073,0.9680600208368294,0.0,-0.09884626796949678
30.55012083053589,-10.309901891520697,17.711875202892315,-1.8208344226513604,0.9731789104385713,0.0,-0.09791715045244873
30.57512640953064,-10.315964250626447,17.68825714937632,-1.823269963098033,0.9782419586317904,0.0,-0.09699626845506247
30.59995150566101,-10.322078249523651,17.66467473393683,-1.8256682454167714,0.9832438278949458,0.0,-0.09609654477133839
30.62494683265686,-10.328319780484186,17.640835596609044,-1.8280606957760421,0.988246044101275,0.0,-0.09530489047720081
30.649929761886597,-10.334645353440592,17.616908200365657,-1.8304319141532235,0.9932173788530684,0.0,-0.09453539637353547
30.67506504058838,-10.341098413737711,17.59273049286075,-1.8327984103186685,0.9981904559633341,0.0,-0.09378783749242442
30.699992895126343,-10.347587992287318,17.568643069504198,-1.8351273171270124,1.0030503203684231,0.0,-0.09303968257841592
30.724954843521118,-10.354172916316,17.544425632126654,-1.8374394641639495,1.0076599156271568,0.0,-0.09220414918621946
30.749930143356323,-10.360845318369856,17.520107668046933,-1.839729965698807,1.0117832807468625,0.0,-0.09122536832630433
30.775025606155396,-10.367631495360849,17.495594499351323,-1.8420049872498205,1.015265935952566,0.0,-0.09008045098452322
30.80005145072937,-10.374474047239751,17.47109294050047,-1.8442455699070404,1.0180923901516228,0.0,-0.08900935835284614
30.825021982192993,-10.381376005403464,17.446589191080157,-1.84645341001237,1.0208817952418918,0.0,-0.08782448684824021
30.850024938583374,-10.388361320637538,17.42199650145733,-1.8486365088584544,1.024085205385984,0.0,-0.08679886834041903
30.875080108642578,-10.395438112013645,17.397286195600966,-1.8508002428811792,1.0276112493719995,0.0,-0.08591142193291793
30.899949073791504,-10.402541189327675,17.37268364590958,-1.8529277881989132,1.0313430091243874,0.0,-0.08515189838730887
30.92500352859497,-10.409774411005346,17.34782873249538,-1.8550527481588321,1.0352622768656405,0.0,-0.08449266276895535
30.950053215026855,-10.41708606703711,17.32290109648368,-1.8571617366210664,1.0392923858329077,0.0,-0.08392725820957778
30.974971771240234,-10.424443301863182,17.298010999481537,-1.8592324189229068,1.0433863282829419,0.0,-0.08222796044992256
31.000020742416382,-10.431917454451527,17.272915130143186,-1.8612701969752128,1.0475590713221394,0.0,-0.08049059821304792
31.025009155273438,-10.439455104746362,17.247791101971675,-1.863259660634468,1.0517532828272234,0.0,-0.07873098492697264
31.04994487762451,-10.447056832624705,17.222633244374077,-1.865201038624954,1.0559420513722697,0.0,-0.07696064988123862
31.075172901153564,-10.454775396488413,17.19726512700634,-1.8671085212916372,1.060144419654943,0.0,-0.07525994301292699
31.100062608718872,-10.462569575699538,17.171820954288876,-1.8689748190226367,1.064339192300429,0.0,-0.07373237787452452
31.1249942779541,-10.47040384472204,17.146413278662223,-1.8707970512378576,1.068499517113319,0.0,-0.07244134390270714
31.150195837020874,-10.478402080508141,17.120640269717864,-1.8726106354557153,1.072666334118114,0.0,-0.0714558046828354
31.175020694732666,-10.486354770105889,17.095175030150763,-1.8743758437330946,1.076709491616504,0.0,-0.07076040089793742
31.200034141540527,-10.494442184845232,17.06943801386696,-1.8761389984490724,1.080726505486455,0.0,-0.07023967063266567
31.225008726119995,-10.502594629612284,17.043652447027146,-1.8778879073008488,1.084670123796396,0.0,-0.06979549552637312
31.24996328353882,-10.510813161673461,17.017814591676633,-1.8796246426291336,1.088530997447905,0.0,-0.06940683611197246
31.27498173713684,-10.519128338154763,16.991828994220946,-1.8813562195881692,1.0923276306356016,0.0,-0.06900261346516216
31.29993176460266,-10.527494466127443,16.965838602176174,-1.8830719228984907,1.0960307687598647,0.0,-0.06850807626168223
31.325005769729614,-10.535972021986584,16.939655878199872,-1.884780966166026,1.0996592608170752,0.0,-0.0678426023958932
31.349961042404175,-10.54448402071368,16.913518135726637,-1.8864633749243955,1.1031842254977569,0.0,-0.0669777437386795
31.375047206878662,-10.553110146148915,16.887179842616533,-1.8881295080582963,1.1066419056820218,0.0,-0.06586882586797739
31.40016531944275,-10.561819160293604,16.860736399405727,-1.8897715513474065,1.110012542923047,0.0,-0.06486839424316808
31.425072193145752,-10.570521159901633,16.834457711006166,-1.8913704836908911,1.1132712612692874,0.0,-0.06354865989949843
31.45006823539734,-10.579325403054042,16.808010728766103,-1.8929383359552487,1.116462957370613,0.0,-0.06186770010000533
31.47501540184021,-10.5881767031482,16.781558745545425,-1.8944574114800574,1.1195579411504015,0.0,-0.059903514251161055
31.500037670135498,-10.597116567174957,16.754974300961965,-1.8959291924221555,1.1225841770917677,0.0,-0.05775083203567742
31.525018215179443,-10.60610576871662,16.7283703136223,-1.897344081958138,1.1255240153789308,0.0,-0.055518083022610076
31.549968004226685,-10.615142223019486,16.70174820471013,-1.8987011953807198,1.128371392864659,0.0,-0.0532800125114798
31.575098037719727,-10.624302421323389,16.67487941443896,-1.9000142590733984,1.1311574419766444,0.0,-0.051233531134212786
31.60335421562195,-10.634674161696298,16.644592382944623,-1.901429701810029,1.134218278021565,0.0,-0.04892509822922022
31.625052213668823,-10.642681858149345,16.621301939446326,-1.9024716861536959,1.1365140282700723,0.0,-0.04714371909636817
31.649932622909546,-10.651918650921273,16.594532090136212,-1.9036185744445477,1.1390633871697933,0.0,-0.04501451967541919
31.675029277801514,-10.661281630078756,16.56749518670046,-1.9047207655213745,1.1415510922213405,0.0,-0.04283715835368123
31.700183153152466,-10.67071720386125,16.54034325919808,-1.9057733720117709,1.1439688687257197,0.0,-0.04085538779940161
31.724998235702515,-10.680072863726899,16.51350968334998,-1.9067630344405735,1.1462746538190474,0.0,-0.038902261482879945
31.74995756149292,-10.68952872236161,16.486472958909843,-1.9077098285662277,1.1485197796043287,0.0,-0.03695207985762865
31.775032997131348,-10.699069917735585,16.459272942161558,-1.908611607642956,1.1507035254273366,0.0,-0.03497732496725024
31.799968242645264,-10.708600800502046,16.4321782124948,-1.9094589105327247,1.1527998849685968,0.0,-0.03297486556752087
31.825040578842163,-10.718221355592464,16.40490048545908,-1.9102626233666427,1.154821661106091,0.0,-0.031144942150056747
31.849958419799805,-10.727822000706364,16.377746603457105,-1.9110153615683128,1.1567496255291692,0.0,-0.02926864970465194
31.8750901222229,-10.737540315232135,16.35032380964605,-1.9117264883958909,1.158619845392476,0.0,-0.02732373376779603
31.89992666244507,-10.747180152123493,16.323181331102585,-1.9123808063309948,1.160410889004295,0.0,-0.025355890373103596
31.925063848495483,-10.756964485668636,16.295687211356178,-1.9129924954515525,1.1621725321108338,0.0,-0.023325232769002984
31.950005054473877,-10.766706099956636,16.268363666528156,-1.9135490193344453,1.1638617940596538,0.0,-0.021298971281082144
31.97501277923584,-10.77650231367583,16.240933130020046,-1.9140568225987644,1.1654924165997889,0.0,-0.0193099503397329
32.00001358985901,-10.78632307561393,16.213475788350948,-1.9145170482454825,1.167074896820023,0.0,-0.017502635098262307
32.02496147155762,-10.796147380084617,16.18604639898497,-1.914932447798727,1.1686256275733486,0.0,-0.01579769638439337
32.049975872039795,-10.806021289951136,16.158512795161613,-1.915308044248125,1.1701510271312199,0.0,-0.014233115694626947
32.07508826255798,-10.81595540446845,16.130842430529377,-1.9156477471032411,1.1716448110727014,0.0,-0.012825009399337567
32.10008502006531,-10.825866434132143,16.10326429873258,-1.9159529788149081,1.1731148204735382,0.0,-0.011596788326704372
32.125020265579224,-10.835775046049198,16.07571801832099,-1.9162289714980498,1.174575723410767,0.0,-0.010536454183099318
32.149930000305176,-10.845692263819453,16.048170577713833,-1.9164798767071751,1.176021570350507,0.0,-0.009607070860117634
32.17496085166931,-10.855677080732763,16.02045625677901,-1.9167097558728914,1.1774575893153354,0.0,-0.00875818547224028
32.20007824897766,-10.865706105579267,15.992638405151908,-1.916919717771432,1.178873210491955,0.0,-0.00797235639534758
32.225037574768066,-10.875702223658292,15.96492916678161,-1.9171090522764858,1.1802787933445376,0.0,-0.007190672176795066
32.2500205039978,-10.885720037355657,15.937175387378774,-1.9172783118907104,1.1816827277005981,0.0,-0.006358073954015411
32.27500128746033,-10.895753176240401,15.909392936244668,-1.917425565657369,1.1830622380108413,0.0,-0.005430131860467117
32.29999899864197,-10.905808525831663,15.881560835639634,-1.9175507686283888,1.1844189067396875,0.0,-0.004586014599242736
32.324965953826904,-10.915864625693764,15.853736580888304,-1.9176528782066609,1.1857766237376601,0.0,-0.0035938974840152094
32.34999966621399,-10.925962295476808,15.82580508435899,-1.917727969504385,1.1871514790168318,0.0,-0.0024050421485366665
32.37501573562622,-10.936067618007604,15.797857598376432,-1.917770440197504,1.1885235565892371,0.0,-0.0009895099940184118
32.39999485015869,-10.946169120888865,15.769922757365462,-1.9177747098694422,1.1898877181461023,0.0,0.0006482746847450582
32.42501473426819,-10.956297229259974,15.741912849448953,-1.9177355567690948,1.1912532598435834,0.0,0.0024825204807611013
32.4499933719635,-10.966419508071546,15.713913692842212,-1.9176527504903798,1.192619576202719,0.0,0.004148347495123584
32.47500705718994,-10.97656568329397,15.685839272008664,-1.9175261275947042,1.193986461032051,0.0,0.005975739846368267
32.49992060661316,-10.986678526544404,15.657843958993437,-1.9173524492028435,1.1953410244224336,0.0,0.007966321609249094
32.52499318122864,-10.996859780121865,15.629641581623307,-1.9171240841017054,1.1967173920659113,0.0,0.010253151247830937
32.550151348114014,-11.007078371519967,15.601313015660343,-1.9168399760731456,1.1981162023292034,0.0,0.012340634918303391
32.57513213157654,-11.017221983408604,15.57316475447745,-1.9164956994884537,1.1995075192937399,0.0,0.015248846281783308
32.60007691383362,-11.027371501476562,15.544966548201296,-1.9160818759442697,1.2008992080351966,0.0,0.017897825009264484
32.62504577636719,-11.037519085964949,15.516734059226172,-1.9155996585075945,1.2022842467769725,0.0,0.020730954254251806
32.65004587173462,-11.047678236257106,15.488423292475796,-1.9150446255368594,1.2036592822960785,0.0,0.023666959845380076
32.675172567367554,-11.057881903032833,15.459935300224435,-1.9144124517600687,1.2050446555494627,0.0,0.026655219938704535
32.700119972229004,-11.06800622918798,15.431609305173579,-1.91371050368789,1.2063794641406773,0.0,0.02961737918889657
32.72505235671997,-11.078112901743369,15.403266766032203,-1.9129385717457768,1.2075253255058904,0.0,0.032308980358920526
32.750016927719116,-11.088218630673412,15.374854508529323,-1.9120985207175951,1.2083052287143818,0.0,0.0349893017265727
32.775081396102905,-11.098344915830024,15.346305346278458,-1.9111881884224948,1.2085209970637605,0.0,0.03764166342475201
32.80004048347473,-11.108401317302118,15.3178682780073,-1.9102162068280948,1.2085747338231385,0.0,0.04024819998458627
32.82510566711426,-11.118471694203189,15.289300238003703,-1.9091750407966865,1.2089300679474901,0.0,0.04284704912323861
32.85010099411011,-11.128489787610835,15.2607831120739,-1.908074500489483,1.2095687080727453,0.0,0.045213132733412355
32.87506818771362,-11.138472158073933,15.23226477864612,-1.906918530150424,1.2104435336801005,0.0,0.04737294436569233
32.89999508857727,-11.148410861194433,15.203763288341946,-1.9057131588156446,1.2114976831316024,0.0,0.04934378734298903
32.92503070831299,-11.158367033800234,15.175098158442644,-1.9044551791134101,1.2126994805636362,0.0,0.05115445490628238
32.950056076049805,-11.16828384714608,15.146428036042405,-1.9031542492872795,1.21401810447559,0.0,0.05291109793008431
32.97508931159973,-11.17819444379371,15.117652694473753,-1.9018099005242681,1.215454633302558,0.0,0.05440498614852165
33.00004816055298,-11.188041864567573,15.08893399169942,-1.9004349768078297,1.216989835219624,0.0,0.05575421264644526
33.025070667266846,-11.197884161459614,15.060099354178284,-1.8990234175372174,1.218613626852865,0.0,0.05708557964675665
33.04997491836548,-11.207654948912376,15.031340272705217,-1.897586419905091,1.220300951877886,0.0,0.058302023615605096
33.07498574256897,-11.217439079091035,15.002403701887221,-1.896111897390145,1.2220511496333435,0.0,0.059596560018143854
33.100030183792114,-11.227206449121203,14.973373992732338,-1.8946009296416253,1.2238670327555643,0.0,0.061065135452897
33.125067710876465,-11.236938586417168,14.944301889783745,-1.8930502743336437,1.2257491926694264,0.0,0.06283609328298796
33.150105237960815,-11.24664460449873,14.915155428036257,-1.8914502374783684,1.227690216358125,0.0,0.06495111607617506
33.175041913986206,-11.256278054613274,14.88606937813304,-1.8898009702376792,1.2296859704713916,0.0,0.06732477887076767
33.200507164001465,-11.266079092748507,14.856308311401369,-1.8880586790622016,1.2317860208948483,0.0,0.06954665230706143
33.22498440742493,-11.275470142855735,14.827624619008636,-1.886327779649326,1.2338524681041099,0.0,0.07185663886003246
33.25001502037048,-11.28503604979955,14.798230035904673,-1.8844984153025488,1.2360145208801006,0.0,0.07431142375679721
33.27500796318054,-11.294549727282094,14.768810223803328,-1.8826101754001445,1.2382312126729056,0.0,0.07678980491521413
33.30004286766052,-11.304040266048723,14.739268260267638,-1.880656885387608,1.2405044646264975,0.0,0.07924958445236774
33.325008153915405,-11.313462836534454,14.709737108380208,-1.8786487446990814,1.2428191322922384,0.0,0.08162923450800069
33.35417675971985,-11.32441828992817,14.675137658826953,-1.876230435208784,1.2455785897050442,0.0,0.08418453365452973
33.37502479553223,-11.332210459432797,14.650347820774824,-1.874457580591878,1.2475793679311842,0.0,0.08591061191230298
33.400004625320435,-11.34150673769919,14.620567786354572,-1.8722863367374547,1.2500123127009097,0.0,0.08791613594230303
33.42501401901245,-11.350765107169059,14.590678478782246,-1.8700637161487306,1.2524936299733274,0.0,0.08984337902479544
33.45004677772522,-11.359983426530032,14.56068008592605,-1.867791595634711,1.2550183529301533,0.0,0.0917021711368132
33.47498822212219,-11.369119961973729,14.53070340040834,-1.8654817721087802,1.2575656966571607,0.0,0.09349285716448448
33.49999713897705,-11.378228544078189,14.500566315433604,-1.8631228591446845,1.2601449004653171,0.0,0.09514872678255804
33.52506899833679,-11.387303096167313,14.470281520452799,-1.8607177582047025,1.2627493034051407,0.0,0.09677996297173956
33.55015444755554,-11.396332016023585,14.439880886757317,-1.8582692498360027,1.2653828182982,0.0,0.09841351233690797
33.57528638839722,-11.405319699659648,14.409342785616117,-1.8557751533724152,1.2680490197651109,0.0,0.10007910497565178
33.60000395774841,-11.414104452948477,14.379216943779241,-1.8532803199148609,1.2706879581166548,0.0,0.10175814678958217
33.62509560585022,-11.422959517202946,14.348561092988465,-1.850705925299758,1.2733732357392777,0.0,0.103495125825119
33.65004301071167,-11.431706545830734,14.317982581313135,-1.8481037682807633,1.27604779345262,0.0,0.10508951753679856
33.675254344940186,-11.440481840231625,14.286996588918653,-1.8454338288841368,1.278748571219293,0.0,0.10671819144799184
33.70016121864319,-11.44908733450672,14.256297296024357,-1.8427560375366094,1.281409615228995,0.0,0.10830817083412336
33.72505235671997,-11.457622346674341,14.225530457748253,-1.840040926677213,1.2840613834817205,0.0,0.10985166433232611
33.74994921684265,-11.466093906929144,14.19466492244222,-1.8372871241077509,1.2867017241375744,0.0,0.11133125494861443
33.775026082992554,-11.474556387034891,14.16349297631064,-1.834477235927365,1.2893393243813214,0.0,0.11276681792256385
33.79999828338623,-11.482912916003365,14.13236420366064,-1.8316446454542357,1.2919437492441002,0.0,0.11408810780214343
33.82862401008606,-11.492402623374929,14.096577374702594,-1.8283570536260485,1.2949000366211794,0.0,0.11561697259488049
33.84997844696045,-11.499418957013145,14.069806332647419,-1.8258752426183096,1.2970855798784733,0.0,0.1168233023699403
33.875011682510376,-11.507574265337494,14.038341754700012,-1.8229302465955155,1.2996241136581257,0.0,0.11844818758013471
33.90002250671387,-11.515643783023235,14.006823686579276,-1.8199439071067334,1.3021267667456442,0.0,0.1203662390662719
33.925068855285645,-11.52364383033348,13.975180370891223,-1.8169013497736708,1.3046003154226589,0.0,0.12263089242926428
33.950016498565674,-11.531532210308976,13.943571445746805,-1.8138160138628807,1.3070397196432675,0.0,0.12470589739640418
33.97517251968384,-11.539402126231554,13.91161158191322,-1.8106478582174288,1.3094678935793833,0.0,0.12714492864909688
34.00004243850708,-11.547095645785719,13.87993429509532,-1.807451638485693,1.3118284990019986,0.0,0.12987268373112118
34.0250141620636,-11.554730190297308,13.848050031010828,-1.8041705386282212,1.3141610048152483,0.0,0.13293240140963322
34.04995894432068,-11.562265224731268,13.816113684761588,-1.80081281991722,1.316453449291248,0.0,0.1362563931123018
34.07501816749573,-11.569737746088265,13.783952325779753,-1.7973544968195572,1.3187045512053326,0.0,0.13975386116044108
34.100019693374634,-11.577092064226962,13.751789979554433,-1.7938209899394357,1.320895471349481,0.0,0.14295084184869017
34.12591862678528,-11.58460193308353,13.718388464778714,-1.7900750417830118,1.3231219325864962,0.0,0.1463537064744473
34.15001583099365,-11.591487247594495,13.687232948365223,-1.7865103693719153,1.3251611426386372,0.0,0.14951411922041064
34.17500948905945,-11.598522792834125,13.654833628669534,-1.782732285496434,1.327241261641066,0.0,0.15274061176791082
34.200342655181885,-11.605537144174143,13.621922368083014,-1.7788227314801175,1.3292945522265658,0.0,0.15590158435511808
34.22501873970032,-11.61225352393145,13.589795621258231,-1.77493997015467,1.3312387035895965,0.0,0.15884158782898058
34.24998760223389,-11.618931893700337,13.557209958536745,-1.7709398655175081,1.3331655032102585,0.0,0.16157321832922183
34.27498388290405,-11.625495938442166,13.524511694605998,-1.7668684263857093,1.3350562079670285,0.0,0.16416455843753186
34.30002975463867,-11.63194751718701,13.491675329212432,-1.7627258698196548,1.3368959649599,0.0,0.1666000324821665
34.32502222061157,-11.638256189692468,13.45884358427049,-1.7585336533726692,1.3386732620555961,0.0,0.16890138586714223
34.350037574768066,-11.644439001988452,13.4259172217208,-1.7542816239857189,1.3403997396206901,0.0,0.17112582673074014
34.37507486343384,-11.65049496979254,13.392887243275515,-1.7499700889808536,1.3420722626717896,0.0,0.17328785507638592
34.400062561035156,-11.656403491677258,13.359855097171696,-1.745615206383855,1.3436912420430647,0.0,0.17526577723648593
34.42517280578613,-11.662202295701361,13.326594536462768,-1.7411899172367271,1.3452731130993283,0.0,0.17718294482583308
34.45012450218201,-11.667823389067228,13.293486244746255,-1.7367467905103615,1.346786628142593,0.0,0.1789946939463861
34.47508955001831,-11.673306198054126,13.260294656508044,-1.7322560559358013,1.3482297109054906,0.0,0.180759291271099
34.500075578689575,-11.678649308807426,13.227015031990371,-1.7277167202290387,1.349600377178464,0.0,0.1825719057318271
34.525092363357544,-11.683851304696573,13.193641716673906,-1.723126008240256,1.3508920179949204,0.0,0.18446652692170773
34.55004167556763,-11.688890936388166,13.160301269020275,-1.718502145860447,1.3521043180043082,0.0,0.18619185361564197
34.57498574256897,-11.693780439739127,13.126904948918286,-1.7138353948561125,1.3532487497743197,0.0,0.18786269790310847
34.59997200965881,-11.698523280410273,13.093415499560274,-1.7091249802756547,1.354323173888688,0.0,0.18920482325523244
34.62506937980652,-11.703130768533079,13.059733727819227,-1.7043663526498904,1.3553232984942296,0.0,0.19008695183494023
34.65000653266907,-11.707554147227672,13.026211956722271,-1.6996196750407793,1.356234995297591,0.0,0.19056928494136788
34.67504620552063,-11.711838231478657,12.992509282934972,-1.694844532234737,1.3570687225737368,0.0,0.1907944688255512
34.70003151893616,-11.715953992356159,12.958847409234705,-1.6900754356197603,1.3578286704457598,0.0,0.19099915440352977
34.724987745285034,-11.719907324450151,12.925182121803985,-1.6853076067809694,1.3585236508734548,0.0,0.19107708227945286
34.75038003921509,-11.723765704244105,12.890902864161585,-1.6804562505255227,1.3591566964949071,0.0,0.19112752089960375
34.77563810348511,-11.727440900506489,12.856765444740203,-1.6756280163549178,1.3597070725003708,0.0,0.19120593829724825
34.800050020217896,-11.73083858683515,12.823732366933175,-1.6709577542817402,1.36016533616678,0.0,0.19131489626593523
34.82506513595581,-11.73416015824361,12.78986666005598,-1.6661705204864379,1.3605697498565563,0.0,0.1914493917148885
34.85004425048828,-11.737315909588355,12.756025373755042,-1.6613870804897144,1.3609232225219234,0.0,0.19156947158815524
34.87517762184143,-11.740328577221893,12.721950044421261,-1.6565705738783822,1.3612178355784437,0.0,0.19170645593192606
34.900105714797974,-11.743155116473167,12.688130679686575,-1.651788848205113,1.3614359941290437,0.0,0.1919121781506442
34.925084352493286,-11.745825212887626,12.654227352668727,-1.6469900958133665,1.3615933110401397,0.0,0.19232134784593263
34.95005011558533,-11.74833131150908,12.62032655731174,-1.6421802920005992,1.361683946845332,0.0,0.19300220393112688
34.97510552406311,-11.750682316846639,12.586289422547173,-1.6373330530414185,1.3616955143191676,0.0,0.1939129718127587
35.00010681152344,-11.752863236480827,12.552317326157727,-1.632474982754398,1.3616388403664608,0.0,0.19472835327851434
35.0250403881073,-11.754873618148538,12.518424736987557,-1.6276072936706307,1.3615230002368959,0.0,0.19568848475182266
35.05001759529114,-11.756721329531862,12.484469726008461,-1.6227066616399441,1.3613465597029772,0.0,0.1967148366524418
35.07504725456238,-11.75840553093467,12.450434686217687,-1.6177697208097372,1.3611081205990556,0.0,0.1977069397034373
35.10004806518555,-11.759919105866521,12.416443168998065,-1.6128165701597614,1.3608106410276206,0.0,0.19853060167354555
35.12535834312439,-11.761278940230044,12.382040092738276,-1.6077852643638877,1.3604680673914773,0.0,0.19913406841924872
35.150012493133545,-11.762436818448478,12.348522951107379,-1.602869256322279,1.3601121474002775,0.0,0.19965909894347286
35.17527794837952,-11.763452032566978,12.314176154944722,-1.5978200074412254,1.3597060960527316,0.0,0.20000056228402574
35.20005536079407,-11.764278779061891,12.280500237915252,-1.5928618789279534,1.359249181424418,0.0,0.20019208894899598
35.22509956359863,-11.764944311632375,12.246477431529557,-1.5878477820589028,1.3587307157394264,0.0,0.2002920096154289
35.24994897842407,-11.765436010672321,12.212714186564918,-1.5828685689019115,1.3581611786790635,0.0,0.20033698972852587
35.275052309036255,-11.765761776462488,12.178632205019206,-1.5778396347703392,1.3575367674989107,0.0,0.20035647750032373
35.300066232681274,-11.76591581767197,12.144686940935236,-1.5728283948230835,1.3568713648013957,0.0,0.20035908712964567
35.325021505355835,-11.765899975538476,12.110831771285165,-1.56782794885063,1.3561844138597448,0.0,0.20036177222225307
35.35000395774841,-11.765714602797635,12.076953009983844,-1.5628209477117856,1.3554668217242183,0.0,0.20039144757429772
35.37506341934204,-11.7653585954133,12.043003231106246,-1.5577990525646386,1.3546966064477728,0.0,0.2004769342875957
35.400057792663574,-11.764833834637406,12.00915729435633,-1.5527860922442234,1.3538819196906446,0.0,0.20064504648567202
35.425044775009155,-11.764140048723291,11.975347165924772,-1.547771106862495,1.3530411326796978,0.0,0.2007821959972396
35.44998550415039,-11.763278828945841,11.941620838850302,-1.5427600063551559,1.3521931412041612,0.0,0.20103348432457366
35.4749813079834,-11.762246751225177,11.907848246041418,-1.5377303169214638,1.3513131703848213,0.0,0.2014063093148316
35.500059604644775,-11.761041404456511,11.873997705538208,-1.5326739762758879,1.350380220328662,0.0,0.20189633062249093
35.525102376937866,-11.759667643901665,11.840223438594872,-1.5276108406068956,1.3494025521460342,0.0,0.20249600785609503
35.55223321914673,-11.757988150256699,11.803685937602047,-1.5221097739121614,1.3482912139318628,0.0,0.20323826777818937
35.57543706893921,-11.756391259729066,11.77243125471481,-1.517382781948241,1.347296473767452,0.0,0.20391374870206597
35.60006284713745,-11.754537370164549,11.739317241098165,-1.5123532593307483,1.346205308030883,0.0,0.20454863729739423
35.62504458427429,-11.752488004283308,11.705763053627338,-1.5072348042624386,1.3450808492800022,0.0,0.20522395430412577
35.64998960494995,-11.75027163918022,11.672293571092476,-1.5021064404713758,1.343935027806517,0.0,0.20589966373084104
35.67507243156433,-11.747872400662935,11.638688500307353,-1.4969343223404386,1.342744533596177,0.0,0.20655365756919167
35.7000367641449,-11.745313212293123,11.605275304129199,-1.4917691378455595,1.3415261611695684,0.0,0.20718237212868054
35.72523283958435,-11.742558491374167,11.571607676024566,-1.4865415768816856,1.340266220862061,0.0,0.20783108886677168
35.75,-11.739680831106027,11.538549934849135,-1.4813867098565885,1.339001240687503,0.0,0.20838653066168603
35.77617931365967,-11.736456878558135,11.50365930259698,-1.475922030154736,1.337640383543111,0.0,0.20905842273623323
35.80003476142883,-11.733356472150918,11.471918589759925,-1.4709262637435203,1.3363804560784036,0.0,0.20981960398650004
35.82508945465088,-11.729932570282292,11.438632400314217,-1.465657196303397,1.3350356408350519,0.0,0.21083438305639213
35.85004758834839,-11.726350559609582,11.405525011979405,-1.4603806678077662,1.3336754987312118,0.0,0.21202609352145138
35.87680220603943,-11.722320090729912,11.370090616450058,-1.4546891434858786,1.3321995413339165,0.0,0.21342648088090602
35.90008187294006,-11.718652198589282,11.33930797012253,-1.4497077583712228,1.3309027683323005,0.0,0.21450088067822212
35.92504024505615,-11.71455348380391,11.306361687971535,-1.4443386611442681,1.3295124486156504,0.0,0.2157369009156346
35.95018911361694,-11.710248802067841,11.273222885656907,-1.438897265030071,1.3281041904272013,0.0,0.21700768354292618
35.975104331970215,-11.70581095990406,11.240453332495624,-1.4334755270056097,1.3266888968260082,0.0,0.2182550889805111
36.00010013580322,-11.701183658550214,11.207630114880788,-1.4280039799797561,1.3252541264485318,0.0,0.2194877883471344
36.02525734901428,-11.696351727852061,11.17466867068299,-1.42246970555651,1.3237962954485571,0.0,0.22058744668770736
36.04993438720703,-11.691436483299697,11.142376753357793,-1.4170108235610526,1.3223515141384283,0.0,0.22164396542462145
36.07494759559631,-11.686282784468377,11.109727988349318,-1.4114545331659634,1.3208778624682502,0.0,0.22268824303104257
36.099977016448975,-11.680948451106717,11.077115778368361,-1.4058670171704386,1.3193965115950468,0.0,0.22374186594095113
36.12502932548523,-11.675433498579396,11.044545908840586,-1.400248391089457,1.3179067831293114,0.0,0.22483309542634672
36.14999079704285,-11.669762088713698,11.012159314307608,-1.3946222307390133,1.316415534098662,0.0,0.22593799015558702
36.17501449584961,-11.663899941186763,10.97976135604912,-1.3889545842104845,1.3149178306486677,0.0,0.22702706226427313
36.199992418289185,-11.657872032006185,10.9474936372705,-1.3832717887549388,1.3134202776383623,0.0,0.22798768980711306
36.22496461868286,-11.651668908505068,10.915304463898464,-1.3775665806104473,1.3119196061437732,0.0,0.22891996537661602
36.24997305870056,-11.645280741477956,10.883146216158828,-1.3718310694084586,1.3104152863113232,0.0,0.22981622355969789
36.27502632141113,-11.638702743796456,10.851001029357368,-1.3660620579214242,1.3089094645832362,0.0,0.23072250154899673
36.30002951622009,-11.631960605654196,10.818995894286566,-1.3602805683524808,1.3074089618254177,0.0,0.23174503955365616
36.325087785720825,-11.62502666327317,10.787001531161534,-1.3544593996881547,1.3059087878647957,0.0,0.23294263843404045
36.35007953643799,-11.617930323358445,10.75515590126803,-1.3486199530651617,1.3044164337502187,0.0,0.2342459568369359
36.37500333786011,-11.610677950238216,10.723483429749038,-1.3427673225248766,1.3029335902065051,0.0,0.23540007518264897
36.39994812011719,-11.603242032690648,10.691863558586542,-1.3368809211314479,1.3014238452127105,0.0,0.23655531000986815
36.425050497055054,-11.595580894015903,10.660130015733603,-1.3309300232734989,1.299870524328598,0.0,0.23763367196872356
36.44995093345642,-11.587801760583691,10.628726696883563,-1.324999976222676,1.2983183556715208,0.0,0.23860027173818468
36.475003242492676,-11.579797698183675,10.597221030112687,-1.319011379274691,1.2967205862838764,0.0,0.23947686533151333
36.50020122528076,-11.571568469759544,10.56562673533872,-1.3129684465965619,1.295063704733471,0.0,0.24023832679529847
36.524943351745605,-11.563309508081904,10.534680537161154,-1.3070145570281975,1.2934033800455775,0.0,0.24092749029937185
36.55005240440369,-11.55475556058616,10.503384568819515,-1.3009587218992846,1.291693746273085,0.0,0.2415940875418495
36.575042486190796,-11.546060028118273,10.47231121114131,-1.2949113356448825,1.2899446947885713,0.0,0.24224645758852753
36.600040435791016,-11.537190437726231,10.441339717174948,-1.288848641222831,1.2881369771998896,0.0,0.24291134465729097
36.62503671646118,-11.528143439179267,10.410458426576348,-1.2827675179911495,1.2862937406475192,0.0,0.24359502950784695
36.649951696395874,-11.518952494729149,10.379778350796823,-1.2766895598156092,1.2844379926098886,0.0,0.24426446974556068
36.67508363723755,-11.509509347429738,10.348943172331921,-1.2705449967625184,1.2825543618622275,0.0,0.24484026609219187
36.70003366470337,-11.499956509145111,10.318419443812273,-1.2644283387162252,1.2806519931558913,0.0,0.2453544479361884
36.72500443458557,-11.490225738252562,10.287982404146689,-1.2582965616878703,1.2787098412408793,0.0,0.24575998419349696
36.74995231628418,-11.480332171115396,10.257678234689681,-1.2521618421931267,1.2767495716228672,0.0,0.2460165234523032
36.77503037452698,-11.470216504761748,10.22732801087792,-1.2459914906684255,1.2747462612317557,0.0,0.24609991119966043
36.800405502319336,-11.459810209528596,10.196740027030028,-1.239748379383432,1.2726747362562,0.0,0.24613022114878547
36.82559370994568,-11.449303251545622,10.166475003307164,-1.233549114016455,1.270585065188846,0.0,0.24599840013253332
36.85008931159973,-11.43892327132948,10.137155338330487,-1.2275257020766162,1.268519333218116,0.0,0.24572665979277264
36.87507939338684,-11.428173604884181,10.107368283390809,-1.221391388708126,1.2663773997609782,0.0,0.2453091857919088
36.900062799453735,-11.41726129367059,10.077701210681656,-1.2152696112624608,1.2642135946869737,0.0,0.24477386098299247
36.92503619194031,-11.406189394571506,10.048159025541521,-1.2091635950012862,1.2620485206149028,0.0,0.2441629767856047
36.94996666908264,-11.394977649430619,10.018789482179692,-1.203083804988623,1.2598977001936462,0.0,0.2435735620155359
36.975032329559326,-11.383544205800654,9.989377935935027,-1.1969858954676602,1.2577274387927615,0.0,0.24293844590198135
37.00041365623474,-11.371807506165307,9.959725602039343,-1.1908290257440373,1.2555114528444173,0.0,0.24227223706545425
37.02500915527344,-11.360278341328227,9.931105154568955,-1.1848779201970672,1.2533472903591742,0.0,0.24161380997052384
37.050015449523926,-11.348404722786764,9.902131755442522,-1.1788448920385828,1.2511335313898644,0.0,0.2409357097819886
37.075066566467285,-11.336356610183229,9.873230469154787,-1.172818101288475,1.2489075848350029,0.0,0.24026020976374382
37.100075006484985,-11.324174580523342,9.844495751703642,-1.166816753852132,1.246681847586965,0.0,0.23960887414413742
37.12495231628418,-11.311909639409388,9.816039970836936,-1.160863702490234,1.244470959924036,0.0,0.23898552201217169
37.150200843811035,-11.29931192649213,9.78728714810876,-1.154837547250418,1.2422266301371718,0.0,0.23837935632528715
37.17503523826599,-11.286773812204295,9.75912885596404,-1.1489245046870367,1.240018778344262,0.0,0.237801520783829
37.20002770423889,-11.2740131963235,9.730921758502546,-1.142988896121223,1.237802582826783,0.0,0.23725423553823488
37.22504997253418,-11.26109182145419,9.702804698244456,-1.1370591242213504,1.2355877687738415,0.0,0.23671881999448632
37.24996829032898,-11.248081948209625,9.674930502141805,-1.131166648717728,1.233384426737697,0.0,0.23623156652702584
37.27498769760132,-11.234874801782894,9.647063772648492,-1.1252605568657694,1.2311761667976333,0.0,0.2357799877282856
37.30000567436218,-11.221530659832325,9.619331938256106,-1.1193669052433295,1.22897494766464,0.0,0.23535237905811018
37.3250093460083,-11.208057691148573,9.59174909769731,-1.1134881013207478,1.226787773058721,0.0,0.23494474238964907
37.34995245933533,-11.194478165087105,9.564356809128743,-1.1076325566204468,1.2246246459892522,0.0,0.23455720860726584
37.375054359436035,-11.180676710487038,9.536922648598672,-1.1017498965240569,1.222469193965635,0.0,0.23419333988494243
37.40005898475647,-11.166790623051696,9.50971900273262,-1.0958981311154927,1.2203412281202026,0.0,0.23382985842140652
37.42949557304382,-11.150271889353679,9.477860228467756,-1.0890203619340648,1.217828974032527,0.0,0.23345105794306248
37.45020914077759,-11.138539882064215,9.455553942499899,-1.084187897769914,1.2160582255059187,0.0,0.23321887814509742
37.47504138946533,-11.124353354965525,9.428925015706469,-1.078400195027731,1.2139562606309242,0.0,0.23291265735392275
37.50003933906555,-11.109941879464794,9.40224802833955,-1.0725836648618312,1.2118670832212732,0.0,0.23243936359253006
37.525079011917114,-11.095379207430893,9.375661949781664,-1.0667735622098542,1.2098001376578695,0.0,0.2317186494044986
37.5500168800354,-11.0807433786266,9.349305674190447,-1.061002947919699,1.2077642480385633,0.0,0.2310362109470487
37.57507371902466,-11.065909734707661,9.322952886453342,-1.0552251291060448,1.2057435540505526,0.0,0.230089134301228
37.601526975631714,-11.050115566082576,9.295278511484034,-1.0491559383021527,1.2036179299180267,0.0,0.22882324509183669
37.62515425682068,-11.035886614732592,9.270675278498944,-1.0437640183384824,1.2017284902467231,0.0,0.22750154776803744
37.65030646324158,-11.020631072127566,9.244631339553232,-1.038064785020089,1.199748797895588,0.0,0.2259507807909046
37.67506527900696,-11.005478432792245,9.21909436281154,-1.0324854245047175,1.197810705673585,0.0,0.2245378211980615
37.70001983642578,-10.990094195893052,9.193493792601725,-1.0269010091325312,1.1957378637436784,0.0,0.22299231907901404
37.724984884262085,-10.974589250972219,9.168014645325526,-1.0213539306287307,1.1934625936440464,0.0,0.22135478226538505
37.75001573562622,-10.95893692046064,9.142610884395083,-1.0158352697156567,1.1908787970519608,0.0,0.21962962388836463
37.775022983551025,-10.943194240805767,9.117372053514943,-1.010365147137728,1.187899420683242,0.0,0.21781366613033065
37.80007553100586,-10.927332225086948,9.09224793699722,-1.0049331155140984,1.1844631667921028,0.0,0.21590399393042845
37.82508611679077,-10.911407189614666,9.067323392138844,-0.999557579729642,1.1809971119530067,0.0,0.2140026954620349
37.84994983673096,-10.895482915586422,9.042690835661586,-0.9942567332772604,1.177909162970977,0.0,0.2123021317191677
37.87499928474426,-10.8793494328804,9.018022414496826,-0.9889571615102467,1.1750655628745321,0.0,0.21074974034065994
37.89995503425598,-10.863187161623092,8.993592041235654,-0.9837151647604727,1.1724301167170925,0.0,0.20934047657375005
37.92502975463867,-10.846859971279509,8.969191029241452,-0.9784836019403788,1.16993946004541,0.0,0.20804457619107614
37.949952602386475,-10.83053437852887,8.945064842341232,-0.9733129742424413,1.1675878134351263,0.0,0.20686088373942407
37.974973917007446,-10.814051897454677,8.920975812536762,-0.9681544854612029,1.1653274504660636,0.0,0.2054396623715759
37.99998736381531,-10.79748387156858,8.897026839261379,-0.9630321295034944,1.163149972311147,0.0,0.2041326943775864
38.02496814727783,-10.78084779985181,8.87323985600674,-0.9579484670613613,1.1610423073278655,0.0,0.2029133566215223
38.050286531448364,-10.763895365645515,8.849261978608588,-0.9528263155656648,1.1589609722853431,0.0,0.20176131727910165
38.07502198219299,-10.747240328916359,8.825955325470472,-0.947848397467602,1.156973829828557,0.0,0.20068780251035098
38.100157022476196,-10.730227756806762,8.802398467127293,-0.9428170351147962,1.1549998768729006,0.0,0.1996314668824431
38.12503170967102,-10.713306403866163,8.779212664963431,-0.9378637705101204,1.1530880410382454,0.0,0.19866188657163578
38.150065183639526,-10.696200347450961,8.756016064934318,-0.9329055799479798,1.1511993471026165,0.0,0.1977419819612832
38.17526054382324,-10.678881541393757,8.732773448152532,-0.927933296639064,1.1493284746733199,0.0,0.19689901589566108
38.200265645980835,-10.661599370402117,8.709817776882742,-0.9230163515841383,1.1474941817237363,0.0,0.1961333390375287
38.22500014305115,-10.644431199905492,8.687243617993968,-0.9181741072360128,1.1456963958826198,0.0,0.1953986218056546
38.249995470047,-10.626999210953455,8.664552218542015,-0.9132997842236679,1.1438991394258047,0.0,0.19462506166368176
38.27501058578491,-10.609469485412463,8.641962007307542,-0.908441429075245,1.1421243020060043,0.0,0.19379089666130264
38.30000376701355,-10.591875671500258,8.619514636439531,-0.9036081801120839,1.1403739324234976,0.0,0.19301251186081358
38.32500410079956,-10.574196015621402,8.597180487377992,-0.8987939825886897,1.1386319784137264,0.0,0.19216061626407932
38.350590467453,-10.55601797496885,8.574444653480265,-0.8938896846362742,1.1368516215907876,0.0,0.19120820652621498
38.37561273574829,-10.538157952389719,8.552326838706398,-0.8891173520555332,1.135114121878856,0.0,0.19019035220506433
38.40000629425049,-10.520671796915828,8.530879031878746,-0.8844903626403685,1.1334266670941857,0.0,0.18912023183312412
38.42501425743103,-10.502674335540908,8.509013416769488,-0.8797759069405579,1.1317025540953771,0.0,0.18796011729453432
38.449934244155884,-10.484660784052965,8.487336373761869,-0.875104615900214,1.1299844820602027,0.0,0.1868875983468678
38.47500228881836,-10.466469428405375,8.465652228937348,-0.8704339801547585,1.1282533912445627,0.0,0.1857572353603756
38.50001049041748,-10.448249449459729,8.444137969968072,-0.8658033675952151,1.1265257837388407,0.0,0.18458681691984968
38.525044441223145,-10.429942157815681,8.422721926212475,-0.861198756970723,1.124803113278508,0.0,0.1833520209984817
38.55007076263428,-10.411577930831179,8.401437733278884,-0.856629431999004,1.1230847421187287,0.0,0.18202539798457446
38.57513070106506,-10.393118588947388,8.380239322541131,-0.85208803012791,1.121362373978847,0.0,0.18059598822203965
38.59999418258667,-10.374705884641694,8.359286040776995,-0.8476085889107499,1.119644903966924,0.0,0.17928500926391647
38.62498664855957,-10.356154501820301,8.338364361565633,-0.8431453499853654,1.1179010179285085,0.0,0.17786882709163976
38.64996814727783,-10.33754822455575,8.317567697133379,-0.838720611632761,1.116128536216059,0.0,0.17636792788330447
38.67499399185181,-10.318847711940746,8.296850269841983,-0.8343268756235385,1.1143309777210035,0.0,0.17477384159336454
38.70001411437988,-10.300091240425344,8.276252655020569,-0.8299752585334257,1.1125240780512171,0.0,0.17307780547746263
38.725037813186646,-10.281277950012502,8.25577152771869,-0.825664731563921,1.1107046632824127,0.0,0.1715169783086327
38.75024199485779,-10.26226806431606,8.235254427878088,-0.8213630408389868,1.1088544805750677,0.0,0.16984313083465616
38.77651071548462,-10.242397878419109,8.213995917327601,-0.8169253760715596,1.106915962049567,0.0,0.1680685834153074
38.79990792274475,-10.2246411488208,8.195156855830183,-0.81300920259558,1.1051882336176058,0.0,0.16655951607597835
38.825016260147095,-10.205542917641997,8.17505782163092,-0.8088460865463094,1.1033272783928163,0.0,0.16505810298047793
38.850024938583374,-10.18646933197619,8.15515029406905,-0.8047352372260314,1.101461565834392,0.0,0.16368808731557014
38.8750057220459,-10.167367627350647,8.135376030695127,-0.8006620969767927,1.099595656931395,0.0,0.16239643759215938
38.89997959136963,-10.148224521665018,8.115719119931338,-0.796621291791228,1.0977316773990584,0.0,0.16120338238385068
38.924965381622314,-10.129026445126483,8.096163926109332,-0.7926087299925441,1.0958600281727024,0.0,0.15998982848298327
38.95046520233154,-10.10938979926566,8.076322894339777,-0.7885463958465266,1.0939385083557671,0.0,0.15867794597550824
38.97506642341614,-10.090397335520093,8.057284707857104,-0.7846588301028257,1.0920803798218142,0.0,0.15734120599787843
39.0000102519989,-10.0710993268148,8.038090447327454,-0.7807516852600901,1.090200389745955,0.0,0.15592314570307197
39.025023221969604,-10.051709463131433,8.018954458470994,-0.776870372147842,1.0883145513829713,0.0,0.1544567273830275
39.049976110458374,-10.032321684682703,7.999967667928049,-0.7730325858021047,1.0864255504573337,0.0,0.15310820542557627
39.07503938674927,-10.012812062417106,7.981007351747345,-0.7692126997098574,1.0845259228205,0.0,0.1517168945686047
39.099995851516724,-9.993347944082048,7.96223433707094,-0.7654440426006501,1.082650333154354,0.0,0.1503065163957195
39.12496566772461,-9.973834048662626,7.94355413723235,-0.761708392498245,1.080779112090319,0.0,0.1488684953186907
39.15000605583191,-9.954234058651608,7.9249308422598315,-0.7579993589173156,1.078892485982364,0.0,0.1474063978281147
39.175015926361084,-9.93462205142327,7.906433303755471,-0.7543309816796528,1.0770035437754935,0.0,0.14595200190080732
39.20002365112305,-9.914981990638763,7.888044306905152,-0.7506984205981577,1.0751284647528365,0.0,0.14461571480304133
39.224966526031494,-9.89535307572472,7.869798354072212,-0.7471067588963112,1.073286752276788,0.0,0.14331575021882892
39.25000810623169,-9.87562228137885,7.8515890066606016,-0.7435342533560197,1.0714430814672147,0.0,0.14205767636048208
39.27501821517944,-9.855881427551449,7.8334999063932464,-0.7399963832222948,1.0696015533652456,0.0,0.14084305027063
39.30138826370239,-9.835035633997121,7.814536607535141,-0.7362985441612534,1.0676381261537937,0.0,0.13960332738260817
39.32498478889465,-9.816355831860003,7.797662445255607,-0.733016295990046,1.0658428689818766,0.0,0.13857830946824679
39.34997081756592,-9.796553173718674,7.779894638587855,-0.7295672705010223,1.0639172251269902,0.0,0.13751773284912516
39.37493348121643,-9.77674175129189,7.76224141031282,-0.7261472284971586,1.061986325375188,0.0,0.13648165763769282
39.39998817443848,-9.756832378463484,7.7446224548409495,-0.7227401388537638,1.060061588114738,0.0,0.13546758621547647
39.425002574920654,-9.736935516218365,7.727134538477132,-0.7193640647449884,1.0581331994175713,0.0,0.1344921175772204
39.449947118759155,-9.717068913244807,7.709791175924727,-0.7160206604698754,1.0561943776848617,0.0,0.13356124878788445
39.4750120639801,-9.697087316902769,7.692464676209593,-0.7126844271490581,1.054251449088853,0.0,0.13266206316239823
39.500016927719116,-9.677132132090037,7.675276858171163,-0.7093776996158161,1.052322970423526,0.0,0.13182936987621108
39.5250518321991,-9.657135846187101,7.658168189374234,-0.7060882538646085,1.0504065757987087,0.0,0.13100281759586463
39.550098180770874,-9.637119300910857,7.641155550558027,-0.7028198444243949,1.0484968515312212,0.0,0.13013872404212726
39.575106382369995,-9.617092221396252,7.624245982562366,-0.6995753895410757,1.0465904534677446,0.0,0.12919598543886213
39.600090742111206,-9.597076891340894,7.60745677029535,-0.6963603154396885,1.0447014439499738,0.0,0.12817401359341454
39.625009536743164,-9.57709142867059,7.590801215086329,-0.6931789897810794,1.042829466190931,0.0,0.12709806124381778
39.650219678878784,-9.556860635709741,7.574050146586871,-0.6899875591283116,1.040941676383581,0.0,0.12609301359662414
39.675081729888916,-9.536890792001989,7.557621133114162,-0.6868651308475815,1.0390898929763304,0.0,0.12506395458181008
39.70008826255798,-9.516797082165944,7.541195002753471,-0.6837517483532976,1.0372472639294816,0.0,0.12401569621351816
39.725037813186646,-9.496724853476287,7.524889894011653,-0.6806700596282323,1.0354374387548786,0.0,0.12298071775844596
39.750000953674316,-9.47662963250695,7.50866823837675,-0.6776126384589194,1.0336640805517365,0.0,0.12197521738543878
39.77502155303955,-9.456472705900355,7.492498014852749,-0.6745728202591111,1.031926445011114,0.0,0.12100817753013543
39.800004959106445,-9.436328666900168,7.47643807040415,-0.6715604130085183,1.0302271859472605,0.0,0.1201200668747785
39.82502508163452,-9.416145130978816,7.460445546372349,-0.6685661093357685,1.0285647577199764,0.0,0.11927081654856056
39.850048780441284,-9.395947285109525,7.444539554390426,-0.665592782753365,1.0269465461698308,0.0,0.11845566078467216
39.87508535385132,-9.375709497683626,7.428699099855937,-0.6626360990354182,1.0253901846525757,0.0,0.117658223033475
39.90009093284607,-9.355489398709793,7.412968276563139,-0.6597042116598651,1.0238994088961066,0.0,0.11687059084889413
39.92505693435669,-9.335282651263409,7.397342338233823,-0.656796342338773,1.022455292770977,0.0,0.1160842978185374
39.95011639595032,-9.314981234364035,7.381737187077578,-0.6538962506562472,1.021045027328407,0.0,0.11535908807759239
39.97513437271118,-9.294716379324605,7.366253011497622,-0.6510221116159822,1.0196737542276915,0.0,0.11462250308084765
40.00010704994202,-9.274429642396303,7.350843975494305,-0.6481660333056911,1.0183528550926217,0.0,0.11386443708646522
40.02507519721985,-9.254154044032699,7.335534149969059,-0.6453334226873495,1.0170895075400719,0.0,0.11307041373279797
40.05001950263977,-9.233876043685816,7.3203121532327815,-0.6425233707780185,1.0158743529151646,0.0,0.11223448019016782
40.07507848739624,-9.213486786825236,7.305095899365356,-0.6397218554010116,1.0147146202232398,0.0,0.11136844549570492
40.09998655319214,-9.193196104984322,7.290040946805995,-0.6369571198509165,1.0136258515016594,0.0,0.11058450401300668
40.125035524368286,-9.172776047735221,7.274977282064173,-0.6341973883414267,1.0125810178517072,0.0,0.10978135499270851
40.1500129699707,-9.152392497310638,7.260026801505436,-0.6314654730373389,1.0115987525322696,0.0,0.10897681873043054
40.17508387565613,-9.131910963223362,7.245090181363012,-0.628743531315202,1.010684715890944,0.0,0.10816942526269017
40.20006084442139,-9.111484597373172,7.230278321685977,-0.6260519102354282,1.0098348592116175,0.0,0.10737393558832804
40.22506785392761,-9.091009189504671,7.2155145741334366,-0.6233765155533909,1.0090544157791257,0.0,0.10659919323870627
40.25003004074097,-9.070546214980649,7.200842472249016,-0.6207248533903649,1.0083518315006321,0.0,0.10585529039980855
40.275070667266846,-9.049994459990003,7.186188918922317,-0.6180827300837809,1.0077138344928847,0.0,0.1051793571036347
40.300081729888916,-9.029438143320888,7.1716135820861195,-0.6154600162685911,1.0071426528409724,0.0,0.10452501025576569
40.32509660720825,-9.008855593434667,7.157100363363933,-0.6128536747992787,1.0066355709058197,0.0,0.10387818853908574
40.35002064704895,-8.988316273941766,7.142697244720002,-0.6102724564247666,1.0062058750757472,0.0,0.10323175867026332
40.37504768371582,-8.967662913224189,7.128293453325288,-0.607696804238967,1.0058594139591153,0.0,0.10258196792989796
40.40002250671387,-8.9470249283381,7.113978927360789,-0.6051422651195627,1.005585719078868,0.0,0.10199839217131974
40.424992084503174,-8.926361188439841,7.099724347044255,-0.6026030952649407,1.0053764265639797,0.0,0.10140692102613083
40.45002818107605,-8.905606513413945,7.085484559747764,-0.6000718426985847,1.0052452078515526,0.0,0.10079391044191409
40.47510051727295,-8.884788979309468,7.0712788246981075,-0.5975529478151119,1.005199984137196,0.0,0.10014147031739402
40.499951124191284,-8.864113547767476,7.057245686199187,-0.5950721474958951,1.005249491827678,0.0,0.09945491404897178
40.525010108947754,-8.843238866471244,7.043152856648641,-0.5925895086506677,1.0054001008210918,0.0,0.09873517896553137
40.55157494544983,-8.821064180634977,7.02826449016612,-0.5899759188690686,1.0056507028480812,0.0,0.09805337725020039
40.575332164764404,-8.801364416308587,7.015107939716985,-0.5876738155865919,1.0059383748585387,0.0,0.09743214150322561
40.60014748573303,-8.780400304907511,7.001178595443013,-0.5852447924152347,1.0063344079493544,0.0,0.09676282259551337
40.62508177757263,-8.7594617949765,6.987339088342275,-0.5828403159057128,1.006828645513523,0.0,0.09609849722066305
40.65020298957825,-8.738321287583524,6.973439014617805,-0.5804343634393931,1.0074066711053566,0.0,0.09544253869344665
40.675034046173096,-8.717375155543099,6.959738166180039,-0.5780714688427785,1.0080477625232258,0.0,0.09482843585600281
40.70004057884216,-8.696242606254325,6.94598658530635,-0.5757073679139165,1.0086333072952878,0.0,0.0942665728482418
40.72504901885986,-8.675066429834562,6.932277559006084,-0.573356970677974,1.0090636757601992,0.0,0.09372695590772871
40.75435924530029,-8.65020229873398,6.916270650700226,-0.5706196110655669,1.0092184404951647,0.0,0.09310325417924967
40.775145292282104,-8.63256103154235,6.904971744095999,-0.5686913698066237,1.0090451493609551,0.0,0.09266290419334604
40.80003547668457,-8.61135290892239,6.891451536970415,-0.5663878907596489,1.0088929373200213,0.0,0.09215083101895195
40.82500386238098,-8.590078008888957,6.877957455783901,-0.5640927320351001,1.009055725572842,0.0,0.09168684734773204
40.85046863555908,-8.568486578950651,6.864332286310816,-0.5617784455595971,1.0094846278873895,0.0,0.0912855139202058
40.87501263618469,-8.547353033276991,6.851063422725834,-0.5595267490498838,1.0101061580967392,0.0,0.0909517661926404
40.90058207511902,-8.525444233605793,6.837377550840275,-0.557205463504694,1.010920078795616,0.0,0.0906583840390769
40.92505073547363,-8.504423880039623,6.82431286203536,-0.5549898337445016,1.0118334235046926,0.0,0.09042231083525087
40.9499785900116,-8.48295656389828,6.81103674598604,-0.552739212033833,1.0128858431511067,0.0,0.09011327513911292
40.975032567977905,-8.461330680095308,6.797729803801291,-0.5504858421587906,1.0140551701405107,0.0,0.08976398455907195
40.999998569488525,-8.439728071120937,6.784503955134275,-0.5482487748587113,1.0153095770662888,0.0,0.0894648806996227
41.024975299835205,-8.418054174051969,6.771300932274826,-0.5460186532099528,1.0166386715537852,0.0,0.08908992503245698
41.05000185966492,-8.39628404243149,6.758105672083303,-0.5437949295755904,1.0180474196785438,0.0,0.08864474296199888
41.07502317428589,-8.374454168802995,6.744940316634064,-0.5415830645240592,1.0195325034565834,0.0,0.08814591593810925
41.100024700164795,-8.352581004546805,6.731814525728239,-0.5393859337055424,1.021079072842327,0.0,0.0876131829063413
41.125032901763916,-8.330641653639189,6.718714299048829,-0.537201883164324,1.022685954032556,0.0,0.08707055816909468
41.1499764919281,-8.308692576771138,6.705672938126928,-0.5350358727180633,1.0243443064433322,0.0,0.08659504146164901
41.175008058547974,-8.28659859876858,6.692610091763195,-0.532873703794053,1.0260719603674102,0.0,0.08613187165899906
41.20003628730774,-8.264446945854177,6.6795775221940925,-0.5307233934734071,1.0278700245168317,0.0,0.0857134573057339
41.22503614425659,-8.242252820255214,6.666583942513755,-0.5285852223206097,1.0297282051983856,0.0,0.08535348911641363
41.25217580795288,-8.218077098540176,6.652502377928814,-0.5262729633532505,1.031832432450995,0.0,0.08502646172130367
41.27501845359802,-8.197666901648033,6.64067214096959,-0.5243329113314145,1.0336782177572148,0.0,0.08483533494099992
41.29996705055237,-8.175307866752545,6.62777279439663,-0.5222186753323578,1.0357560167727156,0.0,0.08466211347404773
41.32501721382141,-8.152784911786751,6.614842352700166,-0.5200983223762732,1.0378936963565482,0.0,0.08463854783139486
41.35008382797241,-8.130174299613616,6.6019252853463835,-0.5179751291652168,1.0400774012243417,0.0,0.08478941443755335
41.37503170967102,-8.107589069939946,6.589086172577559,-0.5158563481564321,1.042315512997499,0.0,0.08504186770042653
41.40447783470154,-8.080838542762816,6.57396097338233,-0.5133483744824209,1.0450484636364745,0.0,0.08531192846264388
41.425044536590576,-8.062089241013695,6.563412491000423,-0.5115928324197428,1.0470010855942782,0.0,0.0854075936257558
41.449997901916504,-8.039269634769738,6.550632371080664,-0.509460196708721,1.0494054184559773,0.0,0.08553212572023948
41.475003719329834,-8.016316958533926,6.537842055759464,-0.5073212334328409,1.0518458352434088,0.0,0.08551860189425067
41.50005054473877,-7.993249495110255,6.525052385531912,-0.5051812011799434,1.0543425790000722,0.0,0.08536914257938456
41.52502131462097,-7.970169051866628,6.512319851318306,-0.5030528159156288,1.0568957039769546,0.0,0.08510126572826315
41.55000853538513,-7.946992626270491,6.4995985380059285,-0.5009310856809318,1.0594947623422386,0.0,0.08474377169465588
41.57505536079407,-7.923670915527241,6.486861736171366,-0.49881348134195364,1.0621339549543443,0.0,0.08432798843978179
41.60003185272217,-7.9003327691311735,6.474179802027298,-0.49671174426014003,1.064791383998857,0.0,0.0839707032775834
41.624953746795654,-7.876959890092782,6.461542343157237,-0.4946239017612688,1.0674662330837383,0.0,0.08357555327970473
41.64995741844177,-7.853425798109938,6.448881096556188,-0.4925394676735315,1.070188967833604,0.0,0.08315933860407951
41.67499589920044,-7.829767986921769,6.436216690140146,-0.4904627616135823,1.0729625317841363,0.0,0.08269860318540655
41.700016260147095,-7.806043920017858,6.423579913472341,-0.48840087250712977,1.0757677826997656,0.0,0.0821254932170822
41.72502255439758,-7.7822462197999,6.410966581320724,-0.48635629991881085,1.0786135256090388,0.0,0.08141537926834162
41.749966859817505,-7.758414066731661,6.398397005897681,-0.4843330309695571,1.0815007772799983,0.0,0.0807919136945217
41.77495217323303,-7.734454319097442,6.385821826806143,-0.4823235890085356,1.0844282277695094,0.0,0.08005075245564212
41.80005431175232,-7.710297545588435,6.373204927659275,-0.48032491364932295,1.0873970115709684,0.0,0.07922421878698806
41.8250093460083,-7.686185980787815,6.360672420641325,-0.47835858460905156,1.0903729203507764,0.0,0.0783592448331075
41.8499972820282,-7.66194916559608,6.348134993979999,-0.47641108830213424,1.0933848709004652,0.0,0.07749334968383959
41.87499809265137,-7.637614613382165,6.335606699467446,-0.4744843984667143,1.0964344402945543,0.0,0.07665516385979625
41.900025844573975,-7.613157186191899,6.323074422893525,-0.4725750973073377,1.0995164264496955,0.0,0.07591051518825602
41.925013303756714,-7.588648073224253,6.310574352604393,-0.47068730045450485,1.1026085465998459,0.0,0.07518852849442065
41.95018434524536,-7.5638639571374755,6.297992863988546,-0.46880350670551274,1.1057492023097626,0.0,0.0744826356492664
41.97507381439209,-7.539266811047404,6.285563913687903,-0.4669582077837975,1.1088888850425431,0.0,0.07380458420273785
41.99996328353882,-7.514573142220672,6.273143083795621,-0.46512934469583417,1.1120435269164743,0.0,0.07313949646133765
42.02509117126465,-7.489560797761313,6.260619227190531,-0.4633003997659849,1.1152278158120355,0.0,0.07248657629990099
42.05013298988342,-7.464662632289333,6.248208963932334,-0.46150187828626577,1.118384683618709,0.0,0.07191421679044607
42.075048208236694,-7.439532984600519,6.235739629166307,-0.4597074932942569,1.1215760065559832,0.0,0.07136100919354284
42.10008931159973,-7.414314486944125,6.223282330679468,-0.4579269833985426,1.1247931644636922,0.0,0.07083655213009082
42.12504863739014,-7.389086497949625,6.210875879880323,-0.45616508148189616,1.1280074258706416,0.0,0.0703479051897925
42.14998006820679,-7.363788930159065,6.19849030382371,-0.45441646389743917,1.1312090529674632,0.0,0.06990540434801454
42.175068855285645,-7.3382433452514535,6.186038629880259,-0.45266757683180153,1.134411035348621,0.0,0.06952045767080013
42.20002365112305,-7.312735464574224,6.17366021032645,-0.45093660219539555,1.1375767946971187,0.0,0.06918715988932199
42.22495222091675,-7.287163745652343,6.161305300410503,-0.4492150591965505,1.1407207402866752,0.0,0.06891788732377149
42.24995565414429,-7.261427784511274,6.148925618359988,-0.447494608235085,1.1438627123149216,0.0,0.06871130380965103
42.27502250671387,-7.235532174513071,6.136523952664145,-0.445774183037646,1.1470026970454186,0.0,0.06855678666021962
42.29999566078186,-7.209642685188426,6.124179769690479,-0.4440636739389621,1.1501084939922472,0.0,0.06843685152349296
42.325090408325195,-7.183539591647473,6.111788579211143,-0.4423478209695103,1.1531960224278615,0.0,0.06833916784201584
42.349997997283936,-7.157534358489789,6.099498242635931,-0.44064645287927906,1.1562283701887657,0.0,0.06826480747611467
42.3752715587616,-7.131055680359742,6.087039595868681,-0.43892175412268386,1.1592852003597938,0.0,0.06820519202278819
42.40017080307007,-7.104883593097522,6.074779858108242,-0.43722420741215784,1.162281914412183,0.0,0.06815463746148769
42.42506742477417,-7.078627287417967,6.062534954635722,-0.4355281143603848,1.165249845842907,0.0,0.06810836582065909
42.45124316215515,-7.050928325756482,6.049675854256613,-0.43374604461031824,1.1683254840965769,0.0,0.06806768297512239
42.47501087188721,-7.025682397718686,6.038007688709709,-0.4321279049523502,1.171089548865326,0.0,0.06804286385239461
42.49999117851257,-6.999075491148173,6.025764029350223,-0.43042838795980376,1.1739768896074023,0.0,0.0680321390128082
42.52503800392151,-6.972312649708257,6.013503755134061,-0.4287245473309478,1.1768515851787191,0.0,0.06803370308625444
42.55092191696167,-6.944623311563045,6.000876973759381,-0.4269672403503588,1.1798616517714529,0.0,0.06805332932332288
42.57537031173706,-6.918268576071467,5.988913268605058,-0.4252993418359402,1.182801929757731,0.0,0.06809937595695188
42.59998869895935,-6.891694415567573,5.976903529882691,-0.4236214250165717,1.1858198460315474,0.0,0.06818597301336371
42.625065088272095,-6.864544811092948,5.964689088750013,-0.42191011488283064,1.1889415537681445,0.0,0.06832253674374023
42.65002751350403,-6.83742191906659,5.9525423672493485,-0.4202028209815194,1.1920827536711007,0.0,0.06846416375638671
42.67499756813049,-6.8101909765664415,5.940403108722613,-0.41849049362581325,1.1952460196132613,0.0,0.0686480015975621
42.70141386985779,-6.78129042055024,5.927580644229522,-0.4166727269995007,1.1986202309925142,0.0,0.06898186896997925
42.725029945373535,-6.7553650140018116,5.916131710663887,-0.4150363047117603,1.201660804262052,0.0,0.06961248330090804
42.75014042854309,-6.727707140106967,5.903973789733805,-0.41327393199955104,1.2048985602859592,0.0,0.07077091747517403
42.77505588531494,-6.7001680838283955,5.891926272987281,-0.4114912242034646,1.2081102350369903,0.0,0.07233871028222595
42.80027890205383,-6.672189233431598,5.879746749555121,-0.4096480465746212,1.2113556930798866,0.0,0.07380458808916389
42.825007915496826,-6.644662354222803,5.867824316008847,-0.4078016097360441,1.214535875143093,0.0,0.07551588106441255
42.850104331970215,-6.616647709309245,5.8557531712908935,-0.4058841913956624,1.2177665329499383,0.0,0.0773720512242776
42.8750855922699,-6.588638585653936,5.8437486711437545,-0.40392844234670566,1.2209822723419506,0.0,0.07914643305502121
42.90007734298706,-6.560531385306111,5.831767845332685,-0.4019320956268221,1.2241849178328348,0.0,0.08061716185941796
42.92500066757202,-6.5323980943277435,5.819842719423781,-0.3999055638628726,1.2273490197458568,0.0,0.08197238366292212
42.95036506652832,-6.5036809465577745,5.8077398165607255,-0.3978147327972923,1.23052827310581,0.0,0.08293368118102235
42.97510099411011,-6.475567499999779,5.795960003877188,-0.39575591658787096,1.2336054337412246,0.0,0.08350120657570641
43.0000216960907,-6.447151393676488,5.784122548934477,-0.39367042473216973,1.2366873276162555,0.0,0.0838560461355231
43.025063037872314,-6.418508095979917,5.772260804177741,-0.3915663103223576,1.239756878927899,0.0,0.08421965954743535
43.049994707107544,-6.389892530868098,5.76048104038632,-0.38946028229469204,1.2427459320095338,0.0,0.08473079312354383
43.07506442070007,-6.361021346928802,5.748667539293911,-0.3873270831953457,1.2456633615104944,0.0,0.08543589033245531
43.100096464157104,-6.332108842900354,5.736909297586582,-0.3851806098533306,1.2485115198265386,0.0,0.08609075687319326
43.125036001205444,-6.303204013900646,5.725226600215896,-0.38302250258285114,1.2512959531693084,0.0,0.08695198340488812
43.14997339248657,-6.274213388754641,5.713582330671211,-0.38084090715517305,1.2540095463409853,0.0,0.08799299329870727
43.17499542236328,-6.245035845685448,5.701937425310486,-0.37862433164798287,1.2566483564190987,0.0,0.08915164901506849
43.20001554489136,-6.215780105882409,5.690336904462366,-0.3763791420438522,1.259199123817591,0.0,0.09032927483276895
43.22499680519104,-6.18648250781901,5.678796268299912,-0.37410898876891197,1.2616575092536144,0.0,0.09141077506730283
43.24992251396179,-6.157169008976165,5.6673265293152335,-0.37181800737044657,1.264032991972261,0.0,0.09241314915023324
43.27494835853577,-6.127654202821088,5.655856490168953,-0.3694941845297064,1.2663485248953328,0.0,0.09328502284912753
43.299964904785156,-6.0980759223184515,5.64444115586214,-0.36715163393996186,1.268604786234475,0.0,0.09401454494234837
43.325026750564575,-6.068365238528067,5.633054980516515,-0.3647881790878793,1.27080854667067,0.0,0.09461583859249147
43.350006341934204,-6.038673979721792,5.621756765028832,-0.3624188427641302,1.2729382255348913,0.0,0.09510187689240106
43.375077962875366,-6.008796539828833,5.6104690134984505,-0.36002980654728417,1.2750070147167574,0.0,0.09548676469643105
43.40008306503296,-5.978921756383692,5.599263806224257,-0.35763764176696666,1.2770092849911514,0.0,0.09584546727249024
43.425023555755615,-5.94904953706164,5.588141038333476,-0.35524352002970006,1.278963994565331,0.0,0.09612824046374784
43.45004677772522,-5.919009064559479,5.5770376880428065,-0.3528350728386454,1.2808835924577437,0.0,0.09637499246987338
43.475462198257446,-5.888428429958293,5.56581909596,-0.3503819183284094,1.2827800167579464,0.0,0.0966981177873282
43.500086307525635,-5.85872285594309,5.555003020935087,-0.3479935642276084,1.2845636415150126,0.0,0.09726160411330287
43.52505016326904,-5.828543849338308,5.544096972084444,-0.34555427594129207,1.2863011260550823,0.0,0.09816547846867102
43.55000185966492,-5.7983091995585125,5.533254483033309,-0.3430942508655048,1.2879635741978246,0.0,0.09899415545942472
43.574989795684814,-5.767966763451155,5.5224579600387935,-0.34060669330870713,1.289575085410291,0.0,0.1000924647825516
43.599950551986694,-5.73758814671542,5.511734075975211,-0.3380920249021708,1.2911435880218696,0.0,0.10135076290570617
43.62504196166992,-5.707001905154259,5.501024078994252,-0.3355328258124419,1.2926758008905792,0.0,0.10269462828416046
43.650086879730225,-5.676398637050716,5.490396476972185,-0.33294366712631995,1.2941398790981422,0.0,0.1040493265227917
43.6750111579895,-5.645881044746621,5.479887450298981,-0.33033371361287295,1.2955280667351339,0.0,0.10535872541115004
43.7001850605011,-5.615007631311947,5.469346933806995,-0.3276668071964803,1.2968802310515817,0.0,0.10656817978998268
43.72497248649597,-5.584539233898763,5.459035159371782,-0.3250108672641326,1.2981498098617992,0.0,0.10770281815442104
43.749898195266724,-5.553842649832284,5.448737671253654,-0.32231245053618324,1.2993504160970217,0.0,0.10877759655636698
43.774988889694214,-5.522893324090041,5.4384489780202605,-0.3195705348817461,1.3005002479057597,0.0,0.10979201828847068
43.80003476142883,-5.49194688524696,5.428255719174293,-0.31680986339911804,1.301580439496578,0.0,0.11068259338826175
43.825013637542725,-5.461027341290657,5.418166077950397,-0.3140370071731991,1.3025744637532535,0.0,0.1113356534861873
43.84994339942932,-5.430113689401744,5.408173303606795,-0.311253665492736,1.3034964807978662,0.0,0.11192996125718406
43.87498450279236,-5.399016616664338,5.398217171323661,-0.3084469731883154,1.3043756841313143,0.0,0.11223689662258465
43.89993953704834,-5.367978779766987,5.388375888653821,-0.30564563622064,1.3052173797809306,0.0,0.11227763869622216
43.9250864982605,-5.336663657568432,5.378543489289534,-0.3028250787079253,1.306011734155599,0.0,0.11211508595910327
43.950052976608276,-5.305521774134218,5.368861468007801,-0.30003016377611735,1.3067338068416883,0.0,0.11180073374269979
43.97899842262268,-5.2693482096032875,5.3577345032393575,-0.29680070529473,1.3075135393823183,0.0,0.11127562663985074
43.99995279312134,-5.2431303852951165,5.349749579653299,-0.29447226204120674,1.3080399824145046,0.0,0.11093794645635736
44.02497673034668,-5.211788309637333,5.340291258905943,-0.29170286813555724,1.3086152749617528,0.0,0.11041078866769621
44.05000615119934,-5.180399158323551,5.330913275389321,-0.2889467591675742,1.3091566163817898,0.0,0.1098222496729731
44.07501435279846,-5.1489974359759705,5.321625438324177,-0.28620781347469854,1.3096779020124871,0.0,0.10921934408707465
44.10361695289612,-5.113038443821893,5.311104033707932,-0.28309368024343107,1.3102466589241475,0.0,0.10854207393373515
44.12500047683716,-5.086120238395032,5.303307171251821,-0.28077750099782184,1.3107439473639824,0.0,0.10807729845067339
44.150033950805664,-5.054574975750552,5.294255770226885,-0.2780782271374708,1.311506637175106,0.0,0.10760110046446884
44.17501878738403,-5.023039792070604,5.285299047978234,-0.27539472643393087,1.3124167906316857,0.0,0.10718729254023046
44.19998788833618,-4.991484506448256,5.276427856010649,-0.2727226230698039,1.313433696134728,0.0,0.10687148676809728
44.225016593933105,-4.959799009890596,5.267611345992845,-0.2700502069731971,1.3145316916666132,0.0,0.10666382948341978
44.250035762786865,-4.928147292331416,5.258895107541312,-0.2673888932494118,1.315681972227127,0.0,0.10655077854396344
44.27498507499695,-4.8963903492439735,5.250240804751596,-0.26472364197525067,1.3168708323235343,0.0,0.10661653386053346
44.299994230270386,-4.864579153342323,5.2416627648268,-0.26205649475923926,1.3180833482745886,0.0,0.10668697681525395
44.32643389701843,-4.830894658517997,5.23267873540677,-0.2592295797906776,1.31938246895803,0.0,0.1071819140682688
44.350083351135254,-4.800709698985582,5.224714839617701,-0.25668380359864756,1.3205541116093973,0.0,0.10810167697500128
44.37502121925354,-4.768825195954606,5.216392131541761,-0.2539698191436929,1.3217915503121493,0.0,0.10952154527449348
44.39997410774231,-4.736874082313245,5.20814526782989,-0.2512148458106874,1.3230242131974275,0.0,0.11129075372388966
44.42500829696655,-4.704770488987303,5.19995425396628,-0.2484041467822907,1.3242491848551743,0.0,0.1132867540836308
44.449941873550415,-4.67273946026158,5.191878246300043,-0.245553912513012,1.325457007241947,0.0,0.11533942259133495
44.47507905960083,-4.640392576792401,5.18382185315922,-0.24263068763059567,1.3266607398884545,0.0,0.11723134647694657
44.50006675720215,-4.608187553158855,5.175901201110936,-0.23967854046926804,1.32783830558062,0.0,0.1190585606944203
44.525036096572876,-4.575955509020319,5.1680754619400275,-0.23668463103048656,1.3289975160357121,0.0,0.12075797613473567
44.54997968673706,-4.54370358458866,5.160347724641501,-0.23365317658539575,1.330138184516504,0.0,0.12230283653640173
44.57499623298645,-4.511302443681043,5.152688819427751,-0.23057560019056741,1.3312594632467447,0.0,0.12370725419383995
44.60004186630249,-4.478824201441147,5.1451177799737895,-0.22746183089669483,1.3323611772367006,0.0,0.12499309552849373
44.62502479553223,-4.446369230661789,5.137659052262443,-0.22432418315896197,1.3334460932068126,0.0,0.12618163758442036
44.64997482299805,-4.413907331715803,5.130306315617051,-0.22116180423370052,1.3345121872225958,0.0,0.12730515515246887
44.67526054382324,-4.380961071758634,5.122954544065121,-0.2179289919564268,1.3355666758766371,0.0,0.12840439567556225
44.69999599456787,-4.348682046892244,5.115860402062165,-0.21473949707115167,1.336572946132262,0.0,0.12947578242936203
44.72497606277466,-4.316036461538765,5.108795773508614,-0.21149145155045815,1.3375634542101789,0.0,0.13056614161863236
44.75003719329834,-4.2832484119203285,5.101812352477254,-0.20820657323974717,1.338531404668417,0.0,0.13165754835231053
44.77506971359253,-4.250435476652563,5.094936646715835,-0.20489768111230028,1.339473224577664,0.0,0.13265513240110305
44.800012826919556,-4.217696840030394,5.088189736910898,-0.20157587110980993,1.3403811806101682,0.0,0.13365871696362294
44.827720165252686,-4.181285575283266,5.080819462930611,-0.19785721767149303,1.3413547318822852,0.0,0.13478087503651276
44.85003709793091,-4.151922013074432,5.074978670740818,-0.19483995524172204,1.342112509529882,0.0,0.13566148270771441
44.875078439712524,-4.118930093044903,5.0685262711136225,-0.19143098986693763,1.342935499144121,0.0,0.13661890009159278
44.900014877319336,-4.086029123409799,5.062208191940299,-0.18801290741460366,1.3437264265914017,0.0,0.13749017788873003
44.92502307891846,-4.0530000298959505,5.0559830127030745,-0.18456454491452182,1.3444859050475637,0.0,0.13831348597721319
44.950034856796265,-4.019924255240247,5.049867423112749,-0.1810956737431293,1.3452096532938902,0.0,0.13907079919578563
44.97870469093323,-3.9819554999266344,5.042993651957094,-0.17709649318156667,1.345993420602755,0.0,0.13985478198356438
44.99997591972351,-3.9537600615613857,5.037990799460026,-0.17411617244125688,1.346543159885315,0.0,0.14037524880587154
45.02504587173462,-3.920501113759652,5.0322010293023585,-0.1705905207954187,1.3471558602562426,0.0,0.14094248949732052
45.05006003379822,-3.8872783168013396,5.0265382673052,-0.16705880731346404,1.347734085387532,0.0,0.14146189582465837
45.07508683204651,-3.854002001356488,5.0209874992790535,-0.1635125542560021,1.3482824170208563,0.0,0.14193646041385216
45.10025191307068,-3.82050864297359,5.015523071508572,-0.15993531826263252,1.3488023821057293,0.0,0.1423649190666708
45.12506175041199,-3.787454319833307,5.010250913843931,-0.1563983473808974,1.3492867882833173,0.0,0.14273966310645725
45.150028467178345,-3.7541648180733334,5.0050624425063726,-0.15283076245406227,1.3497474671055125,0.0,0.14306107613905222
45.17506217956543,-3.7207487289683705,4.99997658955394,-0.1492456378611565,1.3501814041501343,0.0,0.14330930994922858
45.20005750656128,-3.6873625546686424,4.995017685375479,-0.14566083555161097,1.3505893488313332,0.0,0.14353585172802788
45.225184202194214,-3.653775966890863,4.990152411543948,-0.14205265992688768,1.350976809429996,0.0,0.1436928021548788
45.25001883506775,-3.620546392183545,4.985460565963887,-0.13848235115639826,1.3513419760062244,0.0,0.14380259435883172
45.27506065368652,-3.5870175856143933,4.980849048014976,-0.13488033673497046,1.351694448460898,0.0,0.14387737392550057
45.3000922203064,-3.553480765044761,4.976359445659508,-0.13127895735817136,1.3520276370825912,0.0,0.1438967067238563
45.32726979255676,-3.517039819784235,4.971620314408819,-0.1273690377665243,1.35236966295217,0.0,0.14384745472788546
45.350053787231445,-3.4864680596496966,4.967756130418436,-0.12409207372145628,1.3526414789880472,0.0,0.14381177564658
45.37538743019104,-3.452457558842757,4.96357678410065,-0.12045045843046338,1.3529276630635936,0.0,0.14371937829277462
45.40019917488098,-3.4191209322030223,4.959602119893146,-0.11688615405402611,1.3531916421088674,0.0,0.14358003581727447
45.42545008659363,-3.385170574911535,4.955677979551038,-0.11326286862346018,1.3534460148888137,0.0,0.1433699636105615
45.45004105567932,-3.352092718565493,4.95197439852867,-0.10974071242481014,1.3536813050263472,0.0,0.1430969052281515
45.47514986991882,-3.318351769628088,4.948317902956177,-0.10615760362450666,1.3539041401580294,0.0,0.14276041324448824
45.50001502037048,-3.284803652624325,4.9448033475508915,-0.10260583072408619,1.3541086596035163,0.0,0.14237903871709726
45.5249879360199,-3.251161859666201,4.941399714109357,-0.09905504932479806,1.3543026006776195,0.0,0.14203286769047843
45.54997968673706,-3.217472350152394,4.938111963897363,-0.09550994389128366,1.354486636439867,0.0,0.14166180461537958
45.57518982887268,-3.1834748974547367,4.934916161072789,-0.09194328689951965,1.3546576463186837,0.0,0.141305678955458
45.59993100166321,-3.1500854486285026,4.931896373101252,-0.08844996195723691,1.3548078184655399,0.0,0.14101596110447884
45.625224113464355,-3.1159830847400762,4.9289333183075215,-0.08488979660139219,1.3548672432009166,0.0,0.14080254363759717
45.650030851364136,-3.082460294498414,4.926139704104049,-0.08139634125425566,1.3547857932685532,0.0,0.1405985010316061
45.67503261566162,-3.0486973635163843,4.923445153233004,-0.07788234487677853,1.354593003474342,0.0,0.14049576556191642
45.70002460479736,-3.014949477402187,4.9208710580244155,-0.07437111932076565,1.3543089927580896,0.0,0.14052962959747006
45.72507333755493,-2.981118210123065,4.918410233345606,-0.07084854644129156,1.3539447821874175,0.0,0.14071547180251098
45.75005388259888,-2.9473849994656143,4.916075893349469,-0.06732978203278721,1.353513918819552,0.0,0.14102986043217255
45.77509570121765,-2.913566744914176,4.9138555156019015,-0.06379235579416674,1.3530249533385519,0.0,0.14146863531300854
45.800281286239624,-2.8795654015752223,4.911744402312521,-0.060224793893238183,1.3524805973604295,0.0,0.14185843642883705
45.825037717819214,-2.846141618587214,4.909788003831054,-0.05670552850081336,1.3519007024893215,0.0,0.14240521921110194
45.850035667419434,-2.8124058816452795,4.9079332795088435,-0.0531366496363021,1.351279328607693,0.0,0.1431307999786846
45.87501668930054,-2.7786947856359294,4.906200859840062,-0.04954950655470113,1.350626961340992,0.0,0.14399555806664147
45.90003561973572,-2.744955824693744,4.904588782523622,-0.04593527020103275,1.3499450368543255,0.0,0.14496933775771545
45.92506718635559,-2.7112085409799884,4.903098994264751,-0.042293619473733814,1.3492333324622714,0.0,0.14601387871097768
45.94998240470886,-2.6776259325311385,4.901739152562488,-0.038642390154522456,1.3484977164089946,0.0,0.1470533319755478
45.97498321533203,-2.643942287499531,4.90049902442897,-0.03495396210905575,1.3477389115344502,0.0,0.1479899479367747
46.00003361701965,-2.6102116418195718,4.899382231364462,-0.031236189856276932,1.3469614030288746,0.0,0.14885544296862738
46.025081396102905,-2.5765035426944523,4.898391964444886,-0.027498802048783157,1.3461728735219336,0.0,0.1496169703468166
46.04995608329773,-2.543029035800984,4.897533663039833,-0.023767725534190546,1.3453857402364375,0.0,0.1502859659337561
46.07500886917114,-2.5093402411998555,4.896796348462637,-0.019994262590650385,1.3445902845689774,0.0,0.15094433333858173
46.10008764266968,-2.475663543499418,4.896186705375282,-0.016204584758074698,1.3437956541147653,0.0,0.15153302842424662
46.12502074241638,-2.4421495272301574,4.895707037793848,-0.012415036646223617,1.343009266667579,0.0,0.15224210591379841
46.150020122528076,-2.408587362750613,4.895354337210973,-0.008597781070601818,1.3422244326653456,0.0,0.15315083752993922
46.17508053779602,-2.374961704513759,4.895129904297236,-0.004745926904766862,1.3414390456771472,0.0,0.15425849264400016
46.20007848739624,-2.341437564769221,4.895035611600912,-0.0008737229598559149,1.3406607948198268,0.0,0.15553582451469664
46.2249972820282,-2.308034444457345,4.895071354996859,0.0030200096935262453,1.3398937336027812,0.0,0.1569304560526118
46.25045394897461,-2.2739489231194874,4.895242557106204,0.007031922175902178,1.3391180034507693,0.0,0.1583886682517941
46.27505564689636,-2.241018772960423,4.895538443337183,0.010943695123843937,1.3383735461718747,0.0,0.15965749976860893
46.30003905296326,-2.2075774132478334,4.895971335440789,0.014950063088178086,1.3376209920803872,0.0,0.16090697345387375
46.325196981430054,-2.1739383065544207,4.896542547625495,0.019013203379737206,1.3368721076054,0.0,0.16208808005564637
46.350587129592896,-2.1400155449187834,4.8972575844429915,0.023142440185733887,1.3361285758959696,0.0,0.16320948944081734
46.375025510787964,-2.1073776397686763,4.898078307526969,0.027144166455335052,1.3354219000937275,0.0,0.16424493288814504
46.40004920959473,-2.0739898627515045,4.899053608870152,0.03126666670458036,1.3347059504120378,0.0,0.16530380560532948
46.42497444152832,-2.0407431721603992,4.900162162492956,0.0353995014503808,1.3340031838397854,0.0,0.1662539515501593
46.45003604888916,-2.0073493397638402,4.901414562204333,0.039577695158962006,1.333312999123249,0.0,0.1672424979719494
46.47501564025879,-1.9740750845375616,4.902801936916458,0.043768946082523665,1.3326410046907342,0.0,0.16827132798335084
46.50005626678467,-1.940754330586029,4.9043317574324,0.04799537123056847,1.3319809304447556,0.0,0.1693550379513727
46.52500677108765,-1.9075684936196091,4.905996184699476,0.052235162975568045,1.3313387735311515,0.0,0.1704807829170457
46.55005073547363,-1.8742903029368665,4.9078074243888015,0.05651658903415386,1.3307114360517225,0.0,0.17150047834706417
46.57509970664978,-1.8410170506370955,4.9097617785432615,0.060826276455928655,1.3300973377815855,0.0,0.17254508285899736
46.60005211830139,-1.8078967446847016,4.911850570646402,0.06514512440800913,1.329496744228412,0.0,0.17357484202075693
46.625128984451294,-1.774651857751176,4.9140921626930245,0.06950895043809875,1.3289075126826362,0.0,0.1745846475842147
46.650046586990356,-1.7416244224120008,4.916463910556506,0.07387218353851624,1.3283374827017476,0.0,0.17556030878129156
46.67501497268677,-1.7085574640487395,4.918984106757337,0.07826778187924238,1.3277791587009222,0.0,0.17649656633736235
46.700143575668335,-1.6753081670604888,4.921666092823083,0.08271343444816494,1.3271084251973324,0.0,0.17733003091065588
46.72500538825989,-1.642443086660499,4.924463746325016,0.08713150712307882,1.326253535463814,0.0,0.17807726677601085
46.750179052352905,-1.6092052064696623,4.927442329319158,0.09162271270680387,1.3250892114531272,0.0,0.17875002012838534
46.78395915031433,-1.5646818271360696,4.931668884446648,0.09767387173034725,1.3229360335442764,0.0,0.1795305995108095
46.80003595352173,-1.5435215510246307,4.933773144100432,0.10056336673213948,1.3218431064926621,0.0,0.17984858330049872
46.82508850097656,-1.510609032180777,4.9371690929129555,0.10507402251234335,1.3203820061926514,0.0,0.18035512120865177
46.849992752075195,-1.4779228757935017,4.940690565004716,0.10957249266850412,1.3191630782245878,0.0,0.1808248154107413
46.87498426437378,-1.445169769539723,4.944368817914266,0.11409760526698705,1.3181231645350457,0.0,0.18126154514720139
46.89994406700134,-1.4125032568907205,4.9481871798444885,0.11862687498158328,1.3172268619541543,0.0,0.1816630750770655
46.92500019073486,-1.3797515250911383,4.95216640096179,0.123182981941605,1.3164467134883833,0.0,0.1820334619495493
46.949923276901245,-1.3472048696289272,4.95627112175105,0.1277330759085044,1.3157725751727591,0.0,0.18306411273248385
46.97500395774841,-1.3144937406522252,4.960548793671947,0.1323387020846366,1.3151766455319807,0.0,0.1842378034428746
47.00002646446228,-1.2818892956863792,4.964965642622789,0.13696208782428376,1.3146557007491333,0.0,0.18530280156444684
47.02491545677185,-1.2494889081761542,4.969507536773051,0.1415881963725922,1.3142020509589565,0.0,0.18640930096253117
47.049962759017944,-1.2169184031622673,4.974227958326565,0.14627116360972492,1.3137976394691238,0.0,0.1875357465792789
47.074986934661865,-1.1844067372265212,4.979095813397685,0.15097850218800163,1.3134468355015696,0.0,0.1886671640084116
47.09999656677246,-1.1519484478248205,4.984112423649222,0.15571099525167412,1.3130811591248996,0.0,0.18979282285727733
47.12500619888306,-1.1195270787211546,4.989281002781854,0.1604711875319933,1.3126433688054233,0.0,0.1909154027847689
47.14995527267456,-1.087214995000612,4.99459028979867,0.16524882424513423,1.3121516167773413,0.0,0.19204885650189502
47.17496180534363,-1.0548673942384388,5.000064893413954,0.17006432096678062,1.3116169174132373,0.0,0.19306731887608714
47.2000195980072,-1.022497949144447,5.005704252004589,0.17491519724420454,1.3110613110795362,0.0,0.19413390238203201
47.22502779960632,-0.9902351456261426,5.011486713015929,0.17978379983199663,1.3104927959177715,0.0,0.19526510851152626
47.25001835823059,-0.9580360788820773,5.017420117963763,0.18467812738835515,1.309905763059933,0.0,0.19644573630187492
47.27501726150513,-0.9258662208113152,5.023511614710997,0.18960426576124056,1.3093050410620128,0.0,0.19762848769352218
47.29996132850647,-0.8938142389035587,5.029744787720986,0.19454726057496502,1.3086958801073618,0.0,0.19868955685280817
47.32506012916565,-0.8616176239986891,5.036172351377455,0.19954620786660843,1.3080771380103002,0.0,0.1997365237510347
47.350194215774536,-0.8294198755803041,5.042768244876952,0.20457876498779254,1.3074550704351209,0.0,0.20075753505917385
47.37526845932007,-0.7975814939312513,5.049457256773522,0.20958770202337806,1.306849423580476,0.0,0.20174735124702498
47.40007758140564,-0.765655914026753,5.056332506333128,0.21464264844819889,1.306261127499249,0.0,0.20272707654040592
47.42503809928894,-0.7338203858705682,5.063357238080405,0.21971552374174183,1.3056852342983853,0.0,0.20369983975300618
47.450395345687866,-0.7015341476920937,5.0706551372682975,0.22489199620732933,1.305105015110902,0.0,0.20458889326293078
47.47507929801941,-0.6701572178762604,5.077916502892844,0.22995212666116874,1.3045444005365152,0.0,0.20543008474754973
47.500113010406494,-0.6383841972082445,5.085440673936208,0.23510466963189977,1.3039921990509344,0.0,0.20620402322411738
47.52649664878845,-0.6049597084567556,5.093543285118604,0.24055411976639543,1.3034275259215622,0.0,0.20693713554216228
47.550013065338135,-0.5752078188616976,5.100918428412326,0.24542890757349653,1.302929229383294,0.0,0.20756340120454242
47.575321674346924,-0.5432506411756747,5.109012362205055,0.250690436441079,1.3024101288751895,0.0,0.20825751266932446
47.600043296813965,-0.5120855337403746,5.117078668186023,0.25584651003882225,1.301927526707764,0.0,0.20886826712046677
47.625028133392334,-0.48064228171525913,5.125391369766549,0.26107340929157014,1.3014595271117126,0.0,0.20952518161967007
47.65013313293457,-0.44910471038587085,5.133906326207537,0.26634247229399677,1.3009990337168418,0.0,0.21024297965085756
47.6750602722168,-0.4178413246407481,5.1425239469011075,0.2715942383938014,1.3005558797680696,0.0,0.21106497861599596
47.70008206367493,-0.38652650515208137,5.151333635290834,0.2768868787948881,1.3000750459897494,0.0,0.21205244670635937
47.725061655044556,-0.35532045838051635,5.160291523469009,0.2821979651957634,1.2994103963996453,0.0,0.213190747871406
47.75003409385681,-0.3241823302232852,5.169409683756935,0.28753855714248805,1.2983966382908134,0.0,0.21441000627297085
47.775099992752075,-0.2930216450955655,5.178716201675062,0.2929246724061159,1.2968259194061957,0.0,0.21541217277218186
47.80019736289978,-0.26192177847469655,5.18818781975915,0.29834171848389657,1.2946571925798254,0.0,0.21639537931282302
47.825109004974365,-0.23114005364699064,5.197744846125322,0.3037460746200674,1.292455499123272,0.0,0.21739667462695345
47.84996271133423,-0.20052754353246452,5.207431239337612,0.30916227795935086,1.2906385508673601,0.0,0.21833094531003922
47.875033378601074,-0.16974930703887078,5.217354951621191,0.31464706551318006,1.289152994226638,0.0,0.21921483933584035
47.900410652160645,-0.13869324169042585,5.2275581262879465,0.3202189498703446,1.2879368532882256,0.0,0.22005017181565234
47.92505145072937,-0.10860592428086681,5.237626780794497,0.3256510300861555,1.2869673231628964,0.0,0.22080188898902892
47.95003056526184,-0.07818847634118617,5.247991545367088,0.3311748934660651,1.2861490596285332,0.0,0.22150660201222672
47.975085973739624,-0.047747076744147215,5.258553221908663,0.33674370998759345,1.2854726370853475,0.0,0.22294370483375328
47.99997568130493,-0.01758238536447907,5.269207440441616,0.34231106106018,1.2849221198720775,0.0,0.2243789270126629
48.025070905685425,0.012748213247983116,5.280111930596377,0.34795837354663894,1.2844625946832284,0.0,0.22580863076349167
48.050037145614624,0.042860567680631165,5.291130510513931,0.3536124396094795,1.2840812417029677,0.0,0.22710611413922624
48.075512409210205,0.0735047757226721,5.302543134740653,0.3594131953171213,1.283765312608562,0.0,0.22840637617285933
48.100043058395386,0.10296083368065098,5.313705218340907,0.3650331281550323,1.2835279867446903,0.0,0.22962511922913065
48.12509369850159,0.13295518124013886,5.3252669925918,0.3707998217249395,1.2833395783182229,0.0,0.2308532647453072
48.15003180503845,0.16274564618089166,5.336948023341357,0.3765714544891802,1.2832046128921906,0.0,0.23207573371897935
48.17507529258728,0.19259636270320168,5.348852880643116,0.3823993428485464,1.2831207309968122,0.0,0.2333135067410648
48.200047969818115,0.22228990598054738,5.360896328623877,0.3882399804461332,1.2830789088750028,0.0,0.23444066707615885
48.22501492500305,0.2519073513029784,5.373111311123382,0.3941082470436016,1.283069986866656,0.0,0.2355975699369746
48.25002694129944,0.2815021026111642,5.385521321067915,0.4000158488532417,1.2830966378751443,0.0,0.2367993585513087
48.275078773498535,0.3110710983808752,5.39812714277115,0.40596387680737367,1.2831622804598737,0.0,0.23806997042402905
48.30017375946045,0.34061105544620635,5.410929486628972,0.4119541041099993,1.283260638154489,0.0,0.23944241326081261
48.32509136199951,0.36987944063305855,5.42382281387011,0.41793690806824907,1.2833849029671125,0.0,0.24068746983197414
48.350013971328735,0.3990756125673325,5.436894026707448,0.4239528027513661,1.2835300697048426,0.0,0.24205510750416304
48.375457525253296,0.4288022850210423,5.4504209000667485,0.43013070593505415,1.2837057319300764,0.0,0.2435634980192772
48.400065183639526,0.4573264267350812,5.46361047559236,0.4361117216707985,1.2839053267832712,0.0,0.2451060388237275
48.425047874450684,0.48651154353424836,5.477321621334796,0.44228794270606625,1.2841356486128606,0.0,0.24677111792366277
48.44999384880066,0.5154201552641453,5.491121456723201,0.4484642915185041,1.2843951664180522,0.0,0.24846511431841048
48.47506856918335,0.5444001464860128,5.505177138943572,0.4547157111551937,1.2846898336189596,0.0,0.2501706019979609
48.50025177001953,0.5734266495806348,5.519481462274384,0.4610361489750328,1.2850122390218626,0.0,0.25173830062686353
48.52501058578491,0.6018830101260328,5.533727851777585,0.46728874400100534,1.2853492262530448,0.0,0.2532818086522354
48.55019664764404,0.6305068649023237,5.548284320864779,0.47363513418529263,1.2857155033436445,0.0,0.25483634809071026
48.575300455093384,0.6594162493246363,5.563219893693582,0.4801033684301466,1.28611685701632,0.0,0.25639354845658363
48.60029911994934,0.6878906840896988,5.578164169307941,0.48653216576053576,1.2865357253486007,0.0,0.2579154159572423
48.625062227249146,0.7160085170247712,5.5931521865503555,0.49293587886942725,1.2869072294095194,0.0,0.2592849768268893
48.64992713928223,0.744159198056477,5.608391128398783,0.49940177426766075,1.2871905789070257,0.0,0.2606605696934402
48.67549920082092,0.7730025708284921,5.624251124701506,0.5060850999304867,1.287420807102164,0.0,0.2620887533070339
48.70005702972412,0.800607337345119,5.639667056222993,0.5125383428015331,1.2875316295857515,0.0,0.26346550397911256
48.72504115104675,0.8285864895338337,5.65553249029702,0.5191381034706836,1.2874857607572343,0.0,0.2648984452176728
48.74996733665466,0.8563975287081113,5.671546476185555,0.5257597753412422,1.287174639747899,0.0,0.26633960968652814
48.775062561035156,0.8842746237474602,5.68784672180594,0.5324608026135969,1.286376937649341,0.0,0.26769165913216514
48.80004525184631,0.9118945700835366,5.704245971077611,0.5391623585399425,1.2850747760190557,0.0,0.2687914097597845
48.824946880340576,0.9392887550855686,5.720760575161092,0.5458689466470011,1.2837385720798684,0.0,0.26979899550027625
48.84993839263916,0.9666436230743992,5.737503547152712,0.552623914095355,1.282709038684438,0.0,0.2707414200300926
48.87499499320984,0.9939315879913191,5.7544607630712985,0.5594183051849417,1.2819318242307864,0.0,0.27163212473146076
48.90001440048218,1.0210485428444669,5.771568411372097,0.5662240799191812,1.2813436597078867,0.0,0.2724635765851599
48.92502045631409,1.0480255993897487,5.788845918038319,0.5730469385200074,1.2808928298754263,0.0,0.2732354105066446
48.94993019104004,1.0747760789204024,5.80623670091944,0.5798629165497052,1.2805496738641164,0.0,0.27394713818642996
48.97491931915283,1.1014844753030273,5.823861031704054,0.5867191517520894,1.2803015465756729,0.0,0.2747449950139416
48.999990940093994,1.1281474132925842,5.84171977107596,0.5936169993663921,1.2801385096323856,0.0,0.2756077268904263
49.025004625320435,1.1546267405850283,5.859721505983445,0.6005231975686612,1.2800553631472762,0.0,0.27660093571656713
49.049965143203735,1.1809252131007841,5.877867353049226,0.607442792491787,1.28004820381975,0.0,0.27783313977403606
49.07499814033508,1.2071741298430754,5.896249466446609,0.6144183054085772,1.280102018772161,0.0,0.2794493611890967
49.099974155426025,1.2332347725817783,5.914772455872038,0.6214162181706534,1.280203269910526,0.0,0.28092650824257615
49.12501049041748,1.2592291205724815,5.9335246374914155,0.6284734856617902,1.2803412654948014,0.0,0.28285300420340914
49.15025806427002,1.2853108557362163,5.952623375916461,0.6356432278385018,1.2805245499550075,0.0,0.28512067457284374
49.17501640319824,1.310759762947085,5.971538891637907,0.6427314346709103,1.2807520722319083,0.0,0.2874300259128535
49.200013399124146,1.336318144071472,5.9908210142337035,0.649943873091386,1.2810203673564218,0.0,0.28967388777149783
49.224974155426025,1.3617053378199468,6.010263772770444,0.6571995630180272,1.2813269644392684,0.0,0.29173053210984495
49.25021433830261,1.3872357801647643,6.0301144492419905,0.6645850330857579,1.2816749486029664,0.0,0.2935867873895149
49.27513360977173,1.4122826348708133,6.049886534324955,0.6719144435764466,1.2820622849385235,0.0,0.29526826426676184
49.3001594543457,1.437339864374065,6.069968385813612,0.6793274200322656,1.282502125821351,0.0,0.2967643873820262
49.325576066970825,1.4626412904984578,6.090559000189889,0.6868907059580508,1.283005101690066,0.0,0.2980542377720746
49.34997630119324,1.4867782098797668,6.110501622451275,0.6941744080190115,1.2835418869988355,0.0,0.29901036371546647
49.37501120567322,1.511407275782212,6.131159016907646,0.701669645620481,1.2841359917830901,0.0,0.2996877053845552
49.400038719177246,1.5358807186433918,6.152000620670035,0.7091777607741762,1.284771138589622,0.0,0.30032520460069956
49.42507076263428,1.560208105823468,6.173035281465726,0.716698292197296,1.2854450181067887,0.0,0.3007079046732224
49.450287103652954,1.5845823744853669,6.194434407004507,0.7242863447294021,1.2861687895777791,0.0,0.300911014033363
49.475324630737305,1.6086280785476565,6.215869215521484,0.7318216774270347,1.2869338142495999,0.0,0.30100195477150304
49.50004243850708,1.6322141216472263,6.237213315699435,0.739259911763785,1.2877236689754832,0.0,0.3010382567140705
49.52502512931824,1.6559178904311138,6.258988684010716,0.7467828750676114,1.2885598521729558,0.0,0.3010973029257538
49.550188064575195,1.6796343105280904,6.281108132259515,0.7543586950456682,1.289440919167035,0.0,0.30112623344684936
49.57500338554382,1.7028809755932781,6.303118872948939,0.7618329953126403,1.2903399014258046,0.0,0.30117780820052714
49.60001826286316,1.7261602885527962,6.325494230163515,0.7693684042796425,1.291271777106919,0.0,0.30130044818758184
49.62501120567322,1.7492664027522653,6.348040472293422,0.7769016141889215,1.2922267576280733,0.0,0.30154558616943966
49.65030121803284,1.772488643666647,6.371046276471939,0.7845315579899845,1.2932219917678314,0.0,0.3019317441619497
49.675294399261475,1.7952665830426366,6.393956986008766,0.7920778866197817,1.294234571655969,0.0,0.3024518467416852
49.70011520385742,1.8177679498832313,6.416933084748797,0.7995964189726738,1.2951463620708303,0.0,0.3029212701100484
49.72499370574951,1.8401497420165174,6.440134072944146,0.807140716304927,1.2958764007498251,0.0,0.3034423299822389
49.7500524520874,1.8625209197418802,6.463678497905875,0.8147506363464159,1.2963229378163277,0.0,0.3039376460080005
49.77508783340454,1.8846943979802533,6.487373462208432,0.8223643481245436,1.2962676867135143,0.0,0.3043255752056951
49.79999041557312,1.9065754717542833,6.5111150440756385,0.8299490902083883,1.296099230854255,0.0,0.304664013517003
49.82501173019409,1.9283687635921725,6.535125275522635,0.8375752347289102,1.296221032663468,0.0,0.3050141762957576
49.84996962547302,1.9499321557765037,6.5592491543205735,0.8451926991879628,1.2965720056915884,0.0,0.3053880095684604
49.87499165534973,1.971370921238447,6.583605179113023,0.8528385412572645,1.2971015684548968,0.0,0.30577791094534273
49.899956941604614,1.9925863931298085,6.608082191715608,0.860477550760458,1.2979084366633977,0.0,0.3062084071127858
49.92507076263428,2.013752984261452,6.632884506968283,0.8681729824515204,1.2990705566674736,0.0,0.30670218214556055
49.95004630088806,2.0346330362368232,6.65773503182024,0.8758348559638306,1.3004986780584284,0.0,0.3069366348919
49.975040912628174,2.055368341174277,6.6828011212597564,0.8835121897532504,1.3021408302189885,0.0,0.30728742202223064
50.001994371414185,2.0775366570197638,6.710039316633598,0.8917993630862843,1.3040958891842673,0.0,0.30771275194347814
50.02505159378052,2.0963512679207303,6.733523594398363,0.8989006181528121,1.3058871373647243,0.0,0.3082117320845451
50.05020761489868,2.116718556249246,6.759336739401334,0.9066635418545035,1.3079377733191138,0.0,0.3088929592852358
50.07500696182251,2.1366293661823375,6.784975731864613,0.9143334066875842,1.3100344844871168,0.0,0.30965453439959495
50.10003685951233,2.1565533981092475,6.811044421219583,0.9220924196415039,1.3122070887580737,0.0,0.31044640592600803
50.12507605552673,2.1763174889831913,6.8373246390958125,0.9298750647410685,1.314415030843324,0.0,0.31121932859277157
50.149986743927,2.19581092306423,6.863668719563195,0.9376353055023313,1.316629960353521,0.0,0.3117968738599001
50.17518448829651,2.2153513787891383,6.8905123978103715,0.9454987924110795,1.3188691182552312,0.0,0.3123759826708055
50.20026755332947,2.234626460115441,6.917433201310949,0.9533349974380079,1.3210525492116214,0.0,0.31242125104034757
50.2319393157959,2.258706506156575,6.9517024923390345,0.9632168328907028,1.3237227897442108,0.0,0.311573034450019
50.24999713897705,2.2723059628495106,6.971378769357117,0.968835042211405,1.3251980757830633,0.0,0.31062671057717506
50.275023460388184,2.290995244464999,6.998809631427459,0.976586069247905,1.3271354814527838,0.0,0.3087379244745446
50.300050497055054,2.309494763482359,7.026418063417603,0.9842907709624343,1.328946334605142,0.0,0.307036412097303
50.32499408721924,2.327747658245984,7.05411545435665,0.9919235057481373,1.3304986971625437,0.0,0.30490809406000124
50.349992513656616,2.345844235959069,7.082035915912178,0.9995139790404647,1.3316270847050407,0.0,0.3024090434336215
50.37503671646118,2.363778803974095,7.110170568713537,1.0070561517350771,1.3321928180131208,0.0,0.29975251542519515
50.40005135536194,2.381477261521437,7.138399975425801,1.0145248402188092,1.332129296134053,0.0,0.29747929199890827
50.425031900405884,2.3989396526787328,7.166718834462639,1.021940939272518,1.3314396399800958,0.0,0.29624657065235693
50.45002746582031,2.416188064257135,7.19515977738534,1.029329676672746,1.3301773945999793,0.0,0.2949883543526398
50.475549936294556,2.4335656610039056,7.224301693212606,1.0368632839335654,1.3283213263275355,0.0,0.295289892392271
50.50005626678467,2.450016366619959,7.2523587777745755,1.044125517649298,1.3258345850629647,0.0,0.2973465771648804
50.52521014213562,2.466650343195053,7.281215029124272,1.0516494601036313,1.3224464293057134,0.0,0.3008854953207705
50.550010204315186,2.4827908253694435,7.309708221481456,1.0591688711159604,1.318270555072539,0.0,0.3054750019739162
50.575361013412476,2.4990067021279896,7.338852756420411,1.0669675862994896,1.313120177539761,0.0,0.30982086849056084
50.59996032714844,2.51446483612751,7.367148344469434,1.0746351258268925,1.3073581417757336,0.0,0.31334246383237174
50.62499761581421,2.5298940521216267,7.395920250882209,1.0825075193015032,1.3007332522337358,0.0,0.3155424708711907
50.65000796318054,2.54499624224899,7.424623524404439,1.0903986796314713,1.293118498501074,0.0,0.31553763025150394
50.67514991760254,2.559834532093958,7.453373823551547,1.0982893153506357,1.2843180921952695,0.0,0.3130661041479156
50.700247049331665,2.5743581009590333,7.482065102495207,1.1061014098160555,1.2743350786548102,0.0,0.3085125807241757
50.725048303604126,2.588355613358712,7.510253615823448,1.1136818102827903,1.263419796598641,0.0,0.3027340110768368
50.75006318092346,2.602131950581935,7.538529976613282,1.1211830322760392,1.2515338509657516,0.0,0.29705140841826605
50.77521777153015,2.6156401072541224,7.56678853112392,1.1285771313003135,1.2387487425848003,0.0,0.2908498916606344
50.80275058746338,2.630029126171772,7.597491806275192,1.1364959874216494,1.223706645184039,0.0,0.28424806524750157
50.825058460235596,2.6413760725033946,7.622158155700807,1.142784648559421,1.2105088369006551,0.0,0.2795636608540645
50.85028386116028,2.653872314855779,7.6498051234134765,1.149785407360856,1.1942054215066522,0.0,0.2753111595682447
50.8750262260437,2.665770469392853,7.676619242218028,1.1565609278499154,1.1767695873359942,0.0,0.27230174791081535
50.90005016326904,2.677436285463659,7.703397525426894,1.1633313411895596,1.1578253408483072,0.0,0.2688322608230526
50.92499351501465,2.6886959505651338,7.729725407312402,1.170010178323193,1.1377958212283465,0.0,0.2665937813562682
50.94998097419739,2.6995993658878197,7.755697388268697,1.176657739111944,1.1164474846262595,0.0,0.2653815138927652
50.97501826286316,2.7101407949992335,7.781281853353586,1.183297169873731,1.0936229212322124,0.0,0.2648766256098938
51.000099182128906,2.720305729388,7.806425138969188,1.1899380886395612,1.069211673248613,0.0,0.26469788951277146
51.02501153945923,2.730009545423062,7.830892448129778,1.196530560828553,1.0433839207181383,0.0,0.2643834478446712
51.04994058609009,2.7393183256358937,7.854822319227269,1.2031049580482978,1.0162070950383062,0.0,0.2629239685831601
51.07552456855774,2.7484532752985613,7.878774757763084,1.209809405224184,0.9874099184112392,0.0,0.2610400707666946
51.10006761550903,2.756818776711059,7.9011481794184,1.2161858587900993,0.9594381177740475,0.0,0.25863112074286904
51.12503147125244,2.7649403858120816,7.923300285600208,1.2226020615126605,0.9310370583158951,0.0,0.2554288512062136
51.15056848526001,2.772856047590292,7.945328883760152,1.2290719656352496,0.9023573996015752,0.0,0.2512883235304116
51.175026416778564,2.7800798064092938,7.965835839422794,1.2351602814569418,0.8753065367679387,0.0,0.24647491373423497
51.200050354003906,2.7871188982959185,7.986214103424304,1.2412623586409652,0.8481510930645751,0.0,0.24129221352812655
51.224945068359375,2.7937878275989094,8.005904077203416,1.2471978240649069,0.8218615963720118,0.0,0.23550234059570965
51.2499361038208,2.800161813595929,8.02509338374107,1.2530045194435313,0.7963595600411149,0.0,0.22919571571262046
51.27501344680786,2.806251740928735,8.04378522654712,1.2586669756621987,0.7717903763326783,0.0,0.22248248204178528
51.30003643035889,2.8120409381660494,8.061896006756449,1.2641452915289033,0.748393016409922,0.0,0.2155249351609502
51.32501554489136,2.8175537679236573,8.079468211015115,1.2694466367036317,0.726216877312554,0.0,0.208951536025381
51.34992218017578,2.8228011165684492,8.096504582947476,1.274567710496669,0.7051816580398512,0.0,0.20226419389900385
51.37500023841858,2.8278469815009433,8.113186056051248,1.2795540315826177,0.6850364732350183,0.0,0.19550232161294345
51.400036573410034,2.832663653678318,8.12939595046369,1.2843643242898966,0.666009739499643,0.0,0.18882569955205375
51.425267696380615,2.837308435420754,8.14530346059873,1.2890439757953513,0.647970191953461,0.0,0.18223981122312374
51.44995713233948,2.841666220186495,8.160484516743276,1.2934661656124813,0.6314885492361902,0.0,0.1760097164387466
51.47501349449158,2.845911684881247,8.175522230619448,1.2977996229852427,0.6160232907093731,0.0,0.16998080116510048
51.49999022483826,2.849981079544535,8.190174428290765,1.3019766406433677,0.6017464237574313,0.0,0.16452999506558205
51.524985551834106,2.8539008931824816,8.204516469240547,1.3060218501281802,0.5878958275383204,0.0,0.15915405504971306
51.549941539764404,2.8576674749170086,8.218516437029205,1.3099262175816557,0.5739200635549039,0.0,0.15374603529585681
51.575018644332886,2.861308125456884,8.2322587860717,1.3137137801483858,0.5598603694771411,0.0,0.1483326961786021
51.59994077682495,2.8647878396312643,8.245593238971733,1.3173440027393581,0.5462101153682639,0.0,0.1430460272643735
51.62507128715515,2.8681630922348353,8.25871949320908,1.320871284911129,0.5325109459022962,0.0,0.13771121923565652
51.65047240257263,2.87144224160578,8.271658489139913,1.3243032886687356,0.5183797470028153,0.0,0.13250535307284753
51.674994707107544,2.8744830233272576,8.283825862311092,1.327489820190375,0.5045276523926547,0.0,0.1274076320158271
51.70003628730774,2.877464874490879,8.295919566500983,1.330614925880103,0.4901393266065698,0.0,0.12216529639778337
51.72506284713745,2.8803207719019244,8.307656730032361,1.3336057074800989,0.47537727076106345,0.0,0.1169038007907534
51.74996852874756,2.8830432248453,8.31898935452132,1.3364529442491022,0.4601120267356615,0.0,0.11164677494915427
51.77503848075867,2.885659929484275,8.330017146242255,1.339185534799284,0.4440318945956361,0.0,0.1063574181695404
51.80009436607361,2.8881510806704296,8.340641785748554,1.3417841410347342,0.42727084081943545,0.0,0.10113815495212343
51.82502365112305,2.890509938069504,8.35081790343151,1.344243192372183,0.41051623984426966,0.0,0.09609846819071129
51.849973917007446,2.8927534189994715,8.360602907490604,1.3465814124047202,0.39414435912925283,0.0,0.09133327146598594
51.87955641746521,2.895268804144325,8.371700139693138,1.3492038352637024,0.3753440837550706,0.0,0.08602479726033539
51.89999794960022,2.896920215658086,8.379059825689135,1.3509267020767952,0.36287676775701394,0.0,0.08260295578421839
51.925039529800415,2.8988532446359185,8.387750660966178,1.352945600618216,0.3483983305642334,0.0,0.07869496462843027
51.95133137702942,2.90078365075526,8.396513142681505,1.3549648563854952,0.334083406481926,0.0,0.07490360173956488
51.97497010231018,2.9024371965114546,8.404086458255737,1.3566956216917176,0.32198021276543615,0.0,0.07158663117223202
52.00001549720764,2.9041117298238834,8.411820497643202,1.358447557192068,0.310122606328909,0.0,0.0683641275963979
52.025033950805664,2.905711798181137,8.41927229405468,1.360121081158703,0.2993934652539774,0.0,0.06547688503050272
52.050169229507446,2.9072538146990965,8.426511664553034,1.3617340859969782,0.2898120330586657,0.0,0.06292868562276788
52.0750629901886,2.908723882663756,8.43346702730071,1.3632730444257932,0.2815628454884573,0.0,0.060766090623822815
52.100083351135254,2.910151269681761,8.440271475205764,1.364769364838576,0.2743963385242757,0.0,0.05888981128633492
52.12494945526123,2.9115266396189656,8.4468762716192,1.3662140947502133,0.26821273022800796,0.0,0.057309613440398546
52.15001440048218,2.9128736343091823,8.453391533504655,1.3676334552057798,0.262786249277999,0.0,0.05597488739301951
52.17499899864197,2.9141817661776854,8.459763859493213,1.369017989342024,0.258000838727936,0.0,0.05486721016803426
52.199994802474976,2.915458930463149,8.466028956853032,1.3703778243273625,0.2536976605151846,0.0,0.05395836200946296
52.22493267059326,2.916703868007363,8.472178294277231,1.3717135130452685,0.24931074217449328,0.0,0.05312630056792912
52.250011920928955,2.9179241980692723,8.478247517077675,1.373033845267579,0.2443936912201764,0.0,0.05216888913389065
52.274993896484375,2.91910643524575,8.484167263388791,1.3743246298401839,0.23865371916752784,0.0,0.05111726959326642
52.30047559738159,2.9202722956957827,8.490044428470219,1.3756112016721467,0.23127527410853826,0.0,0.04978618670903742
52.32501482963562,2.921349383897563,8.495509718646383,1.3768140221119278,0.22256156103881364,0.0,0.04820708280246417
52.35000658035278,2.922394279424216,8.500845182805643,1.3779959481021842,0.21231361098765197,0.0,0.04632639451622282
52.37504553794861,2.9233830917223873,8.505925453316717,1.3791296825118542,0.20096396855933843,0.0,0.04419709079770631
52.39997434616089,2.9243063956387982,8.510697225718875,1.3802023422674259,0.1888227739415898,0.0,0.04182233107885755
52.42496681213379,2.9251680711696912,8.515175537206096,1.3812160833001332,0.17599342844840238,0.0,0.03926563256369219
52.44996213912964,2.9259638315432133,8.519333248361328,1.3821639131735,0.16265024753183885,0.0,0.03655131113605967
52.47504687309265,2.92669483691412,8.523171635277512,1.3830450592208663,0.1488574035127111,0.0,0.03368904936976099
52.50002384185791,2.9273546952547775,8.526652402553399,1.3838495646395237,0.13481011862749284,0.0,0.03072017573303178
52.52505874633789,2.9279475417534155,8.529792851755829,1.384580071032021,0.12048360629601435,0.0,0.027626823756159918
52.55139350891113,2.928496800719624,8.532713736312523,1.3852637193745199,0.10520625602295151,0.0,0.02427968899114184
52.57593488693237,2.9289399205053814,8.535078261921152,1.3858205050119299,0.09082003135902475,0.0,0.021083221878167153
52.60010099411011,2.9293114418318007,8.537066374225239,1.3862913416283105,0.07654354318380195,0.0,0.017872004355457726
52.626654863357544,2.9296454543283486,8.538858220534303,1.3867182588359044,0.06076205435969495,0.0,0.01427985945485317
52.65063190460205,2.9298782514945647,8.540109611369022,1.3870182626366632,0.04659761214986789,0.0,0.011017331590646105
52.67513918876648,2.930055349764767,8.541063000411405,1.387248260186083,0.03175780244933271,0.0,0.007559483855702245
52.700034618377686,2.93016570995881,8.541657732532652,1.3873926421587195,0.016765443461988005,0.0,0.00401537084440746
52.725019454956055,2.9302077937167827,8.541884648721014,1.3874480535590674,0.0017019797601106903,0.0,0.0004104175442034584
52.75003004074097,2.9302077937167827,8.541884648721014,1.3874480535590672,0.0,0.0,0.0
52.77508306503296,2.9302077937167827,8.541884648721014,1.3874480535590672,0.0,0.0,0.0
52.80011200904846,2.9302077937167827,8.541884648721014,1.3874480535590672,0.0,0.0,0.0
52.82509207725525,2.9302077937167827,8.541884648721014,1.3874480535590672,0.0,0.0,0.0
52.849934101104736,2.9302077937167827,8.541884648721014,1.3874480535590672,0.0,0.0,0.0
52.87499403953552,2.9302077937167827,8.541884648721014,1.3874480535590672,0.0,0.0,0.0
52.899985551834106,2.9302077937167827,8.541884648721014,1.3874480535590672,0.0,0.0,0.0
52.92509317398071,2.9302077937167827,8.541884648721014,1.3874480535590672,0.0,0.0,0.0
52.9501256942749,2.9302077937167827,8.541884648721014,1.3874480535590672,0.0,0.0,0.0
52.97506523132324,2.9302077937167827,8.541884648721014,1.3874480535590672,0.0,0.0,0.0
52.99999117851257,2.9302077937167827,8.541884648721014,1.3874480535590672,0.0,0.0,0.0
53.0250039100647,2.9302077937167827,8.541884648721014,1.3874480535590672,0.0,0.0,0.0
53.05019283294678,2.9302077937167827,8.541884648721014,1.3874480535590672,0.0,0.0,0.0
53.07513666152954,2.9302077937167827,8.541884648721014,1.3874480535590672,0.0,0.0,0.0
53.10002899169922,2.9302077937167827,8.541884648721014,1.3874480535590672,0.0,0.0,0.0
53.12505912780762,2.9302077937167827,8.541884648721014,1.3874480535590672,0.0,0.0,0.0
53.1503427028656,2.9302077937167827,8.541884648721014,1.3874480535590672,0.0,0.0,0.0
53.17498326301575,2.9302077937167827,8.541884648721014,1.3874480535590672,0.0,0.0,0.0
53.20000743865967,2.9302077937167827,8.541884648721014,1.3874480535590672,0.0,0.0,0.0
53.22506904602051,2.9302077937167827,8.541884648721014,1.3874480535590672,0.0,0.0,0.0
53.2500216960907,2.9302077937167827,8.541884648721014,1.3874480535590672,0.0,0.0,0.0
53.27500247955322,2.9302077937167827,8.541884648721014,1.3874480535590672,0.0,0.0,0.0
53.299978256225586,2.9302077937167827,8.541884648721014,1.3874480535590672,0.0,0.0,0.0
53.32502794265747,2.9302077937167827,8.541884648721014,1.3874480535590672,0.0,0.0,0.0
53.350048780441284,2.9302077937167827,8.541884648721014,1.3874480535590672,0.0,0.0,0.0
53.376033544540405,2.9302077937167827,8.541884648721014,1.3874480535590672,0.0,0.0,0.0
53.40008854866028,2.9302077937167827,8.541884648721014,1.3874480535590672,0.0,0.0,0.0
53.4250864982605,2.9302077937167827,8.541884648721014,1.3874480535590672,0.0,0.0,0.0
53.44996786117554,2.9302077937167827,8.541884648721014,1.3874480535590672,0.0,0.0,0.0
53.475056648254395,2.9302077937167827,8.541884648721014,1.3874480535590672,0.0,0.0,0.0
53.500131607055664,2.9302077937167827,8.541884648721014,1.3874480535590672,0.0,0.0,0.0
53.52501916885376,2.9302077937167827,8.541884648721014,1.3874480535590672,0.0,0.0,0.0
53.5503830909729,2.9302077937167827,8.541884648721014,1.3874480535590672,0.0,0.0,0.0
53.5749716758728,2.9302077937167827,8.541884648721014,1.3874480535590672,0.0,0.0,0.0
53.60019588470459,2.9302077937167827,8.541884648721014,1.3874480535590672,0.0,0.0,0.0
53.624995946884155,2.9302077937167827,8.541884648721014,1.3874480535590672,0.0,0.0,0.0
53.65047883987427,2.9302077937167827,8.541884648721014,1.3874480535590672,0.0,0.0,0.0
53.67492890357971,2.9302077937167827,8.541884648721014,1.3874480535590672,0.0,0.0,0.0
53.70003271102905,2.9302077937167827,8.541884648721014,1.3874480535590672,0.0,0.0,0.0
53.725261211395264,2.9302077937167827,8.541884648721014,1.3874480535590672,0.0,0.0,0.0
53.75658917427063,2.9302077937167827,8.541884648721014,1.3874480535590672,0.0,0.0,0.0
53.77501106262207,2.9302077937167827,8.541884648721014,1.3874480535590672,0.0,0.0,0.0
53.800538301467896,2.9302077937167827,8.541884648721014,1.3874480535590672,0.0,0.0,0.0
53.82502055168152,2.9302077937167827,8.541884648721014,1.3874480535590672,0.0,0.0,0.0
53.849987506866455,2.9302077937167827,8.541884648721014,1.3874480535590672,0.0,0.0,0.0
53.87501358985901,2.9302077937167827,8.541884648721014,1.3874480535590672,0.0,0.0,0.0
53.90000796318054,2.9302077937167827,8.541884648721014,1.3874480535590672,0.0,0.0,0.0
53.92499232292175,2.9302077937167827,8.541884648721014,1.3874480535590672,0.0,0.0,0.0
53.949960470199585,2.9302077937167827,8.541884648721014,1.3874480535590672,0.0,0.0,0.0
53.97504234313965,2.9302077937167827,8.541884648721014,1.3874480535590672,0.0,0.0,0.0
54.000061988830566,2.9302077937167827,8.541884648721014,1.3874480535590672,0.0,0.0,0.0
54.02497911453247,2.9302077937167827,8.541884648721014,1.3874480535590672,0.0,0.0,0.0
54.050010681152344,2.9302077937167827,8.541884648721014,1.3874480535590672,0.0,0.0,0.0
54.07506203651428,2.9302077937167827,8.541884648721014,1.3874480535590672,0.0,0.0,0.0
54.099966049194336,2.9302077937167827,8.541884648721014,1.3874480535590672,0.0,0.0,0.0
54.12500500679016,2.9302077937167827,8.541884648721014,1.3874480535590672,0.0,0.0,0.0
54.14992022514343,2.9302077937167827,8.541884648721014,1.3874480535590672,0.0,0.0,0.0
54.174999713897705,2.9302077937167827,8.541884648721014,1.3874480535590672,0.0,0.0,0.0
54.200032472610474,2.9302077937167827,8.541884648721014,1.3874480535590672,0.0,0.0,0.0
54.22498440742493,2.9302077937167827,8.541884648721014,1.3874480535590672,0.0,0.0,0.0
54.250022411346436,2.9302077937167827,8.541884648721014,1.3874480535590672,0.0,0.0,0.0
54.274964570999146,2.9302077937167827,8.541884648721014,1.3874480535590672,0.0,0.0,0.0
54.300049781799316,2.9302077937167827,8.541884648721014,1.3874480535590672,0.0,0.0,0.0
54.3251678943634,2.9302077937167827,8.541884648721014,1.3874480535590672,0.0,0.0,0.0
54.35548186302185,2.9302077937167827,8.541884648721014,1.3874480535590672,0.0,0.0,0.0
54.37500047683716,2.9302077937167827,8.541884648721014,1.3874480535590672,0.0,0.0,0.0
54.39998912811279,2.9302077937167827,8.541884648721014,1.3874480535590672,0.0,0.0,0.0
54.42500448226929,2.9302077937167827,8.541884648721014,1.3874480535590672,0.0,0.0,0.0
54.44993710517883,2.9302077937167827,8.541884648721014,1.3874480535590672,0.0,0.0,0.0
54.47499489784241,2.9302077937167827,8.541884648721014,1.3874480535590672,0.0,0.0,0.0
54.50368332862854,2.9302077937167827,8.541884648721014,1.3874480535590672,0.0,0.0,0.0
54.52504062652588,2.9302077937167827,8.541884648721014,1.3874480535590672,0.0,0.0,0.0
54.55059313774109,2.9302077937167827,8.541884648721014,1.3874480535590672,0.0,0.0,0.0
54.57506775856018,2.9302077937167827,8.541884648721014,1.3874480535590672,0.0,0.0,0.0
54.600043535232544,2.9302077937167827,8.541884648721014,1.3874480535590672,0.0,0.0,0.0
54.625019550323486,2.9302077937167827,8.541884648721014,1.3874480535590672,0.0,0.0,0.0
54.649935483932495,2.9302077937167827,8.541884648721014,1.3874480535590672,0.0,0.0,0.0
54.67493152618408,2.9302077937167827,8.541884648721014,1.3874480535590672,0.0,0.0,0.0
54.70001935958862,2.9302077937167827,8.541884648721014,1.3874480535590672,0.0,0.0,0.0
54.72499179840088,2.9302077937167827,8.541884648721014,1.3874480535590672,0.0,0.0,0.0
54.75002861022949,2.9302077937167827,8.541884648721014,1.3874480535590672,0.0,0.0,0.0
54.77509140968323,2.9302077937167827,8.541884648721014,1.3874480535590672,0.0,0.0,0.0
54.800010681152344,2.9302077937167827,8.541884648721014,1.3874480535590672,0.0,0.0,0.0
54.824965715408325,2.9302077937167827,8.541884648721014,1.3874480535590672,0.0,0.0,0.0
54.85000729560852,2.9302077937167827,8.541884648721014,1.3874480535590672,0.0,0.0,0.0
54.875043869018555,2.9302077937167827,8.541884648721014,1.3874480535590672,0.0,0.0,0.0
54.90005016326904,2.9302077937167827,8.541884648721014,1.3874480535590672,0.0,0.0,0.0
54.92502450942993,2.9302077937167827,8.541884648721014,1.3874480535590672,0.0,0.0,0.0
54.9503812789917,2.9302077937167827,8.541884648721014,1.3874480535590672,0.0,0.0,0.0
54.975013971328735,2.9302077937167827,8.541884648721014,1.3874480535590672,0.0,0.0,0.0
54.99996042251587,2.9302077937167827,8.541884648721014,1.3874480535590672,0.0,0.0,0.0
55.02503705024719,2.9302077937167827,8.541884648721014,1.3874480535590672,0.0,0.0,0.0
55.05183410644531,2.9302077937167827,8.541884648721014,1.3874480535590672,0.0,0.0,0.0
55.075018882751465,2.9302077937167827,8.541884648721014,1.3874480535590672,0.0,0.0,0.0
55.09996271133423,2.9302077937167827,8.541884648721014,1.3874480535590672,0.0,0.0,0.0
55.1250216960907,2.9302077937167827,8.541884648721014,1.3874480535590672,0.0,0.0,0.0
55.14997124671936,2.9302077937167827,8.541884648721014,1.3874480535590672,0.0,0.0,0.0
55.174999952316284,2.9302077937167827,8.541884648721014,1.3874480535590672,0.0,0.0,0.0
55.20001697540283,2.9302077937167827,8.541884648721014,1.3874480535590672,0.0,0.0,0.0
55.22502064704895,2.9302077937167827,8.541884648721014,1.3874480535590672,0.0,0.0,0.0
55.25003695487976,2.9302077937167827,8.541884648721014,1.3874480535590672,0.0,0.0,0.0
55.27499747276306,2.9302077937167827,8.541884648721014,1.3874480535590672,0.0,0.0,0.0
55.299928426742554,2.9302077937167827,8.541884648721014,1.3874480535590672,0.0,0.0,0.0
55.32507514953613,2.9302077937167827,8.541884648721014,1.3874480535590672,0.0,0.0,0.0
55.35385727882385,2.9302077937167827,8.541884648721014,1.3874480535590672,0.0,0.0,0.0
55.375046253204346,2.9302077937167827,8.541884648721014,1.3874480535590672,0.0,0.0,0.0
55.40005898475647,2.9302077937167827,8.541884648721014,1.3874480535590672,0.0,0.0,0.0
55.425060987472534,2.9302077937167827,8.541884648721014,1.3874480535590672,0.0,0.0,0.0
55.450052976608276,2.9302077937167827,8.541884648721014,1.3874480535590672,0.0,0.0,0.0
55.474995374679565,2.9302077937167827,8.541884648721014,1.3874480535590672,0.0,0.0,0.0
55.50007891654968,2.9302077937167827,8.541884648721014,1.3874480535590672,0.0,0.0,0.0
55.52510046958923,2.9302077937167827,8.541884648721014,1.3874480535590672,0.0,0.0,0.0
55.55091738700867,2.9302077937167827,8.541884648721014,1.3874480535590672,0.0,0.0,0.0
55.575409173965454,2.9302077937167827,8.541884648721014,1.3874480535590672,0.0,0.0,0.0
55.601096630096436,2.9302077937167827,8.541884648721014,1.3874480535590672,0.0,0.0,0.0
55.62505602836609,2.9302077937167827,8.541884648721014,1.3874480535590672,0.0,0.0,0.0
55.649982213974,2.9302077937167827,8.541884648721014,1.3874480535590672,0.0,0.0,0.0
55.67506122589111,2.9302077937167827,8.541884648721014,1.3874480535590672,0.0,0.0,0.0
55.700050830841064,2.9302077937167827,8.541884648721014,1.3874480535590672,0.0,0.0,0.0
55.7250337600708,2.9302077937167827,8.541884648721014,1.3874480535590672,0.0,0.0,0.0
55.74997901916504,2.9302077937167827,8.541884648721014,1.3874480535590672,0.0,0.0,0.0
55.77502512931824,2.9302077937167827,8.541884648721014,1.3874480535590672,0.0,0.0,0.0
55.8000864982605,2.9302077937167827,8.541884648721014,1.3874480535590672,0.0,0.0,0.0
55.82501173019409,2.9302077937167827,8.541884648721014,1.3874480535590672,0.0,0.0,0.0
55.84995174407959,2.9302077937167827,8.541884648721014,1.3874480535590672,0.0,0.0,0.0
55.87589240074158,2.9302077937167827,8.541884648721014,1.3874480535590672,0.0,0.0,0.0
55.900004625320435,2.9302077937167827,8.541884648721014,1.3874480535590672,0.0,0.0,0.0
55.92503380775452,2.9302077937167827,8.541884648721014,1.3874480535590672,0.0,0.0,0.0
55.949952602386475,2.9302077937167827,8.541884648721014,1.3874480535590672,0.0,0.0,0.0
55.97502088546753,2.9302077937167827,8.541884648721014,1.3874480535590672,0.0,0.0,0.0
56.00009751319885,2.9302077937167827,8.541884648721014,1.3874480535590672,0.0,0.0,0.0
56.02500605583191,2.9302077937167827,8.541884648721014,1.3874480535590672,0.0,0.0,0.0
56.049957036972046,2.9302077937167827,8.541884648721014,1.3874480535590672,0.0,0.0,0.0
56.07502031326294,2.9302077937167827,8.541884648721014,1.3874480535590672,0.0,0.0,0.0
56.10010886192322,2.9302077937167827,8.541884648721014,1.3874480535590672,0.0,0.0,0.0
56.12501645088196,2.9302077937167827,8.541884648721014,1.3874480535590672,0.0,0.0,0.0
56.15002393722534,2.9302077937167827,8.541884648721014,1.3874480535590672,0.0,0.0,0.0
56.1757709980011,2.9302077937167827,8.541884648721014,1.3874480535590672,0.0,0.0,0.0
56.20005178451538,2.9302077937167827,8.541884648721014,1.3874480535590672,0.0,0.0,0.0
56.225014448165894,2.9302077937167827,8.541884648721014,1.3874480535590672,0.0,0.0,0.0
56.2499840259552,2.9302077937167827,8.541884648721014,1.3874480535590672,0.0,0.0,0.0
56.274948835372925,2.9302077937167827,8.541884648721014,1.3874480535590672,0.0,0.0,0.0
56.30002975463867,2.9302077937167827,8.541884648721014,1.3874480535590672,0.0,0.0,0.0
56.328948736190796,2.9302077937167827,8.541884648721014,1.3874480535590672,0.0,0.0,0.0
56.349955558776855,2.9302077937167827,8.541884648721014,1.3874480535590672,0.0,0.0,0.0
56.3750262260437,2.9302077937167827,8.541884648721014,1.3874480535590672,0.0,0.0,0.0
56.400041580200195,2.9302077937167827,8.541884648721014,1.3874480535590672,0.0,0.0,0.0
56.425025939941406,2.9302077937167827,8.541884648721014,1.3874480535590672,0.0,0.0,0.0
56.44999408721924,2.9302077937167827,8.541884648721014,1.3874480535590672,0.0,0.0,0.0
56.47496676445007,2.9302077937167827,8.541884648721014,1.3874480535590672,0.0,0.0,0.0
56.49999284744263,2.9302077937167827,8.541884648721014,1.3874480535590672,0.0,0.0,0.0
56.52500915527344,2.9302077937167827,8.541884648721014,1.3874480535590672,0.0,0.0,0.0
56.549983739852905,2.9302077937167827,8.541884648721014,1.3874480535590672,0.0,0.0,0.0
56.574991941452026,2.9302077937167827,8.541884648721014,1.3874480535590672,0.0,0.0,0.0
56.5999481678009,2.9302077937167827,8.541884648721014,1.3874480535590672,0.0,0.0,0.0
56.62501049041748,2.9302077937167827,8.541884648721014,1.3874480535590672,0.0,0.0,0.0
56.64993929862976,2.9302077937167827,8.541884648721014,1.3874480535590672,0.0,0.0,0.0
56.67517566680908,2.9302077937167827,8.541884648721014,1.3874480535590672,0.0,0.0,0.0
56.70002269744873,2.9302077937167827,8.541884648721014,1.3874480535590672,0.0,0.0,0.0
56.72498035430908,2.9302077937167827,8.541884648721014,1.3874480535590672,0.0,0.0,0.0
56.749977350234985,2.9302077937167827,8.541884648721014,1.3874480535590672,0.0,0.0,0.0
56.77495193481445,2.9302077937167827,8.541884648721014,1.3874480535590672,0.0,0.0,0.0
56.80040717124939,2.9302077937167827,8.541884648721014,1.3874480535590672,0.0,0.0,0.0
56.825005769729614,2.9302077937167827,8.541884648721014,1.3874480535590672,0.0,0.0,0.0
56.84995484352112,2.9302077937167827,8.541884648721014,1.3874480535590672,0.0,0.0,0.0
56.875009059906006,2.9302077937167827,8.541884648721014,1.3874480535590672,0.0,0.0,0.0
56.900083780288696,2.9302077937167827,8.541884648721014,1.3874480535590672,0.0,0.0,0.0
56.92495656013489,2.9302077937167827,8.541884648721014,1.3874480535590672,0.0,0.0,0.0
56.94992136955261,2.9302077937167827,8.541884648721014,1.3874480535590672,0.0,0.0,0.0
56.97504186630249,2.9302077937167827,8.541884648721014,1.3874480535590672,0.0,0.0,0.0
57.00002193450928,2.9302077937167827,8.541884648721014,1.3874480535590672,0.0,0.0,0.0
57.02500367164612,2.9302077937167827,8.541884648721014,1.3874480535590672,0.0,0.0,0.0
57.049936294555664,2.9302077937167827,8.541884648721014,1.3874480535590672,0.0,0.0,0.0
57.07498741149902,2.9302077937167827,8.541884648721014,1.3874480535590672,0.0,0.0,0.0
57.099979877471924,2.9302077937167827,8.541884648721014,1.3874480535590672,0.0,0.0,0.0
57.125038385391235,2.9302077937167827,8.541884648721014,1.3874480535590672,0.0,0.0,0.0
57.14996385574341,2.9302077937167827,8.541884648721014,1.3874480535590672,0.0,0.0,0.0
57.17500877380371,2.9302077937167827,8.541884648721014,1.3874480535590672,0.0,0.0,0.0
57.199970722198486,2.9302077937167827,8.541884648721014,1.3874480535590672,0.0,0.0,0.0
57.224995613098145,2.9302077937167827,8.541884648721014,1.3874480535590672,0.0,0.0,0.0
57.25001287460327,2.9302077937167827,8.541884648721014,1.3874480535590672,0.0,0.0,0.0
57.27514457702637,2.9302077937167827,8.541884648721014,1.3874480535590672,0.0,0.0,0.0
57.30009150505066,2.9302077937167827,8.541884648721014,1.3874480535590672,0.0,0.0,0.0
57.32505774497986,2.9302077937167827,8.541884648721014,1.3874480535590672,0.0,0.0,0.0
