t,angle
-0.04916882514953613,0.0
-0.024160146713256836,0.0
0.0009648799896240234,0.0
0.02608513832092285,0.0
0.051184654235839844,0.0
0.0759286880493164,0.0
0.10087752342224121,0.0
0.12618017196655273,0.0
0.1512744426727295,0.0
0.1762528419494629,0.0
0.2008049488067627,0.0
0.22712993621826172,0.0
0.25385212898254395,0.0
0.2764565944671631,0.0
0.3034839630126953,0.0
0.3271801471710205,0.0
0.35230159759521484,0.0
0.37713193893432617,0.0
0.4019613265991211,0.0
0.42696166038513184,0.0
0.453106164932251,0.0
0.4760444164276123,0.0
0.5012109279632568,0.0
0.5271744728088379,0.0
0.553030252456665,0.0
0.5781502723693848,0.0
0.6017007827758789,0.0
0.6264231204986572,0.0
0.6528267860412598,0.0
0.6779944896697998,0.0
0.7054057121276855,0.0
0.7283766269683838,0.0
0.7518577575683594,0.0
0.7766327857971191,0.0
0.8019688129425049,0.0
0.8266665935516357,0.0
0.8519821166992188,0.0
0.8808586597442627,0.0
0.9017148017883301,0.0
0.9273450374603271,0.0
0.9521341323852539,0.0
0.9763906002044678,0.0
1.0015292167663574,0.0
1.0265092849731445,0.0
1.051377534866333,0.0
1.0762197971343994,0.0
1.1018996238708496,0.0
1.1279041767120361,0.0
1.1544208526611328,0.0
1.1791338920593262,0.0
1.2034525871276855,0.0
1.227020025253296,0.0
1.2534058094024658,0.0
1.2779099941253662,0.0
1.3124425411224365,0.0
1.3289613723754883,0.0
1.3537571430206299,0.0
1.3782060146331787,0.0
1.401200294494629,0.0
1.4275457859039307,0.0
1.453118085861206,0.0
1.4765708446502686,0.0
1.5013506412506104,0.0
1.5269052982330322,0.0
1.5524625778198242,0.0
1.5762906074523926,0.0
1.6015543937683105,0.0
1.6263372898101807,0.0
1.6514956951141357,0.0
1.681899070739746,0.0
1.7035789489746094,0.0
1.7345335483551025,0.0
1.7511200904846191,0.0
1.7762682437896729,0.0
1.8012053966522217,0.0
1.8265564441680908,0.0
1.852097511291504,0.0
1.879472255706787,0.0
1.9006743431091309,0.0
1.9262518882751465,0.0
1.951392650604248,0.0
1.9771003723144531,0.0
2.0028936862945557,0.0
2.0266940593719482,0.0
2.052475690841675,0.0
2.078026056289673,0.0
2.103473424911499,0.0
2.127936601638794,0.0
2.152498722076416,0.0
2.1757657527923584,0.0
2.201007843017578,0.0
2.226269245147705,0.0
2.2512965202331543,0.0
2.2759389877319336,0.0
2.3009231090545654,0.0
2.3262834548950195,0.0
2.351292371749878,0.0
2.3761401176452637,0.0
2.401660203933716,0.0
2.4260971546173096,0.0
2.4509449005126953,0.0
2.4760940074920654,0.0
2.50122332572937,0.0
2.526167869567871,0.0
2.5511419773101807,0.0
2.576662063598633,0.0
2.6016454696655273,0.0
2.6275320053100586,0.0
2.6518287658691406,0.0
2.6766042709350586,0.0
2.7012696266174316,0.0
2.730112314224243,0.0
2.7513747215270996,0.0
2.7760677337646484,0.0
2.801422119140625,0.0
2.8266265392303467,0.0
2.8517279624938965,0.0
2.876471519470215,0.0
2.9015121459960938,0.0
2.9261302947998047,0.0
2.952411413192749,0.0
2.9767603874206543,0.0
3.001371383666992,0.0
3.026599645614624,0.0
3.0512924194335938,0.0
3.0763463973999023,0.0
3.1014959812164307,0.0
3.1263041496276855,0.0
3.1514790058135986,0.0
3.1761443614959717,0.0
3.20158052444458,0.0
3.227311849594116,0.0
3.252667188644409,0.0
3.2788262367248535,0.0
3.3036787509918213,0.0
3.328584909439087,0.0
3.3535385131835938,0.0
3.377262592315674,0.0
3.4017493724823,0.0
3.426595687866211,0.0
3.4511375427246094,0.0
3.478564500808716,0.0
3.5041239261627197,0.0
3.5273187160491943,0.0
3.560636281967163,0.0
3.579428195953369,0.0
3.602947235107422,0.0
3.627406597137451,0.0
3.65354061126709,0.0
3.6768500804901123,0.0
3.7015957832336426,0.0
3.7260289192199707,0.0
3.7520453929901123,0.0
3.7783069610595703,0.0
3.801466464996338,0.0
3.826904058456421,0.0
3.8513638973236084,0.0
3.87622332572937,0.0
3.9016129970550537,0.0
3.926703453063965,0.0
3.952036142349243,0.0
3.977783679962158,0.0
4.004703044891357,0.0
4.0278425216674805,0.0
4.053457736968994,0.0
4.078081130981445,0.0
4.103490114212036,0.0
4.128696918487549,0.0
4.1540021896362305,0.0
4.179097652435303,0.0
4.203538656234741,0.0
4.2270472049713135,0.0
4.251549482345581,0.0
4.276916265487671,0.0
4.301847457885742,0.0
4.326972484588623,0.0
4.351941347122192,0.0
4.378106117248535,0.0
4.407698631286621,0.0
4.428796052932739,0.0
4.4526801109313965,0.0
4.477144241333008,0.0
4.501970529556274,0.0
4.526618719100952,0.0
4.552177906036377,0.0
4.585241317749023,0.0
4.603749513626099,0.0
4.629300594329834,0.0
4.654842853546143,0.0
4.683035850524902,0.0
4.701730012893677,0.0
4.727361440658569,0.0
4.752185583114624,0.0
4.776669502258301,0.0
4.801603317260742,0.0
4.826505422592163,0.0
4.8534629344940186,0.0
4.879525184631348,0.0
4.902647495269775,0.0
4.926872253417969,0.0
4.953575611114502,0.0
4.976336240768433,0.0
5.002328395843506,0.0
5.027257680892944,0.0
5.051527261734009,0.0
5.076209545135498,0.0
5.102068662643433,0.0
5.1275475025177,0.0
5.151352167129517,0.0
5.17586612701416,0.0
5.201541423797607,0.0
5.226510763168335,0.0
5.251920223236084,0.0
5.2780961990356445,0.0
5.302300453186035,0.0
5.32732892036438,0.0
5.352113246917725,0.0
5.377441644668579,0.0
5.404087543487549,0.0
5.427673578262329,0.0
5.457493782043457,0.0
5.48175048828125,0.0
5.50279426574707,0.0
5.530023097991943,0.0
5.554240703582764,0.0
5.578691720962524,0.0
5.607309579849243,0.0
5.628326416015625,0.0
5.6514952182769775,0.0
5.676716327667236,0.0
5.701053619384766,0.0
5.726401329040527,0.0
5.752523183822632,0.0
5.776486158370972,0.0
5.801894903182983,0.0
5.827723503112793,0.0
5.853625297546387,0.0
5.878885746002197,0.0
5.902665138244629,0.0
5.926079988479614,0.0
5.952373266220093,0.0
5.977691888809204,0.0
6.001081943511963,0.0
6.026464939117432,0.0
6.051959276199341,0.0
6.076209306716919,0.0
6.1012282371521,0.0
6.126932621002197,0.0
6.152642726898193,0.0
6.176739454269409,0.0
6.201591968536377,0.0
6.2284836769104,0.0
6.25235652923584,0.0
6.278259038925171,0.0
6.302003860473633,0.0
6.328145980834961,0.0
6.352780342102051,0.0
6.3777055740356445,0.0
6.401695728302002,0.0
6.427718877792358,0.0
6.453315258026123,0.0
6.478911876678467,0.0
6.502084970474243,0.0
6.5270161628723145,0.0
6.552441358566284,0.0
6.576928615570068,0.0
6.6020872592926025,0.0
6.627022743225098,0.0
6.652246475219727,0.0
6.677315950393677,0.0
6.7027270793914795,0.0
6.727117300033569,0.0
6.752598762512207,0.0
6.777009963989258,0.0
6.802015066146851,0.0
6.826928615570068,0.0
6.852247476577759,0.0
6.877162456512451,0.0
6.901711702346802,0.0
6.927435398101807,0.0
6.9523866176605225,0.0
6.9813995361328125,0.0
7.001562833786011,0.0
7.026013135910034,0.0
7.051133871078491,0.0
7.076786518096924,0.0
7.1013031005859375,0.0
7.1265294551849365,0.0
7.1513566970825195,0.0
7.176532030105591,0.0
7.201381206512451,0.0
7.22722864151001,0.0
7.2522523403167725,0.0
7.2800562381744385,0.0
7.304926872253418,0.0
7.327751874923706,0.0
7.352022886276245,0.0
7.378400802612305,0.0
7.403895378112793,0.0
7.428853988647461,0.0
7.4518420696258545,0.0
7.47659969329834,0.0
7.502214193344116,0.0
7.526495695114136,0.0
7.555664777755737,0.0
7.576475620269775,0.0
7.602351903915405,0.0
7.626890420913696,0.0
7.6516876220703125,0.0
7.676016807556152,0.0
7.701491355895996,0.0
7.7266459465026855,0.0
7.753425359725952,0.0
7.776766061782837,0.0
7.80561900138855,0.0
7.826054096221924,0.0
7.851548433303833,0.0
7.876609563827515,0.0
7.903806686401367,0.0
7.927877426147461,0.0
7.960242986679077,0.0
7.978288650512695,0.0
8.002667665481567,0.0
8.03055453300476,0.0
8.052019596099854,0.0
8.07898998260498,0.0
8.101964473724365,0.0
8.127888202667236,0.0
8.152337551116943,0.0
8.177932262420654,0.0
8.201022386550903,0.0
8.226083755493164,0.0
8.25964617729187,0.0
8.276913404464722,0.0
8.303355932235718,-0.0025081888306885958
8.326520681381226,-0.004793351981788874
8.352181434631348,-0.006869238335639238
8.376596927642822,-0.008768601343035698
8.40170431137085,-0.010445646941661835
8.42673110961914,-0.011992382816970348
8.451221227645874,-0.013393468223512173
8.476299524307251,-0.014671752229332924
8.50174069404602,-0.015825916081666946
8.527234554290771,-0.016877269372344017
8.55219841003418,-0.01782628335058689
8.577452659606934,-0.018720688298344612
8.601869106292725,-0.01947184093296528
8.627183437347412,-0.02018342912197113
8.653794527053833,-0.02082853391766548
8.678315162658691,-0.021412959322333336
8.705071449279785,-0.021943217143416405
8.726240396499634,-0.02242465317249298
8.751241445541382,-0.022861091420054436
8.776104211807251,-0.023257572203874588
8.801408767700195,-0.023617582395672798
8.826200485229492,-0.023944728076457977
8.85207223892212,-0.02424239180982113
8.877089738845825,-0.024511832743883133
8.901382207870483,-0.024754419922828674
8.92659878730774,-0.024976210668683052
8.952590703964233,-0.025180617347359657
8.977402448654175,-0.02535991370677948
9.002162456512451,-0.025525225326418877
9.027104377746582,-0.02567501738667488
9.05400562286377,-0.02581159770488739
9.079449653625488,-0.025935735553503036
9.10432243347168,-0.02604786865413189
9.133119344711304,-0.02616790495812893
9.151958703994751,-0.02624192088842392
9.176512956619263,-0.026325849816203117
9.201665878295898,-0.026401933282613754
9.226092338562012,-0.026470841839909554
9.25135064125061,-0.02653328888118267
9.276520013809204,-0.026590535417199135
9.300973653793335,-0.026641450822353363
9.3262300491333,-0.026688341051340103
9.351132869720459,-0.026730824261903763
9.376847267150879,-0.02676974982023239
9.402456998825073,-0.02680426836013794
9.427820205688477,-0.026836054399609566
9.45248556137085,-0.026864787563681602
9.478936910629272,-0.02689109742641449
9.501096248626709,-0.026914553716778755
9.526171922683716,-0.02693604677915573
9.551243782043457,-0.0269556175917387
9.577502489089966,-0.026972973719239235
9.601950407028198,-0.02698669768869877
9.628119707107544,-0.02699306793510914
9.654180526733398,-0.026998797431588173
9.676800012588501,-0.026991253718733788
9.704013586044312,-0.02695869654417038
9.72792673110962,-0.02689150907099247
9.751103401184082,-0.02677241899073124
9.77666974067688,-0.026597941294312477
9.801652669906616,-0.02644442766904831
9.826156377792358,-0.026235561817884445
9.851069927215576,-0.025939734652638435
9.876312255859375,-0.025473784655332565
9.901092290878296,-0.024802032858133316
9.927431106567383,-0.023945074528455734
9.951351642608643,-0.023173397406935692
9.977701425552368,-0.022264137864112854
10.000957489013672,-0.021251773461699486
10.026792049407959,-0.02014453522861004
10.052828311920166,-0.018974369391798973
10.077056646347046,-0.01790759153664112
10.102083444595337,-0.016721777617931366
10.126255750656128,-0.015451694838702679
10.151123046875,-0.014048638753592968
10.176059007644653,-0.012646419927477837
10.201104164123535,-0.01126516330987215
10.226498365402222,-0.009889340959489346
10.251160621643066,-0.008650396019220352
10.276381015777588,-0.007387657184153795
10.30291485786438,-0.006050994154065847
10.327786922454834,-0.0045189280062913895
10.35259222984314,-0.0032243668101727962
10.37719178199768,-0.0013835177524015307
10.404040098190308,0.0002733220753725618
10.427300453186035,0.0020135859958827496
10.454238176345825,0.0037652840837836266
10.477917909622192,0.005491481628268957
10.509838819503784,0.0071729738265275955
10.530327558517456,0.008843687362968922
10.553008317947388,0.010277948342263699
10.578665018081665,0.011761944741010666
10.603724002838135,0.013251137919723988
10.627927780151367,0.014682120643556118
10.653753995895386,0.015981679782271385
10.677805185317993,0.01710592955350876
10.702993869781494,0.018121905624866486
10.72873067855835,0.01894761435687542
10.751994609832764,0.019521629437804222
10.778284788131714,0.019787555560469627
10.804903030395508,0.019736072048544884
10.829160213470459,0.019411601126194
10.85391354560852,0.019117770716547966
10.882739305496216,0.01859316974878311
10.904083013534546,0.017843062058091164
10.929289817810059,0.016816595569252968
10.95414662361145,0.015496236272156239
10.978749990463257,0.01429612934589386
11.003404378890991,0.012787781655788422
11.027621746063232,0.011026986874639988
11.054736852645874,0.009053099900484085
11.079649448394775,0.0068869078531861305
11.102452278137207,0.004531067330390215
11.12682294845581,0.00237838551402092
11.152079105377197,7.058349729049951e-05
11.176563739776611,-0.002366926521062851
11.201462745666504,-0.004930764902383089
11.226432800292969,-0.007691761013120413
11.252993822097778,-0.010646795853972435
11.277076244354248,-0.013768482953310013
11.302013874053955,-0.016597922891378403
11.326509475708008,-0.019605355337262154
11.351268291473389,-0.022878065705299377
11.376140356063843,-0.026546698063611984
11.401196479797363,-0.030705543234944344
11.426719665527344,-0.035389915108680725
11.452133893966675,-0.03964961692690849
11.476260900497437,-0.04436326026916504
11.501117467880249,-0.049495358020067215
11.526798963546753,-0.05499224737286568
11.553536176681519,-0.06066122278571129
11.576690435409546,-0.06638507544994354
11.601251125335693,-0.0715721994638443
11.62620735168457,-0.07672826945781708
11.651283264160156,-0.08177370578050613
11.676208019256592,-0.08668997883796692
11.700878620147705,-0.09144608676433563
11.727012872695923,-0.09613993018865585
11.751574277877808,-0.10036564618349075
11.776734828948975,-0.1045515164732933
11.801475524902344,-0.10879063606262207
11.826148271560669,-0.11310965567827225
11.851866483688354,-0.11752624809741974
11.876318216323853,-0.12199898809194565
11.90142297744751,-0.1260453760623932
11.926583766937256,-0.13012447953224182
11.951272249221802,-0.13419011235237122
11.977020025253296,-0.1381872296333313
12.001419067382812,-0.14212395250797272
12.026500225067139,-0.14571179449558258
12.051186561584473,-0.14925643801689148
12.078407526016235,-0.15304650366306305
12.101740598678589,-0.1562449038028717
12.126346349716187,-0.1598375141620636
12.151655673980713,-0.16356974840164185
12.179232835769653,-0.16793319582939148
12.201025485992432,-0.170954629778862
12.226286172866821,-0.17460744082927704
12.2511727809906,-0.1783672571182251
12.276318073272705,-0.1821996420621872
12.300796747207642,-0.1860658824443817
12.32803463935852,-0.1899126172065735
12.352781295776367,-0.19338470697402954
12.376559734344482,-0.19681580364704132
12.401300191879272,-0.20015482604503632
12.426646947860718,-0.20346301794052124
12.451259136199951,-0.20678375661373138
12.476242065429688,-0.21013067662715912
12.500982761383057,-0.21315650641918182
12.526105642318726,-0.2162632942199707
12.550888776779175,-0.2194509357213974
12.576162576675415,-0.2227773517370224
12.60138750076294,-0.22622936964035034
12.626526832580566,-0.22937244176864624
12.651070356369019,-0.23257681727409363
12.676140785217285,-0.23575350642204285
12.701359987258911,-0.23885197937488556
12.72719693183899,-0.24185459315776825
12.75160026550293,-0.24469980597496033
12.776837348937988,-0.24728289246559143
12.801243782043457,-0.24973919987678528
12.826401233673096,-0.2520796060562134
12.851825475692749,-0.25433605909347534
12.876368284225464,-0.25655344128608704
12.901220321655273,-0.25878793001174927
12.928815126419067,-0.2613304555416107
12.952399253845215,-0.2631986439228058
12.978284120559692,-0.2653762400150299
13.002706050872803,-0.26768699288368225
13.027871370315552,-0.27003684639930725
13.051997661590576,-0.2725079357624054
13.076005220413208,-0.27501988410949707
13.101295948028564,-0.27728956937789917
13.126417875289917,-0.2795727252960205
13.151682138442993,-0.2818179726600647
13.177505493164062,-0.2840149700641632
13.201547384262085,-0.28615596890449524
13.228305578231812,-0.2883121371269226
13.251689910888672,-0.290206640958786
13.282648086547852,-0.29213830828666687
13.302993774414062,-0.29407772421836853
13.327758312225342,-0.2961140275001526
13.354248285293579,-0.29825305938720703
13.385403633117676,-0.3011946976184845
13.404131889343262,-0.3026084899902344
13.429027318954468,-0.3047812283039093
13.456634283065796,-0.3073652982711792
13.48599886894226,-0.3097957968711853
13.500828266143799,-0.3119244873523712
13.526212692260742,-0.31442391872406006
13.55128026008606,-0.3166894316673279
13.575884103775024,-0.3189306855201721
13.600813388824463,-0.3211587071418762
13.626127004623413,-0.32335761189460754
13.651331186294556,-0.32554903626441956
13.676406383514404,-0.32770591974258423
13.701940059661865,-0.32965248823165894
13.726297378540039,-0.3316013216972351
13.751183271408081,-0.33352935314178467
13.776600122451782,-0.3355499505996704
13.801109313964844,-0.33792170882225037
13.826117038726807,-0.3408583998680115
13.851839780807495,-0.3435204327106476
13.87702989578247,-0.34673652052879333
13.90513801574707,-0.3503180146217346
13.926729440689087,-0.35414379835128784
13.952288150787354,-0.3580504059791565
13.977095127105713,-0.3619055449962616
14.001476526260376,-0.3653872013092041
14.02622652053833,-0.3687586784362793
14.051615238189697,-0.371978759765625
14.078480005264282,-0.37502938508987427
14.10101318359375,-0.37792158126831055
14.127953290939331,-0.38057583570480347
14.152263164520264,-0.38311344385147095
14.177418231964111,-0.38567519187927246
14.201093673706055,-0.3879670798778534
14.226465225219727,-0.3903360068798065
14.252537250518799,-0.3927139639854431
14.278038263320923,-0.3950892388820648
14.312444686889648,-0.3980066180229187
14.326130390167236,-0.3993435204029083
14.352290153503418,-0.40150025486946106
14.376856327056885,-0.4036498963832855
14.401172161102295,-0.40576261281967163
14.426408767700195,-0.40769532322883606
14.451572895050049,-0.40956199169158936
14.477175235748291,-0.41133901476860046
14.500920534133911,-0.412958025932312
14.527103424072266,-0.4144074022769928
14.551833629608154,-0.4156503677368164
14.577260255813599,-0.4166836440563202
14.601783514022827,-0.4176190495491028
14.627229452133179,-0.4183768630027771
14.651520013809204,-0.41897276043891907
14.676043272018433,-0.41943249106407166
14.701293468475342,-0.41979116201400757
14.726462125778198,-0.42009544372558594
14.751161813735962,-0.4203706681728363
14.776050567626953,-0.42062368988990784
14.801067352294922,-0.42087849974632263
14.826581954956055,-0.4211580455303192
14.851243019104004,-0.4214591383934021
14.88008737564087,-0.42181774973869324
14.901236534118652,-0.4220457673072815
14.927242517471313,-0.4223192632198334
14.951916456222534,-0.4225723445415497
14.977070569992065,-0.42278149724006653
15.00189733505249,-0.4229457378387451
15.026829719543457,-0.4230974316596985
15.052592039108276,-0.42323532700538635
15.076078176498413,-0.4233863949775696
15.100830793380737,-0.42355984449386597
15.126214981079102,-0.4237728416919708
15.151434659957886,-0.4240392744541168
15.177362442016602,-0.42436498403549194
15.202371835708618,-0.42465946078300476
15.227204322814941,-0.4250187575817108
15.25270962715149,-0.4254394769668579
15.278919219970703,-0.4259154200553894
15.304208755493164,-0.4264320135116577
15.327886581420898,-0.42690691351890564
15.352271318435669,-0.4273960292339325
15.379056692123413,-0.4278746247291565
15.402350664138794,-0.42822879552841187
15.426673173904419,-0.4284760057926178
15.453017950057983,-0.42855945229530334
15.47878885269165,-0.4284384548664093
15.50193166732788,-0.428330659866333
15.52747893333435,-0.4279259443283081
15.553550720214844,-0.427069753408432
15.578326225280762,-0.42569103837013245
15.603944063186646,-0.4238463044166565
15.627824783325195,-0.4221576452255249
15.654155969619751,-0.42013049125671387
15.676995992660522,-0.41787809133529663
15.704055309295654,-0.4152836203575134
15.727184772491455,-0.41311362385749817
15.752100706100464,-0.4107067883014679
15.776899099349976,-0.4083521366119385
15.801737070083618,-0.40622273087501526
15.826736450195312,-0.40416219830513
15.851949691772461,-0.4022311866283417
15.87894320487976,-0.4002576768398285
15.901909828186035,-0.39875710010528564
15.92698049545288,-0.39715874195098877
15.952105522155762,-0.3957134485244751
15.978026151657104,-0.3943239450454712
16.003743648529053,-0.39290979504585266
16.026448488235474,-0.3913722336292267
16.052860975265503,-0.38968154788017273
16.080655813217163,-0.38785746693611145
16.103946208953857,-0.3862111270427704
16.129298448562622,-0.38442137837409973
16.154321432113647,-0.38251805305480957
16.179171085357666,-0.38051921129226685
16.20352792739868,-0.3784267008304596
16.230352640151978,-0.3762497901916504
16.254035711288452,-0.374302476644516
16.280452013015747,-0.37215456366539
16.303386211395264,-0.3702506721019745
16.32599115371704,-0.36807847023010254
16.352054834365845,-0.36578065156936646
16.37640357017517,-0.3633408546447754
16.401150226593018,-0.3611258268356323
16.427881002426147,-0.3587150573730469
16.451135396957397,-0.35616669058799744
16.4773051738739,-0.3533214032649994
16.50094246864319,-0.3502860367298126
16.526358604431152,-0.34747621417045593
16.551122903823853,-0.3444438576698303
16.576733112335205,-0.34123682975769043
16.601334810256958,-0.3379509150981903
16.62744975090027,-0.33461469411849976
16.65351629257202,-0.3313107192516327
16.680434465408325,-0.3280946910381317
16.70343565940857,-0.3249669671058655
16.726707220077515,-0.32235652208328247
16.751182317733765,-0.3196515440940857
16.776254177093506,-0.3170064091682434
16.80134677886963,-0.3143593966960907
16.826125144958496,-0.3116556704044342
16.85136365890503,-0.3092062473297119
16.876294136047363,-0.3066815733909607
16.901385068893433,-0.3040831983089447
16.926936626434326,-0.30141401290893555
16.95136022567749,-0.29871881008148193
16.97705912590027,-0.2960183918476105
17.001187562942505,-0.2935640513896942
17.026028871536255,-0.291108638048172
17.050968170166016,-0.28870242834091187
17.076056241989136,-0.28638163208961487
17.100878477096558,-0.2841440439224243
17.127047300338745,-0.2819643020629883
17.151410579681396,-0.280006468296051
17.176374673843384,-0.27809232473373413
17.20137643814087,-0.27632075548171997
17.227640390396118,-0.27489909529685974
17.251538276672363,-0.27388226985931396
17.276130437850952,-0.2730771601200104
17.300912141799927,-0.27234792709350586
17.326189279556274,-0.27157706022262573
17.350960969924927,-0.2705489993095398
17.376296997070312,-0.26909512281417847
17.40478277206421,-0.26689377427101135
17.426106452941895,-0.26498159766197205
17.45123791694641,-0.26290830969810486
17.475974798202515,-0.26059019565582275
17.501051425933838,-0.25816088914871216
17.526437282562256,-0.25573742389678955
17.551215648651123,-0.2534617483615875
17.575963258743286,-0.2513284385204315
17.601059675216675,-0.2494022697210312
17.626192569732666,-0.24761466681957245
17.652472257614136,-0.24593915045261383
17.67611575126648,-0.24433130025863647
17.70082950592041,-0.24272960424423218
17.72605299949646,-0.2411154806613922
17.751173496246338,-0.23965640366077423
17.776549100875854,-0.2381599247455597
17.801064014434814,-0.23674508929252625
17.826108694076538,-0.23530390858650208
17.85111927986145,-0.23388691246509552
17.876044988632202,-0.232506662607193
17.901856660842896,-0.23125816881656647
17.92604923248291,-0.2300427109003067
17.951072216033936,-0.22886550426483154
17.976298570632935,-0.22771607339382172
18.001866102218628,-0.22651360929012299
18.026122093200684,-0.22536809742450714
18.051170110702515,-0.2242862582206726
18.076077699661255,-0.22314506769180298
18.101069927215576,-0.22193105518817902
18.12635374069214,-0.2206456959247589
18.15109896659851,-0.21928220987319946
18.176576137542725,-0.21785612404346466
18.20093822479248,-0.21660387516021729
18.226295948028564,-0.21532782912254333
18.250763416290283,-0.21409375965595245
18.278482675552368,-0.21273787319660187
18.30112934112549,-0.21153317391872406
18.325815677642822,-0.21001370251178741
18.351125717163086,-0.20863862335681915
18.375979900360107,-0.2072053700685501
18.40117311477661,-0.20594371855258942
18.426353454589844,-0.204995796084404
18.451213598251343,-0.20428718626499176
18.477109909057617,-0.20369866490364075
18.501429080963135,-0.20320571959018707
18.527608156204224,-0.2027343064546585
18.552619218826294,-0.20224204659461975
18.57597064971924,-0.2016810029745102
18.601336240768433,-0.20102965831756592
18.62718391418457,-0.20030468702316284
18.654892444610596,-0.19955754280090332
18.676020860671997,-0.19897611439228058
18.702133178710938,-0.19825518131256104
18.72753381729126,-0.19752484560012817
18.752007246017456,-0.1967519074678421
18.7776837348938,-0.19593170285224915
18.807122230529785,-0.1951862871646881
18.828902006149292,-0.19437405467033386
18.852509021759033,-0.19352099299430847
18.879401445388794,-0.19256845116615295
18.90292978286743,-0.19153158366680145
18.928478240966797,-0.19041112065315247
18.952490091323853,-0.18942192196846008
18.97871208190918,-0.18834500014781952
19.00218915939331,-0.18727879226207733
19.027474880218506,-0.18619093298912048
19.05238103866577,-0.18513551354408264
19.078596353530884,-0.18408796191215515
19.102376699447632,-0.18317419290542603
19.137184381484985,-0.18198668956756592
19.154375553131104,-0.18144485354423523
19.176236152648926,-0.1806550920009613
19.201054096221924,-0.17988558113574982
19.226016521453857,-0.17912130057811737
19.250908136367798,-0.1784329116344452
19.27599859237671,-0.1777297705411911
19.30093550682068,-0.1769942194223404
19.326303482055664,-0.17619214951992035
19.351617574691772,-0.17531724274158478
19.376038074493408,-0.1745198667049408
19.400951147079468,-0.173659548163414
19.427507400512695,-0.17276287078857422
19.451030731201172,-0.17185631394386292
19.47596526145935,-0.1709427684545517
19.50095558166504,-0.17002995312213898
19.52623224258423,-0.16919656097888947
19.55104374885559,-0.168362095952034
19.578550815582275,-0.16750817000865936
19.602168321609497,-0.1666213572025299
19.62725019454956,-0.1656690388917923
19.652631521224976,-0.16464194655418396
19.67612314224243,-0.16348105669021606
19.700955390930176,-0.1624329686164856
19.72654128074646,-0.1611645221710205
19.75094175338745,-0.15963782370090485
19.77609133720398,-0.15786577761173248
19.800994873046875,-0.15590034425258636
19.82612180709839,-0.15378205478191376
19.85170316696167,-0.15158596634864807
19.877071619033813,-0.14959090948104858
19.903099536895752,-0.14751484990119934
19.92704200744629,-0.14533555507659912
19.951972484588623,-0.14307448267936707
19.97688627243042,-0.14072096347808838
20.00134038925171,-0.1386035978794098
20.02694582939148,-0.13641439378261566
20.051050424575806,-0.1341901421546936
20.077726125717163,-0.13190551102161407
20.102601289749146,-0.129582017660141
20.127272605895996,-0.12721355259418488
20.151363372802734,-0.12507501244544983
20.176066160202026,-0.12289843708276749
20.20110583305359,-0.1207021176815033
20.226187705993652,-0.11843331903219223
20.251702308654785,-0.11610131710767746
20.276787042617798,-0.11364709585905075
20.301213026046753,-0.11154278367757797
20.326160669326782,-0.10929684340953827
20.351866483688354,-0.1069408506155014
20.376636266708374,-0.10445550829172134
20.401711225509644,-0.10188648104667664
20.427385568618774,-0.09924762696027756
20.453569889068604,-0.09686698019504547
20.47904348373413,-0.09441254287958145
20.51000666618347,-0.09187332540750504
20.529221296310425,-0.08932562172412872
20.552921295166016,-0.08668612688779831
20.579896926879883,-0.08391035348176956
20.609217882156372,-0.08077964186668396
20.627365112304688,-0.07912107557058334
20.65103244781494,-0.07661067694425583
20.67693543434143,-0.07406067103147507
20.702147006988525,-0.07151090353727341
20.726507425308228,-0.06892984360456467
20.751328468322754,-0.06660526245832443
20.77659821510315,-0.06426302343606949
20.802096605300903,-0.061898548156023026
20.82812476158142,-0.05944132059812546
20.852632761001587,-0.056874167174100876
20.87835144996643,-0.05419113487005234
20.90337824821472,-0.05180307477712631
20.927337408065796,-0.04931104928255081
20.951459169387817,-0.04681308940052986
20.976243019104004,-0.0442957729101181
21.001282691955566,-0.04179026931524277
21.026172399520874,-0.039517875760793686
21.05120825767517,-0.037244830280542374
21.076163053512573,-0.03498373553156853
21.1011700630188,-0.03275315836071968
21.12722682952881,-0.03049667738378048
21.15165424346924,-0.028229961171746254
21.17675280570984,-0.025934278964996338
21.201454877853394,-0.02387315221130848
21.226900339126587,-0.02178090624511242
21.251811265945435,-0.019670050591230392
21.2764151096344,-0.017527904361486435
21.3029465675354,-0.015236121602356434
21.326318740844727,-0.013364977203309536
21.352015256881714,-0.011330310255289078
21.376140356063843,-0.009266708046197891
21.401338577270508,-0.0071761468425393105
21.426339387893677,-0.005064158700406551
21.45119833946228,-0.0029071897733956575
21.47647213935852,-0.0009339739917777479
21.50110363960266,0.0010577423963695765
21.526728630065918,0.003083657706156373
21.551229238510132,0.005077705252915621
21.576316833496094,0.007090025581419468
21.601526021957397,0.009103748016059399
21.626193284988403,0.011135459877550602
21.65226721763611,0.012971518561244011
21.676750659942627,0.014884386211633682
21.702661752700806,0.01671467535197735
21.72690510749817,0.018612882122397423
21.75125551223755,0.020486200228333473
21.77626395225525,0.0222209133207798
21.801265001296997,0.02396591380238533
21.82640504837036,0.025724949315190315
21.850910425186157,0.02747582085430622
21.876017570495605,0.0292301494628191
21.90106177330017,0.030964551493525505
21.92620301246643,0.03269348293542862
21.950998067855835,0.0342537984251976
21.97612690925598,0.035817503929138184
22.000982999801636,0.03738966956734657
22.026674032211304,0.03901396319270134
22.05130910873413,0.04066630080342293
22.077101707458496,0.04236569628119469
22.10200333595276,0.04388962686061859
22.126016855239868,0.04545145854353905
22.15102505683899,0.04703594744205475
22.18077540397644,0.04865418002009392
22.203229904174805,0.05037878826260567
22.226340293884277,0.05178649723529816
22.251115560531616,0.053284209221601486
22.276255130767822,0.05476970225572586
22.301515817642212,0.05620862916111946
22.32850980758667,0.05774540454149246
22.35183095932007,0.058960627764463425
22.37650442123413,0.06028364598751068
22.400955200195312,0.06147528439760208
22.428176164627075,0.06262032687664032
22.454789638519287,0.06371282041072845
22.47615885734558,0.06475982069969177
22.50083637237549,0.06580445915460587
22.526617527008057,0.06683386862277985
22.551117420196533,0.06775932013988495
22.576642513275146,0.06866027414798737
22.600996017456055,0.0695255920290947
22.62618660926819,0.0703686773777008
22.651594400405884,0.07118859142065048
22.6783230304718,0.0719909742474556
22.70433282852173,0.0727168545126915
22.729124069213867,0.07341297715902328
22.753506660461426,0.07407691329717636
22.77673602104187,0.07471220940351486
22.802428245544434,0.07527637481689453
22.82701325416565,0.0756751149892807
22.851975679397583,0.07603461295366287
22.879870176315308,0.07617443799972534
22.902599811553955,0.07611197233200073
22.927766799926758,0.07588659226894379
22.95333981513977,0.07551812380552292
22.979395627975464,0.07501919567584991
23.009431838989258,0.07453452050685883
23.02915382385254,0.07402627170085907
23.05380082130432,0.07339946180582047
23.07934331893921,0.07271581888198853
23.10482907295227,0.07196619361639023
23.137306928634644,0.0711434930562973
23.151649475097656,0.07071831822395325
23.179311513900757,0.07008177787065506
23.204453229904175,0.06947991997003555
23.226905345916748,0.06891685724258423
23.251694440841675,0.06840550899505615
23.276212215423584,0.06789775937795639
23.301496505737305,0.06743822246789932
23.32810950279236,0.06698530912399292
23.351336002349854,0.06651905924081802
23.37817120552063,0.06598002463579178
23.401481866836548,0.06550353765487671
23.426141262054443,0.06498079746961594
23.452838897705078,0.06450585275888443
23.477144241333008,0.06403245031833649
23.504287481307983,0.06353503465652466
23.52700424194336,0.06310485303401947
23.55186915397644,0.0626588687300682
23.576375246047974,0.06222118064761162
23.601450204849243,0.06182551756501198
23.62701392173767,0.06144999712705612
23.65292763710022,0.06110135093331337
23.678510427474976,0.060757432132959366
23.7061607837677,0.06039382144808769
23.72816014289856,0.06008131429553032
23.752999782562256,0.05978209525346756
23.780919790267944,0.059473298490047455
23.807903051376343,0.05921375751495361
23.82672142982483,0.05889081954956055
23.85178232192993,0.05846836045384407
23.88435435295105,0.05776997283101082
23.902172327041626,0.05744960904121399
23.926968336105347,0.05686030164361
23.95202136039734,0.05617035925388336
23.97585153579712,0.0553404837846756
24.000938415527344,0.054392386227846146
24.027432441711426,0.05335934832692146
24.05104398727417,0.05243239179253578
24.075971364974976,0.05145137757062912
24.10100793838501,0.050466522574424744
24.126217365264893,0.04952363297343254
24.151326894760132,0.048632025718688965
24.177327156066895,0.04778044670820236
24.207279205322266,0.046852823346853256
24.228634357452393,0.04628164693713188
24.251978397369385,0.04558856040239334
24.27717137336731,0.04487313702702522
24.301323890686035,0.04412747919559479
24.326454162597656,0.04331643879413605
24.351233959197998,0.04260151460766792
24.376241445541382,0.04179427772760391
24.40133237838745,0.04089117795228958
24.426403045654297,0.03984684869647026
24.451653242111206,0.038657426834106445
24.476033687591553,0.03757371008396149
24.5010027885437,0.03635462746024132
24.526358366012573,0.0349254347383976
24.55098843574524,0.03308673948049545
24.576507568359375,0.030667584389448166
24.6010000705719,0.02777712792158127
24.626038551330566,0.024593405425548553
24.65136480331421,0.02171187475323677
24.67626976966858,0.018723590299487114
24.70104670524597,0.015780657529830933
24.727349996566772,0.01278983149677515
24.7511146068573,0.010226873680949211
24.77594256401062,0.007639490067958832
24.800989389419556,0.00530474167317152
24.826157331466675,0.003069146303460002
24.851163387298584,0.0009096949943341315
24.87625288963318,-0.0012894204119220376
24.900882482528687,-0.00364316301420331
24.926259756088257,-0.005795233882963657
24.95270538330078,-0.008288254030048847
24.9762864112854,-0.010716860182583332
25.000959396362305,-0.013347510248422623
25.026414394378662,-0.015982450917363167
25.051252841949463,-0.01851031370460987
25.07679271697998,-0.020941628143191338
25.10112500190735,-0.023130306974053383
25.12672257423401,-0.025201134383678436
25.151132106781006,-0.027128998190164566
25.176107168197632,-0.028910282999277115
25.201565265655518,-0.030466392636299133
25.226526260375977,-0.031797152012586594
25.252153158187866,-0.03299739584326744
25.2766854763031,-0.03404128551483154
25.301512718200684,-0.03502975404262543
25.32709002494812,-0.03623107075691223
25.351420640945435,-0.037605252116918564
25.376703023910522,-0.03934447839856148
25.401901960372925,-0.040912702679634094
25.427475690841675,-0.042761512100696564
25.452054023742676,-0.044800303876399994
25.478330373764038,-0.04700525850057602
25.50332760810852,-0.049316126853227615
25.527113914489746,-0.051715247333049774
25.552278518676758,-0.05387641116976738
25.5778489112854,-0.056118469685316086
25.60956883430481,-0.058886170387268066
25.62612509727478,-0.06009223312139511
25.651209592819214,-0.061456259340047836
25.676149606704712,-0.06248307228088379
25.701345920562744,-0.06341085582971573
25.727630615234375,-0.06423290073871613
25.751093864440918,-0.06500650197267532
25.776075839996338,-0.0660436674952507
25.802746534347534,-0.06742646545171738
25.82628560066223,-0.0693512037396431
25.851030111312866,-0.07108639925718307
25.875880002975464,-0.07343385368585587
25.901509761810303,-0.07632916420698166
25.926355123519897,-0.07955528795719147
25.951528787612915,-0.08317557722330093
25.976674795150757,-0.08697745203971863
26.00182795524597,-0.09040681272745132
26.02706527709961,-0.09371887892484665
26.05215573310852,-0.09667853266000748
26.076723098754883,-0.0993409976363182
26.102343797683716,-0.10165072232484818
26.127094507217407,-0.10358060896396637
26.15191888809204,-0.10531836748123169
26.17648148536682,-0.10667186975479126
26.203574180603027,-0.10766075551509857
26.22714591026306,-0.10829728841781616
26.251058101654053,-0.10863339155912399
26.276977062225342,-0.10882440954446793
26.300920248031616,-0.10899610072374344
26.32680106163025,-0.1091778576374054
26.351192235946655,-0.1094079539179802
26.376315116882324,-0.10963816195726395
26.40136480331421,-0.10979115217924118
26.426349878311157,-0.10993043333292007
26.45122003555298,-0.10994519293308258
26.476239919662476,-0.10985299199819565
26.501118421554565,-0.10973835736513138
26.5260169506073,-0.1096414253115654
26.550939083099365,-0.10952867567539215
26.57693910598755,-0.10938918590545654
26.6009304523468,-0.10926353186368942
26.626179218292236,-0.10916412621736526
26.651005506515503,-0.1091398373246193
26.67618703842163,-0.10920516401529312
26.70253276824951,-0.10938484966754913
26.728147506713867,-0.10954808443784714
26.752678394317627,-0.10988537222146988
26.778023719787598,-0.11040283739566803
26.802951097488403,-0.11106857657432556
26.828147649765015,-0.1118316650390625
26.852718830108643,-0.1126013919711113
26.879809141159058,-0.11344970762729645
26.902342081069946,-0.11421505361795425
26.92767643928528,-0.11516136676073074
26.952027797698975,-0.11629078537225723
26.976542711257935,-0.11764518171548843
27.00111746788025,-0.11913001537322998
27.026134490966797,-0.1206870898604393
27.051082372665405,-0.12209470570087433
27.076099157333374,-0.12352995574474335
27.1034038066864,-0.1249479427933693
27.126771450042725,-0.12633897364139557
27.151260137557983,-0.1276494264602661
27.176974058151245,-0.12892557680606842
27.201030731201172,-0.13007859885692596
27.23042345046997,-0.13141940534114838
27.251479625701904,-0.1323893964290619
27.276182174682617,-0.1336699277162552
27.301225900650024,-0.13501912355422974
27.326165676116943,-0.13624680042266846
27.351027250289917,-0.1375047117471695
27.376678943634033,-0.13876760005950928
27.403276443481445,-0.14004570245742798
27.42803168296814,-0.14138531684875488
27.45269465446472,-0.1428190916776657
27.47679352760315,-0.14413443207740784
27.501239776611328,-0.14548443257808685
27.525840759277344,-0.1467963308095932
27.551127195358276,-0.1479792594909668
27.576584339141846,-0.1489688754081726
27.60183358192444,-0.14964181184768677
27.62826633453369,-0.14973798394203186
27.65215826034546,-0.14982464909553528
27.678791284561157,-0.1491995006799698
27.70258593559265,-0.14809396862983704
27.726568460464478,-0.1467309147119522
27.751413345336914,-0.14535123109817505
27.776519060134888,-0.1440679430961609
27.8012752532959,-0.14290741086006165
27.82656216621399,-0.14192916452884674
27.852285623550415,-0.1411551833152771
27.877323150634766,-0.14060896635055542
27.901748657226562,-0.14033064246177673
27.92967438697815,-0.1403159648180008
27.95357036590576,-0.14030280709266663
27.977396965026855,-0.14047257602214813
28.003157138824463,-0.14073078334331512
28.02848172187805,-0.14098060131072998
28.053237676620483,-0.14115530252456665
28.079408884048462,-0.14123278856277466
28.102516651153564,-0.14130093157291412
28.128096103668213,-0.14129087328910828
28.153399229049683,-0.14120393991470337
28.17674207687378,-0.141024649143219
28.201714277267456,-0.14076122641563416
28.22726559638977,-0.1404174119234085
28.251976013183594,-0.14010721445083618
28.277026891708374,-0.1397017240524292
28.301692485809326,-0.13918156921863556
28.327138662338257,-0.13850931823253632
28.351165771484375,-0.13767479360103607
28.37596821784973,-0.1366828978061676
28.402672290802002,-0.13578777015209198
28.425987243652344,-0.1347806453704834
28.451521158218384,-0.1336916983127594
28.47612762451172,-0.13252578675746918
28.501007080078125,-0.13130424916744232
28.52623963356018,-0.13004909455776215
28.551536083221436,-0.1289181262254715
28.576765298843384,-0.12778542935848236
28.601240873336792,-0.12669174373149872
28.626879692077637,-0.12562426924705505
28.65105962753296,-0.1246275082230568
28.676326751708984,-0.12370633333921432
28.70284605026245,-0.12286327034235
28.72650933265686,-0.12213204056024551
28.75182056427002,-0.12147627025842667
28.77884531021118,-0.12087258696556091
28.801386833190918,-0.1203526109457016
28.827319622039795,-0.11984739452600479
28.852158308029175,-0.1193888857960701
28.87745714187622,-0.11896293610334396
28.901943922042847,-0.1185746043920517
28.92762064933777,-0.11821641027927399
28.952163457870483,-0.1178881898522377
28.98049235343933,-0.11752547323703766
29.001539945602417,-0.11728893220424652
29.026850700378418,-0.11699862778186798
29.052065134048462,-0.11669173836708069
29.076644897460938,-0.11636556684970856
29.10106134414673,-0.1160755306482315
29.1264488697052,-0.1159401684999466
29.151591539382935,-0.1158180981874466
29.17663073539734,-0.1159011647105217
29.201902866363525,-0.11610981076955795
29.227879762649536,-0.11630668491125107
29.251283407211304,-0.11636203527450562
29.2760009765625,-0.11619310826063156
29.30085849761963,-0.11604049801826477
29.326076984405518,-0.11561519652605057
29.35102152824402,-0.11488966643810272
29.37611484527588,-0.11384230852127075
29.40093994140625,-0.11248235404491425
29.427170515060425,-0.11083514243364334
29.45128059387207,-0.10934754461050034
29.479504346847534,-0.10745761543512344
29.50231146812439,-0.10571978241205215
29.527127504348755,-0.1036001667380333
29.551286697387695,-0.10130894184112549
29.576342821121216,-0.09897630661725998
29.60097074508667,-0.09687163680791855
29.626015186309814,-0.0949452593922615
29.651199340820312,-0.09331724047660828
29.676554203033447,-0.09190341085195541
29.701868057250977,-0.09059098362922668
29.726361751556396,-0.08924521505832672
29.750977754592896,-0.08803564310073853
29.77756690979004,-0.08671362698078156
29.803810596466064,-0.08525809645652771
29.8299720287323,-0.0835999846458435
29.852721214294434,-0.08177241683006287
29.876554250717163,-0.07976607978343964
29.901230573654175,-0.07795634120702744
29.928125619888306,-0.07600449025630951
29.953214406967163,-0.07393619418144226
29.976428031921387,-0.07173992693424225
30.00160026550293,-0.0694902241230011
30.026411533355713,-0.06720936298370361
30.05395746231079,-0.0650276467204094
30.07608413696289,-0.06305064260959625
30.100852012634277,-0.060888804495334625
30.126198768615723,-0.058571115136146545
30.15111494064331,-0.056099649518728256
30.17623233795166,-0.05339657515287399
30.201014518737793,-0.050955772399902344
30.226269245147705,-0.04818293824791908
30.251729249954224,-0.045070406049489975
30.27868938446045,-0.041376519948244095
30.301167249679565,-0.03812766820192337
30.326242446899414,-0.03483527898788452
30.35136342048645,-0.0314006581902504
30.37648582458496,-0.027874216437339783
30.40213918685913,-0.024170080199837685
30.42675471305847,-0.020798437297344208
30.45202136039734,-0.017217354848980904
30.476995706558228,-0.013645540922880173
30.502392768859863,-0.010328169912099838
30.527246475219727,-0.007246090564876795
30.550904989242554,-0.004194006323814392
30.576191902160645,-0.0012484235921874642
30.601642608642578,0.0015489369397982955
30.62623381614685,0.004180663265287876
30.651988744735718,0.006522243842482567
30.676100730895996,0.00874198880046606
30.70117712020874,0.0107923848554492
30.727381467819214,0.012713206931948662
30.752214193344116,0.014492231421172619
30.77643132209778,0.01618240587413311
30.802180528640747,0.017737802118062973
30.826545238494873,0.019170405343174934
30.852977514266968,0.02058960124850273
30.87709665298462,0.022003723308444023
30.902589082717896,0.023434679955244064
30.932993173599243,0.025195496156811714
30.953359603881836,0.026280440390110016
30.979552030563354,0.02772665210068226
31.002858638763428,0.029227735474705696
31.026755332946777,0.03086995892226696
31.051644563674927,0.032608408480882645
31.076476097106934,0.03445407748222351
31.10160756111145,0.036120668053627014
31.127772092819214,0.037878334522247314
31.1534206867218,0.03968057036399841
31.178802013397217,0.041543371975421906
31.201705932617188,0.04345068708062172
31.227033138275146,0.04540148749947548
31.252206802368164,0.04715784639120102
31.278285026550293,0.049089159816503525
31.301445722579956,0.05074876919388771
31.326591968536377,0.052642568945884705
31.35223627090454,0.054604217410087585
31.37732768058777,0.056730885058641434
31.4011652469635,0.05848665535449982
31.428879022598267,0.06041649356484413
31.455021381378174,0.06242179498076439
31.48469305038452,0.06479288637638092
31.505279541015625,0.06706682592630386
31.527480602264404,0.06904955208301544
31.551578283309937,0.07121692597866058
31.578383207321167,0.07345449924468994
31.601776361465454,0.07586605101823807
31.62739324569702,0.07848413288593292
31.652674913406372,0.08128093183040619
31.67629098892212,0.08429727703332901
31.701114892959595,0.08701864629983902
31.726032733917236,0.08987423777580261
31.75136423110962,0.0927695631980896
31.776755571365356,0.09566159546375275
31.801684856414795,0.09850877523422241
31.826565265655518,0.10110978782176971
31.851149320602417,0.10366512835025787
31.877023696899414,0.10618606954813004
31.901970386505127,0.10866830497980118
31.928474187850952,0.11126741021871567
31.95226240158081,0.11374684423208237
31.979099988937378,0.11656035482883453
32.00166726112366,0.11880261451005936
32.02627372741699,0.12137052416801453
32.051210165023804,0.12414839118719101
32.07651448249817,0.12712956964969635
32.10171365737915,0.13032236695289612
32.127185583114624,0.13369376957416534
32.15188264846802,0.13673505187034607
32.1764030456543,0.13994519412517548
32.20147490501404,0.14330898225307465
32.22708225250244,0.1466861069202423
32.2513370513916,0.15019220113754272
32.27636647224426,0.15362778306007385
32.30121850967407,0.15672023594379425
32.32600808143616,0.15945664048194885
32.35096001625061,0.16159765422344208
32.37827515602112,0.16326391696929932
32.403356075286865,0.16460002958774567
32.4263699054718,0.1657717227935791
32.45156979560852,0.16683046519756317
32.47657895088196,0.16787299513816833
32.501352071762085,0.16900677978992462
32.526182651519775,0.1703517585992813
32.55098867416382,0.17193599045276642
32.57601284980774,0.17337609827518463
32.60275435447693,0.1752820611000061
32.62683081626892,0.1774677187204361
32.65222883224487,0.1803879737854004
32.67781448364258,0.1839521825313568
32.702067613601685,0.18791325390338898
32.72634840011597,0.1921023279428482
32.751827239990234,0.19588357210159302
32.77612638473511,0.19977600872516632
32.80121827125549,0.20371809601783752
32.82713294029236,0.20778733491897583
32.85298204421997,0.21178458631038666
32.87790584564209,0.21587122976779938
32.903886556625366,0.21948136389255524
32.92843723297119,0.22304140031337738
32.95265030860901,0.22642731666564941
32.98015880584717,0.2296750396490097
33.002984046936035,0.2328697144985199
33.02754068374634,0.23616792261600494
33.05435085296631,0.23913845419883728
33.0769362449646,0.24224431812763214
33.10373282432556,0.2455029934644699
33.127461433410645,0.24886366724967957
33.15314722061157,0.252358615398407
33.17724013328552,0.2559124529361725
33.20098161697388,0.2591294050216675
33.226258754730225,0.2623260021209717
33.25271010398865,0.2654701769351959
33.27661848068237,0.26824644207954407
33.30109739303589,0.2708527147769928
33.32636308670044,0.273207426071167
33.35110640525818,0.2753298282623291
33.3759605884552,0.2771827280521393
33.400835275650024,0.278801828622818
33.426270961761475,0.2803226113319397
33.45268654823303,0.2818283438682556
33.476502418518066,0.2832123041152954
33.501203775405884,0.28467220067977905
33.52639651298523,0.28636109828948975
33.55107593536377,0.28834718465805054
33.576149463653564,0.290674090385437
33.601439237594604,0.29336002469062805
33.62637686729431,0.2958087921142578
33.65109992027283,0.29857301712036133
33.6772723197937,0.3015982508659363
33.70193600654602,0.30487060546875
33.72590637207031,0.30815234780311584
33.75092887878418,0.31172850728034973
33.77659606933594,0.31556951999664307
33.80532670021057,0.3189857304096222
33.82740926742554,0.3225891888141632
33.851823806762695,0.32640957832336426
33.87608861923218,0.33038151264190674
33.90395784378052,0.33445656299591064
33.926525354385376,0.33818939328193665
33.95111131668091,0.34199634194374084
33.976054668426514,0.34581679105758667
34.001203536987305,0.3493131101131439
34.026511430740356,0.3524295389652252
34.05152773857117,0.3552056849002838
34.075968503952026,0.3578314185142517
34.10377025604248,0.3603702187538147
34.12716484069824,0.3625907599925995
34.15101385116577,0.3650827407836914
34.176395416259766,0.3677832782268524
34.20248222351074,0.3708513081073761
34.22745871543884,0.37331995368003845
34.25267171859741,0.3761143982410431
34.27650475502014,0.3789409101009369
34.301105260849,0.3818039000034332
34.32657527923584,0.38496965169906616
34.351348876953125,0.3885168433189392
34.378637075424194,0.3927976191043854
34.40499520301819,0.3959922194480896
34.42626452445984,0.3998332917690277
34.45116686820984,0.403761088848114
34.47649168968201,0.4079195559024811
34.50141978263855,0.41254565119743347
34.52706432342529,0.417805939912796
34.55125641822815,0.42255279421806335
34.57620406150818,0.4277730882167816
34.60112953186035,0.43317562341690063
34.62988233566284,0.43887004256248474
34.65180993080139,0.44371017813682556
34.676400899887085,0.4483867883682251
34.700844526290894,0.4527817964553833
34.72637724876404,0.4569135904312134
34.75111770629883,0.4607929587364197
34.77641797065735,0.4644828140735626
34.801249980926514,0.46803605556488037
34.82682275772095,0.4715214967727661
34.85154414176941,0.47467610239982605
34.876384973526,0.47770366072654724
34.901196241378784,0.48061782121658325
34.926660776138306,0.48344436287879944
34.95132923126221,0.48606255650520325
34.97637629508972,0.48856860399246216
35.00112271308899,0.49083685874938965
35.02595829963684,0.49301767349243164
35.05110836029053,0.4951675832271576
35.075886249542236,0.4973651170730591
35.101048707962036,0.4996955692768097
35.125985860824585,0.5021892786026001
35.152711153030396,0.5045927166938782
35.17579126358032,0.5068111419677734
35.20125389099121,0.5092756152153015
35.22673225402832,0.5117645263671875
35.251124143600464,0.5141839981079102
35.276110887527466,0.516517698764801
35.30110311508179,0.5186377167701721
35.32629942893982,0.5207065343856812
35.35100769996643,0.5227455496788025
35.37597417831421,0.5247262120246887
35.40122580528259,0.5266141891479492
35.42678356170654,0.5283991694450378
35.45144963264465,0.5300207734107971
35.476142168045044,0.5316168069839478
35.501182556152344,0.5333579182624817
35.526726961135864,0.5353024005889893
35.551382541656494,0.5373666882514954
35.57620453834534,0.5393956899642944
35.600815296173096,0.5412341952323914
35.626075983047485,0.5429365634918213
35.65138006210327,0.5443747043609619
35.67610573768616,0.5454158782958984
35.70101547241211,0.5459222197532654
35.726054430007935,0.5457630753517151
35.75110149383545,0.5456189513206482
35.77680230140686,0.5447986721992493
35.80447602272034,0.5434175729751587
35.8292670249939,0.541594922542572
35.85220646858215,0.5394716262817383
35.8782377243042,0.5371308326721191
35.902437686920166,0.5350213050842285
35.92791247367859,0.5327306389808655
35.95323348045349,0.5303760170936584
35.97717595100403,0.5278420448303223
36.00175857543945,0.5251320600509644
36.0263295173645,0.5222257375717163
36.05177545547485,0.519598126411438
36.07672739028931,0.5167864561080933
36.101704835891724,0.5138428211212158
36.12752366065979,0.5106661915779114
36.15114402770996,0.5074289441108704
36.17646408081055,0.5040199756622314
36.20299553871155,0.5009357929229736
36.22779893875122,0.4977077841758728
36.25451040267944,0.4943005442619324
36.27777981758118,0.4908519685268402
36.30267786979675,0.4872201681137085
36.32956004142761,0.4838997423648834
36.3560950756073,0.48001521825790405
36.37919616699219,0.4770051836967468
36.401188373565674,0.47343742847442627
36.426185607910156,0.4697601795196533
36.45110297203064,0.46599599719047546
36.47601652145386,0.4622032046318054
36.501142740249634,0.458766371011734
36.52632713317871,0.4553331136703491
36.551008224487305,0.45202121138572693
36.576152086257935,0.44880667328834534
36.60162377357483,0.44575706124305725
36.626335859298706,0.44285157322883606
36.65218496322632,0.44021686911582947
36.676098108291626,0.437719464302063
36.70182800292969,0.4352724552154541
36.726593255996704,0.43294450640678406
36.75155568122864,0.43058183789253235
36.77634930610657,0.4282219409942627
36.80189776420593,0.4260977804660797
36.82782530784607,0.42396679520606995
36.85211253166199,0.4218638837337494
36.876060009002686,0.4198110103607178
36.90096712112427,0.4179004430770874
36.926313638687134,0.41617849469184875
36.95121121406555,0.41462528705596924
36.97671437263489,0.4132872521877289
37.001540184020996,0.41218775510787964
37.02711820602417,0.4113183915615082
37.051255226135254,0.4105716347694397
37.07625436782837,0.40988048911094666
37.10192251205444,0.40925437211990356
37.12698674201965,0.40861937403678894
37.15206241607666,0.4079206883907318
37.17665982246399,0.4071206748485565
37.201801776885986,0.40624842047691345
37.22668385505676,0.4053897261619568
37.25171494483948,0.40459880232810974
37.27686262130737,0.4037828743457794
37.301207065582275,0.4029155969619751
37.326170921325684,0.4019738435745239
37.352102279663086,0.4010281264781952
37.3789541721344,0.4002283811569214
37.40254759788513,0.3995051980018616
37.42732906341553,0.3990092873573303
37.45234394073486,0.3987146019935608
37.47762680053711,0.39853376150131226
37.502702474594116,0.3983425796031952
37.52790284156799,0.3980337381362915
37.55320858955383,0.39775529503822327
37.57682251930237,0.3973018527030945
37.60207676887512,0.3966718018054962
37.627164125442505,0.3958865702152252
37.652104139328,0.3950057923793793
37.678133487701416,0.3940901458263397
37.70441508293152,0.3932402729988098
37.72926664352417,0.39245784282684326
37.76323437690735,0.39153605699539185
37.777618408203125,0.39109599590301514
37.80373477935791,0.3905223309993744
37.828601598739624,0.3899919092655182
37.85225868225098,0.38950589299201965
37.88202786445618,0.3889487385749817
37.9036591053009,0.38844311237335205
37.92823314666748,0.38772052526474
37.95403528213501,0.38681304454803467
37.97959518432617,0.38570666313171387
38.00358200073242,0.3847047686576843
38.02835965156555,0.38351133465766907
38.0548198223114,0.3821558356285095
38.08042240142822,0.38064542412757874
38.10467171669006,0.37900131940841675
38.12883496284485,0.37750017642974854
38.15331983566284,0.3759077787399292
38.178407192230225,0.3742905855178833
38.204699754714966,0.3726675510406494
38.234901905059814,0.3709344267845154
38.25429701805115,0.36958765983581543
38.28034567832947,0.3680848181247711
38.305992126464844,0.3666842579841614
38.32781434059143,0.3654308021068573
38.352015256881714,0.3641752004623413
38.38043451309204,0.3628421127796173
38.40339946746826,0.361725389957428
38.42713809013367,0.360529363155365
38.45382881164551,0.3594439923763275
38.47954320907593,0.35841625928878784
38.503010272979736,0.3575015068054199
38.52862477302551,0.3566114008426666
38.55163550376892,0.3557606041431427
38.57715606689453,0.3549497425556183
38.60209846496582,0.35421422123908997
38.62655210494995,0.35353490710258484
38.651530504226685,0.3529033958911896
38.67652988433838,0.3522132337093353
38.70168161392212,0.3512600064277649
38.727256298065186,0.3499111831188202
38.75189828872681,0.34869834780693054
38.77847456932068,0.3471066653728485
38.80276441574097,0.34520432353019714
38.826725244522095,0.3430822193622589
38.851125717163086,0.3408275842666626
38.877877712249756,0.3384873867034912
38.900821685791016,0.33639147877693176
38.926385164260864,0.3342233896255493
38.95107316970825,0.3320317268371582
38.975926637649536,0.3298080563545227
39.00113248825073,0.32755059003829956
39.02647948265076,0.3252868950366974
39.051544189453125,0.32323336601257324
39.0763475894928,0.3211948871612549
39.101616621017456,0.3191681504249573
39.12642955780029,0.3171462416648865
39.15125298500061,0.3151569664478302
39.17615866661072,0.31322380900382996
39.201159954071045,0.3114810883998871
39.22635364532471,0.30988967418670654
39.25124430656433,0.30851009488105774
39.2759222984314,0.3073248565196991
39.30144381523132,0.30629613995552063
39.326483488082886,0.30536651611328125
39.351616859436035,0.3045260012149811
39.37718629837036,0.30369672179222107
39.401825189590454,0.30278751254081726
39.42782950401306,0.30173930525779724
39.45140218734741,0.30052775144577026
39.4769184589386,0.29914596676826477
39.502270221710205,0.2978951930999756
39.52700638771057,0.29646196961402893
39.551265239715576,0.2948814630508423
39.57615518569946,0.29317185282707214
39.60096478462219,0.2913850247859955
39.626014947891235,0.28956007957458496
39.65104937553406,0.28790754079818726
39.6760311126709,0.28623875975608826
39.701125144958496,0.28452518582344055
39.72657060623169,0.28273501992225647
39.75144696235657,0.28083741664886475
39.776376485824585,0.2788184583187103
39.80115604400635,0.2769905626773834
39.826037883758545,0.2750331461429596
39.85193109512329,0.27294203639030457
39.87640571594238,0.2707306444644928
39.90122675895691,0.268396258354187
39.92638921737671,0.26597341895103455
39.952226400375366,0.2637742757797241
39.97690534591675,0.26151999831199646
40.00207304954529,0.25931409001350403
40.027077198028564,0.2572711408138275
40.05210900306702,0.25549453496932983
40.076618671417236,0.25393855571746826
40.102256059646606,0.25253215432167053
40.1271607875824,0.2512314021587372
40.15233659744263,0.24994952976703644
40.178505182266235,0.24864928424358368
40.20565605163574,0.24734781682491302
40.22637128829956,0.24604618549346924
40.251208782196045,0.24489526450634003
40.27621650695801,0.2437300980091095
40.301533222198486,0.24255117774009705
40.326704025268555,0.24136856198310852
40.35222887992859,0.2401837259531021
40.376551389694214,0.23896948993206024
40.402140617370605,0.23786765336990356
40.42651677131653,0.23667144775390625
40.45223641395569,0.23535121977329254
40.479219913482666,0.23398157954216003
40.50171184539795,0.2326793670654297
40.52713346481323,0.23152942955493927
40.551212787628174,0.2304907590150833
40.576152086257935,0.22959858179092407
40.6009783744812,0.22882512211799622
40.62649607658386,0.22812895476818085
40.65163731575012,0.22747275233268738
40.67810034751892,0.22678841650485992
40.70221972465515,0.22616249322891235
40.728174448013306,0.22544518113136292
40.752248764038086,0.2245919108390808
40.77619981765747,0.2235148847103119
40.801513671875,0.2222217470407486
40.82679104804993,0.22104333341121674
40.85194969177246,0.21968692541122437
40.87755346298218,0.21821151673793793
40.904064416885376,0.21669188141822815
40.92714810371399,0.21516774594783783
40.9511513710022,0.21367451548576355
40.97663378715515,0.21222861111164093
41.001492500305176,0.21091951429843903
41.02661371231079,0.20968374609947205
41.053088665008545,0.20850977301597595
41.076777935028076,0.20739690959453583
41.10161232948303,0.20632347464561462
41.126314878463745,0.20534595847129822
41.152021169662476,0.20437824726104736
41.17662978172302,0.20340467989444733
41.20209622383118,0.20239447057247162
41.22901701927185,0.2013145387172699
41.25401592254639,0.20015282928943634
41.27946710586548,0.19891270995140076
41.30309844017029,0.19778941571712494
41.3275887966156,0.19661307334899902
41.352810859680176,0.1953931599855423
41.38434886932373,0.19415508210659027
41.401875019073486,0.19290703535079956
41.42732095718384,0.19165953993797302
41.451597690582275,0.19055162370204926
41.477487564086914,0.18947623670101166
41.50246262550354,0.1884443461894989
41.52650427818298,0.1874210089445114
41.55395746231079,0.18650081753730774
41.57921862602234,0.1854444146156311
41.60398626327515,0.184506356716156
41.626089096069336,0.18352043628692627
41.65111255645752,0.1824791133403778
41.67667841911316,0.1813644915819168
41.70126819610596,0.18017646670341492
41.72691082954407,0.1789051741361618
41.75237584114075,0.1777791976928711
41.77610516548157,0.17658540606498718
41.80090618133545,0.17534682154655457
41.827998876571655,0.17405621707439423
41.852145195007324,0.1728086620569229
41.87699627876282,0.17158392071723938
41.90211224555969,0.17046454548835754
41.92728066444397,0.1694188117980957
41.952136754989624,0.16840383410453796
41.97733759880066,0.16744385659694672
42.00134563446045,0.1666141152381897
42.02636098861694,0.16588817536830902
42.052889585494995,0.16522888839244843
42.07954144477844,0.164663627743721
42.101746559143066,0.16421547532081604
42.1270751953125,0.16395582258701324
42.151458501815796,0.1639236956834793
42.176289558410645,0.16402506828308105
42.20205020904541,0.16411663591861725
42.227203607559204,0.16417822241783142
42.25311470031738,0.16408854722976685
42.27655744552612,0.163731649518013
42.300978899002075,0.16294360160827637
42.32592058181763,0.16221751272678375
42.350961685180664,0.16101539134979248
42.37595868110657,0.15945537388324738
42.402474880218506,0.1577935665845871
42.42802929878235,0.15633460879325867
42.454538345336914,0.15533111989498138
42.482897996902466,0.15476375818252563
42.502729654312134,0.1543268859386444
42.52770638465881,0.1544041633605957
42.55342745780945,0.15500572323799133
42.57736659049988,0.1558462679386139
42.60113978385925,0.15643835067749023
42.6273729801178,0.15652935206890106
42.65175747871399,0.15661127865314484
42.6765398979187,0.1561720073223114
42.702529191970825,0.15529993176460266
42.72641468048096,0.1541367918252945
42.75113248825073,0.15282967686653137
42.776212215423584,0.15148526430130005
42.801398515701294,0.1502677947282791
42.827271461486816,0.1490716189146042
42.8521466255188,0.1479295939207077
42.87713670730591,0.14691786468029022
42.90194582939148,0.14613395929336548
42.92770195007324,0.1456148624420166
42.95292282104492,0.14514468610286713
42.97588753700256,0.14489789307117462
43.001710653305054,0.14480064809322357
43.02685070037842,0.1447761505842209
43.051822900772095,0.1447710543870926
43.077118158340454,0.14474792778491974
43.10489058494568,0.14472678303718567
43.12682771682739,0.14465902745723724
43.1518189907074,0.14453618228435516
43.176125049591064,0.1443568766117096
43.200950384140015,0.14410443603992462
43.225921630859375,0.14387431740760803
43.251543045043945,0.14357291162014008
43.277384519577026,0.14323005080223083
43.3013379573822,0.14282430708408356
43.32650566101074,0.14222007989883423
43.351515769958496,0.14167281985282898
43.37698197364807,0.14062780141830444
43.40283679962158,0.1396845579147339
43.427608489990234,0.13865067064762115
43.454732179641724,0.1376214623451233
43.476414918899536,0.13668179512023926
43.50153064727783,0.13591648638248444
43.52714419364929,0.13521631062030792
43.55279326438904,0.13480328023433685
43.57827115058899,0.13470256328582764
43.602375984191895,0.13485519587993622
43.627148389816284,0.1351819932460785
43.6518919467926,0.13560637831687927
43.675994634628296,0.13605758547782898
43.700894594192505,0.13646647334098816
43.725996017456055,0.13684998452663422
43.750911235809326,0.1371806412935257
43.77627348899841,0.1374628245830536
43.801684617996216,0.137721985578537
43.82679343223572,0.13795830309391022
43.851295948028564,0.13821083307266235
43.87590289115906,0.1385040432214737
43.90107774734497,0.13890472054481506
43.9280059337616,0.13954371213912964
43.95322513580322,0.14048826694488525
43.979989528656006,0.14174601435661316
44.001516580581665,0.14282448589801788
44.02624034881592,0.14420999586582184
44.051286458969116,0.1458246260881424
44.076221227645874,0.14760364592075348
44.1013867855072,0.14951381087303162
44.12661170959473,0.1515226811170578
44.151137351989746,0.1533311903476715
44.17623686790466,0.1551697701215744
44.20129871368408,0.15705165266990662
44.22636008262634,0.15911360085010529
44.25261664390564,0.161402627825737
44.27913546562195,0.16385900974273682
44.30288004875183,0.16620200872421265
44.32789993286133,0.16839613020420074
44.35129261016846,0.17072759568691254
44.376487731933594,0.17291247844696045
44.40092134475708,0.17478032410144806
44.42610430717468,0.17626067996025085
44.45114731788635,0.17760765552520752
44.47619581222534,0.1785823404788971
44.50163793563843,0.17923076450824738
44.52723693847656,0.17963513731956482
44.55276679992676,0.17986544966697693
44.579917430877686,0.1799173653125763
44.6028790473938,0.17996440827846527
44.62776303291321,0.17984488606452942
44.65120339393616,0.17960964143276215
44.676042556762695,0.17946572601795197
44.7011079788208,0.17978326976299286
44.72695231437683,0.18074849247932434
44.75145888328552,0.18161742389202118
44.77685260772705,0.18299992382526398
44.80141520500183,0.18465299904346466
44.82619762420654,0.18627776205539703
44.851242542266846,0.18780545890331268
44.875945806503296,0.18912777304649353
44.9011013507843,0.19032688438892365
44.92595672607422,0.19127537310123444
44.951199769973755,0.19198045134544373
44.975977659225464,0.19247181713581085
45.00076961517334,0.19275330007076263
45.025980710983276,0.19285179674625397
45.05131483078003,0.19294103980064392
45.07594561576843,0.1929081678390503
45.10319995880127,0.19278188049793243
45.12751269340515,0.1925564557313919
45.15272665023804,0.19220846891403198
45.17782497406006,0.19174793362617493
45.20259618759155,0.1913311928510666
45.227365016937256,0.19079062342643738
45.25253677368164,0.19014863669872284
45.27630400657654,0.18948084115982056
45.30169987678528,0.188779816031456
45.32637810707092,0.1879826933145523
45.35137605667114,0.18726469576358795
45.37637114524841,0.18642418086528778
45.40184020996094,0.18550097942352295
45.42839813232422,0.1845124065876007
45.45173454284668,0.18347656726837158
45.47661876678467,0.1823531985282898
45.50148105621338,0.18133465945720673
45.52634119987488,0.1802302747964859
45.551371335983276,0.179104283452034
45.57580065727234,0.17804215848445892
45.60168242454529,0.1772390902042389
45.626153230667114,0.17723362147808075
45.65132021903992,0.1772286742925644
45.67598509788513,0.17857784032821655
45.701218366622925,0.18140731751918793
45.72643041610718,0.18543106317520142
45.75113821029663,0.19014647603034973
45.775946617126465,0.19515904784202576
45.80228328704834,0.19969533383846283
45.82631516456604,0.20435968041419983
45.85104584693909,0.20897437632083893
45.8787899017334,0.21335238218307495
45.90268874168396,0.21736334264278412
45.92647743225098,0.22095534205436707
45.95237469673157,0.22421030700206757
45.97855615615845,0.22700686752796173
46.002479791641235,0.22928386926651
46.02736830711365,0.2310527265071869
46.056389570236206,0.23256656527519226
46.07749271392822,0.233350470662117
46.10185956954956,0.23419970273971558
46.12788391113281,0.2347373515367508
46.15274143218994,0.23501187562942505
46.178065061569214,0.23509597778320312
46.203173875808716,0.23505717515945435
46.22677206993103,0.2349676787853241
46.2521288394928,0.2348867803812027
46.2781457901001,0.23480352759361267
46.301109790802,0.23472745716571808
46.32631754875183,0.23465338349342346
46.35102367401123,0.2345709204673767
46.37640976905823,0.23444512486457825
46.40099287033081,0.23433133959770203
46.4259467124939,0.23411916196346283
46.452632665634155,0.23379166424274445
46.47599506378174,0.2333531379699707
46.502376317977905,0.23277688026428223
46.52817344665527,0.2321062684059143
46.55141305923462,0.23150579631328583
46.57620596885681,0.23082830011844635
46.601415157318115,0.23009082674980164
46.62678241729736,0.22923529148101807
46.65124702453613,0.2282586693763733
46.67657232284546,0.2271914929151535
46.70111632347107,0.22622805833816528
46.72716665267944,0.22516028583049774
46.75118279457092,0.22416844964027405
46.77598023414612,0.22311972081661224
46.8018536567688,0.22201494872570038
46.82644176483154,0.22083844244480133
46.85119986534119,0.21977640688419342
46.87592315673828,0.2186790108680725
46.9012885093689,0.2176138162612915
46.926332235336304,0.2166590392589569
46.95128679275513,0.21588033437728882
46.976871967315674,0.21531590819358826
47.001500606536865,0.21481043100357056
47.026291370391846,0.21451593935489655
47.05117750167847,0.214410662651062
47.08124852180481,0.21466195583343506
47.10113549232483,0.21532513201236725
47.12670564651489,0.21699632704257965
47.15439987182617,0.21869535744190216
47.175976276397705,0.22057688236236572
47.20106554031372,0.22315678000450134
47.22671890258789,0.225861594080925
47.251436948776245,0.22850050032138824
47.27597093582153,0.231058731675148
47.3027503490448,0.23338152468204498
47.326860189437866,0.23565497994422913
47.35193419456482,0.237851083278656
47.37690353393555,0.23991957306861877
47.40202593803406,0.24182254076004028
47.42663526535034,0.24355600774288177
47.451701164245605,0.24513795971870422
47.47699570655823,0.24656614661216736
47.50274038314819,0.2477632462978363
47.52762508392334,0.248799130320549
47.55371332168579,0.24970048666000366
47.581368923187256,0.25054046511650085
47.60175633430481,0.25126737356185913
47.62767148017883,0.25199052691459656
47.651612758636475,0.2527223527431488
47.67851758003235,0.25351449847221375
47.705968618392944,0.2544589936733246
47.72792339324951,0.25559958815574646
47.750845432281494,0.2566283345222473
47.7761287689209,0.2577923536300659
47.8011269569397,0.25896963477134705
47.82687282562256,0.2600845992565155
47.8511381149292,0.26110127568244934
47.87602400779724,0.2620789706707001
47.90132451057434,0.2629660367965698
47.927340269088745,0.26395052671432495
47.95235633850098,0.2651437819004059
47.9772367477417,0.2665258049964905
48.00097966194153,0.26796913146972656
48.02634239196777,0.2693674862384796
48.051740407943726,0.27063602209091187
48.076483488082886,0.2718295156955719
48.10126852989197,0.27290454506874084
48.12621808052063,0.2738001346588135
48.15119552612305,0.27450382709503174
48.1762490272522,0.27503693103790283
48.201834201812744,0.2755202353000641
48.22637677192688,0.2758447527885437
48.25172686576843,0.2760743498802185
48.27911639213562,0.2763325572013855
48.3019380569458,0.27670982480049133
48.326998710632324,0.2772637903690338
48.35197424888611,0.2777640223503113
48.377150535583496,0.2784607410430908
48.401843547821045,0.2793487310409546
48.42709398269653,0.2804160416126251
48.45186161994934,0.281635582447052
48.479331731796265,0.282743901014328
48.50202512741089,0.2839924693107605
48.52688455581665,0.28529858589172363
48.55099010467529,0.2866545617580414
48.576250314712524,0.28801843523979187
48.601951599121094,0.2893189489841461
48.62741494178772,0.2905276417732239
48.65209484100342,0.29160258173942566
48.676729679107666,0.2925650179386139
48.701640605926514,0.293438583612442
48.72697734832764,0.2942984998226166
48.75145173072815,0.2951759994029999
48.7771520614624,0.29615944623947144
48.8020703792572,0.2970438003540039
48.82638168334961,0.2981494069099426
48.852071046829224,0.2995135486125946
48.87949585914612,0.30107778310775757
48.901987075805664,0.3027372360229492
48.92755484580994,0.3042561113834381
48.953392028808594,0.3057854175567627
48.978586196899414,0.30732113122940063
49.00288701057434,0.3087458312511444
49.026527643203735,0.3100948929786682
49.05126118659973,0.31140220165252686
49.076067209243774,0.31264549493789673
49.10728478431702,0.31404682993888855
49.126222133636475,0.3148210942745209
49.151273012161255,0.3158146142959595
49.17622399330139,0.31682702898979187
49.201128244400024,0.3179187774658203
49.22617316246033,0.3189140558242798
49.251219749450684,0.3200150728225708
49.27623796463013,0.3212073743343353
49.301228523254395,0.3224242627620697
49.32601237297058,0.3236335217952728
49.351115226745605,0.3248099982738495
49.37742829322815,0.32606399059295654
49.40114974975586,0.32709619402885437
49.4261155128479,0.32826998829841614
49.45113754272461,0.3295194208621979
49.476049184799194,0.3308493494987488
49.50097918510437,0.3322605490684509
49.52646231651306,0.3337397873401642
49.55122351646423,0.33507832884788513
49.57608437538147,0.3364598751068115
49.60424852371216,0.3380623757839203
49.626585721969604,0.3393206298351288
49.65118145942688,0.34073248505592346
49.676074504852295,0.342069536447525
49.70100998878479,0.3432824909687042
49.72624087333679,0.344455361366272
49.75131607055664,0.34555181860923767
49.775866746902466,0.34653958678245544
49.801064252853394,0.34748604893684387
49.826167821884155,0.34838587045669556
49.85151743888855,0.34920060634613037
49.87683057785034,0.3499548137187958
49.90206694602966,0.3506111204624176
49.92635416984558,0.3511240482330322
49.95131182670593,0.3515847623348236
49.97619915008545,0.35208621621131897
50.00086522102356,0.3525364398956299
50.02600860595703,0.3531002402305603
50.0512592792511,0.3537747263908386
50.07609987258911,0.35433363914489746
50.101004123687744,0.3542623519897461
50.125924587249756,0.3541976809501648
50.151142835617065,0.35304737091064453
50.176024198532104,0.35097217559814453
50.20106768608093,0.3488138020038605
50.225989818573,0.34748461842536926
50.25159454345703,0.34741848707199097
50.2759051322937,0.34853196144104004
50.30181884765625,0.3495446443557739
50.32760763168335,0.3514806628227234
50.35086727142334,0.35396113991737366
50.37881898880005,0.35683560371398926
50.403035163879395,0.35934340953826904
50.42673873901367,0.3617871105670929
50.45146679878235,0.3640037477016449
50.476057291030884,0.3658932149410248
50.500903367996216,0.36737754940986633
50.526313066482544,0.3684447109699249
50.55187129974365,0.36903056502342224
50.576499223709106,0.36906886100769043
50.60128045082092,0.36910349130630493
50.62647724151611,0.36860474944114685
50.65194797515869,0.3676636815071106
50.676084995269775,0.3663749098777771
50.70126557350159,0.3648693859577179
50.72617983818054,0.3632318377494812
50.751604080200195,0.36175015568733215
50.77596712112427,0.36023813486099243
50.80134868621826,0.3587741553783417
50.826799392700195,0.3574116826057434
50.85192799568176,0.35614657402038574
50.87636065483093,0.35496392846107483
50.901232957839966,0.3538934290409088
50.92589259147644,0.352831095457077
50.95183253288269,0.351703941822052
50.97647714614868,0.3505551815032959
51.00259971618652,0.34961357712745667
51.02874398231506,0.3487544059753418
51.05338430404663,0.3482756018638611
51.081181049346924,0.3480991721153259
51.1025755405426,0.3481007218360901
51.12606167793274,0.34815680980682373
51.151243925094604,0.34824901819229126
51.176010847091675,0.3484259247779846
51.20105814933777,0.34858644008636475
51.226478576660156,0.3488612771034241
51.25095057487488,0.3492339849472046
51.27838897705078,0.34975382685661316
51.30096507072449,0.35029488801956177
51.32614207267761,0.3508152663707733
51.35096621513367,0.351383775472641
51.37604594230652,0.3521169126033783
51.40182948112488,0.35348910093307495
51.42639684677124,0.3560171127319336
51.451300859451294,0.3601823151111603
51.47600317001343,0.36400705575942993
51.50101637840271,0.36930111050605774
51.526249408721924,0.37538057565689087
51.55143165588379,0.3811242878437042
51.577312707901,0.38558921217918396
51.601144313812256,0.3882654905319214
51.62678813934326,0.3907127380371094
51.65217328071594,0.39144426584243774
51.67968463897705,0.3907274603843689
51.70638155937195,0.38879457116127014
51.72634243965149,0.38581520318984985
51.751901149749756,0.3821347653865814
51.77619981765747,0.37855029106140137
51.80239415168762,0.3752683997154236
51.82872986793518,0.3729908764362335
51.85432744026184,0.37202244997024536
51.880929470062256,0.3720487058162689
51.902421951293945,0.37216317653656006
51.92685389518738,0.37226784229278564
51.951441526412964,0.37140825390815735
51.976906538009644,0.3691049814224243
52.001219749450684,0.36588871479034424
52.02636742591858,0.36293062567710876
52.051331996917725,0.3613836467266083
52.076934814453125,0.36203303933143616
52.103224754333496,0.3626229763031006
52.126336097717285,0.36580532789230347
52.15149521827698,0.3714319169521332
52.17631936073303,0.3789495527744293
52.20105695724487,0.38732993602752686
52.22633075714111,0.39577069878578186
52.25128173828125,0.4033963978290558
52.28028130531311,0.41121137142181396
52.30331015586853,0.4162067174911499
52.32888340950012,0.4207172989845276
52.35306453704834,0.42376551032066345
52.376736640930176,0.4255039691925049
52.40345501899719,0.4270780384540558
52.42715287208557,0.42768430709838867
52.45387005805969,0.42755597829818726
52.477805376052856,0.4267307221889496
52.504024505615234,0.425312340259552
52.52770256996155,0.42401695251464844
52.55181932449341,0.422209769487381
52.575759172439575,0.4197766184806824
52.60088562965393,0.41669055819511414
52.62635898590088,0.4131614565849304
52.65277695655823,0.4093294143676758
52.67752122879028,0.40583536028862
52.7009174823761,0.4017616808414459
52.72614765167236,0.39657869935035706
52.75114297866821,0.3902996778488159
52.776079177856445,0.38311293721199036
52.801788091659546,0.37543222308158875
52.82843065261841,0.3675669729709625
52.85214948654175,0.3604852557182312
52.87768316268921,0.35357290506362915
52.90120840072632,0.34703731536865234
52.92666745185852,0.34109610319137573
52.95150804519653,0.3358384668827057
52.976205825805664,0.33128252625465393
53.00134086608887,0.327155739068985
53.025861978530884,0.32368403673171997
53.051493883132935,0.32090917229652405
53.07629752159119,0.31890133023262024
53.10158109664917,0.3176961839199066
53.126529932022095,0.3172701597213745
53.15126323699951,0.316885381937027
53.17638540267944,0.3172365725040436
53.20169138908386,0.31807413697242737
53.22794985771179,0.31869184970855713
53.25184869766235,0.31819939613342285
53.276875257492065,0.31594324111938477
53.301305294036865,0.31391146779060364
53.328603982925415,0.3100597858428955
53.35325050354004,0.3051111698150635
53.37864685058594,0.30016618967056274
53.401694536209106,0.29608455300331116
53.42740225791931,0.2923327386379242
53.45149493217468,0.28988200426101685
53.47802472114563,0.28876298666000366
53.50311493873596,0.2889513075351715
53.528011083602905,0.2902982532978058
53.55322480201721,0.2926247715950012
53.57844543457031,0.29572856426239014
53.60429000854492,0.29852649569511414
53.628753900527954,0.3019322454929352
53.65463471412659,0.30572137236595154
53.67712759971619,0.3097546100616455
53.70208406448364,0.3138875365257263
53.72717356681824,0.3180246353149414
53.75294613838196,0.321774423122406
53.77801275253296,0.32542771100997925
53.802321910858154,0.32890671491622925
53.83052706718445,0.3321790099143982
53.85233950614929,0.3351075351238251
53.8782103061676,0.3378162980079651
53.90186262130737,0.34027159214019775
53.92992949485779,0.3424878716468811
53.95323348045349,0.3445008099079132
53.97757339477539,0.34629926085472107
54.00200819969177,0.34794676303863525
54.02762746810913,0.3494693636894226
54.05129361152649,0.3508042097091675
54.07606744766235,0.35203829407691956
54.1017861366272,0.3531549274921417
54.126697301864624,0.3541756570339203
54.15127158164978,0.35509148240089417
54.17707633972168,0.3559274971485138
54.20128273963928,0.35668328404426575
54.226539611816406,0.3573726415634155
54.25145435333252,0.357997864484787
54.276135206222534,0.35856136679649353
54.30123448371887,0.3590754568576813
54.326366662979126,0.3595438301563263
54.35196018218994,0.3599660396575928
54.376672983169556,0.3603503406047821
54.401346921920776,0.3606974482536316
54.426374435424805,0.36101457476615906
54.451899766922,0.3613046705722809
54.4759624004364,0.36156150698661804
54.501312017440796,0.36179718375205994
54.527007818222046,0.36201274394989014
54.551443338394165,0.36220690608024597
54.57611441612244,0.3623826503753662
54.60158848762512,0.3625430464744568
54.62642478942871,0.36268872022628784
54.65107274055481,0.36282026767730713
54.675986766815186,0.3629399538040161
54.700886249542236,0.36304837465286255
54.7267370223999,0.3631473183631897
54.75775671005249,0.36325904726982117
54.77640223503113,0.36331820487976074
54.80244970321655,0.3633914589881897
54.8276309967041,0.3634583353996277
54.855743646621704,0.36352789402008057
54.879424810409546,0.36357417702674866
54.90217041969299,0.3636239469051361
54.92870306968689,0.363669216632843
54.952518701553345,0.3637102246284485
54.97601819038391,0.3637474775314331
55.00091290473938,0.36369210481643677
55.026618003845215,0.3636518120765686
55.0513174533844,0.36362093687057495
55.08106231689453,0.363595575094223
55.10107493400574,0.3635804057121277
55.12625241279602,0.3635755479335785
55.15110182762146,0.36357542872428894
55.175931453704834,0.3635798990726471
55.20093607902527,0.3635881543159485
55.22663187980652,0.3635956943035126
55.25139784812927,0.3636062741279602
55.276018142700195,0.363619327545166
55.300941467285156,0.3636223375797272
55.32661199569702,0.3636222183704376
55.35388159751892,0.36361974477767944
55.37620234489441,0.36361610889434814
55.40106463432312,0.3636128008365631
55.426109790802,0.36360934376716614
55.4516019821167,0.36360663175582886
55.476266622543335,0.36360490322113037
55.502108097076416,0.3636040687561035
55.52717995643616,0.36360427737236023
55.552040100097656,0.36360445618629456
55.57611536979675,0.3636060953140259
55.60325288772583,0.36360758543014526
55.63152194023132,0.36360877752304077
55.653159618377686,0.3636094331741333
55.67710041999817,0.3636097311973572
55.70274615287781,0.36361002922058105
55.72812557220459,0.3636097013950348
55.75443625450134,0.363609254360199
55.77755165100098,0.36360877752304077
55.80227732658386,0.36360836029052734
55.82799696922302,0.3636080026626587
55.85197997093201,0.3636076748371124
55.877052307128906,0.3636075258255005
55.901007413864136,0.3636075258255005
55.92623043060303,0.3636077046394348
55.952794551849365,0.36360788345336914
55.97622561454773,0.36360809206962585
56.0025999546051,0.3636082708835602
56.027281522750854,0.36360839009284973
56.05125021934509,0.3636084496974945
56.07615637779236,0.3636084198951721
56.10147142410278,0.36360839009284973
56.12648367881775,0.36360833048820496
56.15137314796448,0.3636082708835602
56.176087379455566,0.363608181476593
56.202335357666016,0.36360815167427063
56.22892379760742,0.36360812187194824
56.25147461891174,0.36360812187194824
56.27655291557312,0.36360812187194824
56.3016562461853,0.36360815167427063
56.326425552368164,0.363608181476593
56.35245752334595,0.363608181476593
56.37797546386719,0.3636082112789154
56.402135133743286,0.3636082112789154
56.42777347564697,0.3636082410812378
56.4516704082489,0.3636082410812378
56.476465702056885,0.3636082410812378
56.50217628479004,0.3636082112789154
56.527592420578,0.3636082112789154
56.55114483833313,0.3636082112789154
56.57598853111267,0.363608181476593
56.600995779037476,0.363608181476593
56.626466274261475,0.363608181476593
56.65124034881592,0.363608181476593
56.67603302001953,0.363608181476593
56.700873136520386,0.3636082112789154
56.72717070579529,0.3636082112789154
56.75124263763428,0.3636082112789154
56.77686285972595,0.3636082112789154
56.800987243652344,0.3636082112789154
56.82625222206116,0.3636082112789154
56.85139465332031,0.3636082112789154
56.876105308532715,0.3636082112789154
56.90118622779846,0.3636082112789154
56.927900552749634,0.3636082112789154
56.95106363296509,0.3636082112789154
56.97633647918701,0.3636082112789154
57.00116038322449,0.3636082112789154
57.02704691886902,0.3636082112789154
57.052207231521606,0.3636082112789154
57.076176404953,0.3636082112789154
57.10191559791565,0.3636082112789154
57.12657141685486,0.3636082112789154
57.15135335922241,0.3636082112789154
57.176902055740356,0.3636082112789154
57.20119786262512,0.3636082112789154
57.226826667785645,0.3636082112789154
57.251461029052734,0.3636082112789154
57.276058197021484,0.3636082112789154
57.302361249923706,0.3636082112789154
57.326173543930054,0.3636082112789154
57.351067781448364,0.3636082112789154
57.37695074081421,0.3636082112789154
57.401530027389526,0.3636082112789154
57.42605423927307,0.3636082112789154
57.45112419128418,0.3636082112789154
57.476072788238525,0.3636082112789154
57.50102257728577,0.3636082112789154
57.52603840827942,0.3636082112789154
57.55168271064758,0.3636082112789154
57.576396226882935,0.3636082112789154
57.602431535720825,0.3636082112789154
57.62645101547241,0.3636082112789154
57.65119385719299,0.3636082112789154
57.676143169403076,0.3636082112789154
57.70151901245117,0.3636082112789154
57.72665810585022,0.3636082112789154
57.75167155265808,0.3636082112789154
57.77624320983887,0.3636082112789154
57.80111837387085,0.3636082112789154
57.82673144340515,0.3636082112789154
57.85169219970703,0.3636082112789154
57.87692189216614,0.3636082112789154
57.901516914367676,0.3636082112789154
57.92623829841614,0.3636082112789154
57.95420956611633,0.3636082112789154
57.97747778892517,0.3636082112789154
58.00513172149658,0.3636082112789154
58.02689862251282,0.3636082112789154
58.05123853683472,0.3636082112789154
58.07591438293457,0.3636082112789154
58.10191321372986,0.3636082112789154
58.12812161445618,0.3636082112789154
58.15122056007385,0.3636082112789154
58.175976514816284,0.3636082112789154
58.202006578445435,0.3636082112789154
58.22600507736206,0.3636082112789154
58.251538038253784,0.3636082112789154
58.27711725234985,0.3636082112789154
58.30133605003357,0.3636082112789154
58.32672905921936,0.3636082112789154
58.351698875427246,0.3636082112789154
58.376710653305054,0.3636082112789154
58.40181589126587,0.3636082112789154
58.426488399505615,0.3636082112789154
58.45192337036133,0.3636082112789154
58.47683310508728,0.3636082112789154
58.50183820724487,0.3636082112789154
58.526875734329224,0.3636082112789154
58.55319261550903,0.3636082112789154
58.58206653594971,0.3636082112789154
58.60538172721863,0.3636082112789154
58.62799143791199,0.3636082112789154
58.65286707878113,0.3636082112789154
58.67657256126404,0.3636082112789154
58.70156812667847,0.3636082112789154
58.72822093963623,0.3636082112789154
58.75805902481079,0.3636082112789154
58.77956533432007,0.3636082112789154
58.80162262916565,0.3636082112789154
58.826602935791016,0.3636082112789154
58.852089405059814,0.3636082112789154
58.881081342697144,0.3636082112789154
58.903918504714966,0.3636082112789154
58.9278507232666,0.3636082112789154
58.952181339263916,0.3636082112789154
58.97894811630249,0.3636082112789154
59.002537965774536,0.3636082112789154
59.0289945602417,0.3636082112789154
59.05464196205139,0.3636082112789154
59.084094762802124,0.3636082112789154
59.10311818122864,0.3636082112789154
59.12900233268738,0.3636082112789154
59.15175437927246,0.3636082112789154
59.176485776901245,0.3636082112789154
59.200896978378296,0.3636082112789154
59.22611474990845,0.3636082112789154
59.25103235244751,0.3636082112789154
59.27636384963989,0.3636082112789154
59.301188230514526,0.3636082112789154
59.32608437538147,0.3636082112789154
59.351062536239624,0.3636082112789154
59.37591862678528,0.3636082112789154
59.40109324455261,0.3636082112789154
59.42635416984558,0.3636082112789154
59.451494455337524,0.3636082112789154
59.47643733024597,0.3636082112789154
59.501328229904175,0.3636082112789154
59.52704858779907,0.3636082112789154
59.5511679649353,0.3636082112789154
59.575857639312744,0.3636082112789154
59.60140299797058,0.3636082112789154
59.626365184783936,0.3636082112789154
59.65260076522827,0.3636082112789154
59.676310777664185,0.3636082112789154
59.70126271247864,0.3636082112789154
59.7278094291687,0.3636082112789154
59.75259852409363,0.3636082112789154
59.77979135513306,0.3636082112789154
59.80278491973877,0.3636082112789154
59.83115839958191,0.3636082112789154
59.85325336456299,0.3636082112789154
59.876750230789185,0.3636082112789154
59.90262222290039,0.3636082112789154
59.926350593566895,0.3636082112789154
59.951311111450195,0.3636082112789154
59.97607779502869,0.3636082112789154
60.00077271461487,0.3636082112789154
60.02626299858093,0.3636082112789154
60.05128359794617,0.3636082112789154
60.07668733596802,0.3636082112789154
60.10168790817261,0.3636082112789154
60.12797737121582,0.3636082112789154
60.15213322639465,0.3636082112789154
60.17611289024353,0.3636082112789154
60.20150709152222,0.3636082112789154
60.228405714035034,0.3636082112789154
60.25277256965637,0.3636082112789154
60.27672815322876,0.3636082112789154
60.301892042160034,0.3636082112789154
60.32830619812012,0.3636082112789154
60.35342621803284,0.3636082112789154
60.37929892539978,0.3636082112789154
60.40309715270996,0.3636082112789154
60.42798447608948,0.3636082112789154
60.45448851585388,0.3636082112789154
60.478790283203125,0.3636082112789154
60.50324869155884,0.3636082112789154
60.52979230880737,0.3636082112789154
60.554532527923584,0.3636082112789154
60.5792932510376,0.3636082112789154
60.60355472564697,0.3636082112789154
60.630139112472534,0.3636082112789154
60.65403079986572,0.3636082112789154
60.67713141441345,0.3636082112789154
60.702617168426514,0.3636082112789154
60.72680950164795,0.3636082112789154
60.75201606750488,0.3636082112789154
60.77640247344971,0.3636082112789154
60.80150246620178,0.3636082112789154
60.826374530792236,0.3636082112789154
60.85211682319641,0.3636082112789154
60.877049684524536,0.3636082112789154
60.901554584503174,0.3636082112789154
60.926766872406006,0.3636082112789154
60.95203113555908,0.3636082112789154
60.976810932159424,0.3636082112789154
61.00147533416748,0.3636082112789154
61.02875018119812,0.3636082112789154
61.05422329902649,0.3636082112789154
61.07603096961975,0.3636082112789154
61.10204815864563,0.3636082112789154
61.128074169158936,0.3636082112789154
61.15365791320801,0.3636082112789154
61.17665719985962,0.3636082112789154
61.200973987579346,0.3636082112789154
61.22653841972351,0.3636082112789154
61.25192356109619,0.3636082112789154
61.276315689086914,0.3636082112789154
61.3013436794281,0.3636082112789154
61.32638144493103,0.3636082112789154
61.351218461990356,0.3636082112789154
61.378448247909546,0.3636082112789154
61.402199029922485,0.3636082112789154
61.42702841758728,0.3636082112789154
61.45116424560547,0.3636082112789154
61.47712016105652,0.3636082112789154
61.50127649307251,0.3636082112789154
61.52654838562012,0.3636082112789154
61.55166554450989,0.3636082112789154
61.57919192314148,0.3636082112789154
61.60170578956604,0.3636082112789154
61.62653160095215,0.3636082112789154
61.65188026428223,0.3636082112789154
61.67775225639343,0.3636082112789154
61.70143508911133,0.3636082112789154
61.72620964050293,0.3636082112789154
61.75096774101257,0.3636082112789154
61.776363134384155,0.3636082112789154
61.802014112472534,0.3636082112789154
61.82680559158325,0.3636082112789154
61.851425647735596,0.3636082112789154
61.878283977508545,0.3636082112789154
61.90148663520813,0.3636082112789154
61.9270498752594,0.3636082112789154
61.95115613937378,0.3636082112789154
61.97612404823303,0.3636082112789154
62.00101900100708,0.3636082112789154
62.02594470977783,0.3636082112789154
62.05127263069153,0.3636082112789154
62.07599329948425,0.3636082112789154
62.106587171554565,0.3636082112789154
62.12661051750183,0.3636082112789154
62.151692628860474,0.3636082112789154
62.1765296459198,0.3636082112789154
62.2016921043396,0.3636082112789154
62.22607469558716,0.3636082112789154
62.25126671791077,0.3636082112789154
62.27667713165283,0.3636082112789154
62.30268359184265,0.3636082112789154
62.327425479888916,0.3636082112789154
62.35161018371582,0.3636082112789154
62.37674951553345,0.3636082112789154
62.40199685096741,0.3636082112789154
62.42839288711548,0.3636082112789154
62.45202112197876,0.3636082112789154
62.48250651359558,0.3636082112789154
62.50182342529297,0.3636082112789154
62.52674055099487,0.3636082112789154
62.55201959609985,0.3636082112789154
62.576443672180176,0.3636082112789154
62.60130596160889,0.3636082112789154
62.626102924346924,0.3636082112789154
62.651336908340454,0.3636082112789154
62.6803834438324,0.3636082112789154
62.70173764228821,0.3636082112789154
62.72645282745361,0.3636082112789154
62.75200319290161,0.3636082112789154
62.77596068382263,0.3636082112789154
62.801182985305786,0.3636082112789154
62.826446771621704,0.3636082112789154
62.85208868980408,0.3636082112789154
62.87650275230408,0.3636082112789154
62.90170764923096,0.3636082112789154
62.92708396911621,0.3636082112789154
62.952006578445435,0.3636082112789154
62.97805213928223,0.3636082112789154
63.002113342285156,0.3636082112789154
63.02717995643616,0.3636082112789154
63.0523681640625,0.3636082112789154
63.078877687454224,0.3636082112789154
63.1039834022522,0.3636082112789154
63.12874698638916,0.3636082112789154
63.15376543998718,0.3636082112789154
63.17898440361023,0.3636082112789154
63.204198122024536,0.3636082112789154
63.22993731498718,0.3636082112789154
63.25157976150513,0.3636082112789154
63.276633739471436,0.3636082112789154
63.30140209197998,0.3636082112789154
63.32824993133545,0.3636082112789154
63.35160160064697,0.3636082112789154
63.3769850730896,0.3636082112789154
63.40092086791992,0.3636082112789154
63.42683744430542,0.3636082112789154
63.451839208602905,0.3636082112789154
63.47624969482422,0.3636082112789154
63.501635789871216,0.3636082112789154
63.52705121040344,0.3636082112789154
63.55166482925415,0.3636082112789154
63.57686948776245,0.3636082112789154
63.601847887039185,0.3636082112789154
63.627824544906616,0.3636082112789154
63.6529061794281,0.3636082112789154
63.679646015167236,0.3636082112789154
63.70483732223511,0.3636082112789154
63.731122732162476,0.3636082112789154
63.75208330154419,0.3636082112789154
63.77861142158508,0.3636082112789154
63.801756620407104,0.3636082112789154
63.831541299819946,0.3636082112789154
63.85382795333862,0.3636082112789154
63.876291275024414,0.3636082112789154
63.90087366104126,0.3636082112789154
63.926143169403076,0.3636082112789154
63.95127773284912,0.3636082112789154
63.97633624076843,0.3636082112789154
64.00362014770508,0.3636082112789154
64.0271966457367,0.3636082112789154
64.05238151550293,0.3636082112789154
64.07793545722961,0.3636082112789154
64.10262131690979,0.3636082112789154
64.1276957988739,0.3636082112789154
64.15320944786072,0.3636082112789154
64.17977690696716,0.3636082112789154
64.20279121398926,0.3636082112789154
64.22854566574097,0.3636082112789154
64.25270175933838,0.3636082112789154
64.27862024307251,0.3636082112789154
64.30214023590088,0.3636082112789154
64.32666873931885,0.3636082112789154
64.35228276252747,0.3636082112789154
64.37907266616821,0.3636082112789154
64.40357327461243,0.3636082112789154
64.4278016090393,0.3636082112789154
64.45327758789062,0.3636082112789154
64.478360414505,0.3636082112789154
64.50294399261475,0.3636082112789154
64.52825808525085,0.3636082112789154
64.55295300483704,0.3636082112789154
64.57834100723267,0.3636082112789154
64.60285139083862,0.3636082112789154
64.62728762626648,0.3636082112789154
64.65204453468323,0.3636082112789154
64.67698192596436,0.3636082112789154
64.70164346694946,0.3636082112789154
64.72709321975708,0.3636082112789154
64.75196075439453,0.3636082112789154
64.77696800231934,0.3636082112789154
64.80210208892822,0.3636082112789154
64.82596778869629,0.3636082112789154
64.85123801231384,0.3636082112789154
64.8758111000061,0.3636082112789154
64.90100765228271,0.3636082112789154
64.9261269569397,0.3636082112789154
64.95119714736938,0.3636082112789154
64.97605085372925,0.3636082112789154
65.0019040107727,0.3636082112789154
65.02667999267578,0.3636082112789154
65.05146431922913,0.3636082112789154
65.07639813423157,0.3636082112789154
65.10102248191833,0.3636082112789154
65.12632083892822,0.3636082112789154
65.1511287689209,0.3636082112789154
65.17682242393494,0.3636082112789154
65.20091223716736,0.3636082112789154
65.22640252113342,0.3636082112789154
65.2512366771698,0.3636082112789154
65.27612614631653,0.3636082112789154
65.30130887031555,0.3636082112789154
65.3259801864624,0.3636082112789154
65.35123777389526,0.3636082112789154
65.37640619277954,0.3636082112789154
65.40150833129883,0.3636082112789154
65.42641520500183,0.3636082112789154
65.45109391212463,0.3636082112789154
65.47602248191833,0.3636082112789154
65.50179433822632,0.3636082112789154
65.52697610855103,0.3636082112789154
65.553053855896,0.3636082112789154
65.57611846923828,0.3636082112789154
65.60084652900696,0.3636082112789154
65.6276376247406,0.3636082112789154
65.65359830856323,0.3636082112789154
65.67654132843018,0.3636082112789154
65.70099592208862,0.3636082112789154
65.72611784934998,0.3636082112789154
65.7515811920166,0.3636082112789154
65.77595233917236,0.3636082112789154
65.80224227905273,0.3636082112789154
65.82688546180725,0.3636082112789154
65.85137677192688,0.3636082112789154
65.87638568878174,0.3636082112789154
65.90112352371216,0.3636082112789154
65.92648768424988,0.3636082112789154
65.95115804672241,0.3636082112789154
65.97661304473877,0.3636082112789154
66.00160002708435,0.3636082112789154
66.02677273750305,0.3636082112789154
66.0510675907135,0.3636082112789154
66.0760931968689,0.3636082112789154
66.10105061531067,0.3636082112789154
66.12765860557556,0.3636082112789154
66.15279698371887,0.3636082112789154
66.17700266838074,0.3636082112789154
66.2019350528717,0.3636082112789154
66.22793745994568,0.3636082112789154
66.25221800804138,0.3636082112789154
66.2776608467102,0.3636082112789154
66.30197048187256,0.3636082112789154
66.327565908432,0.3636082112789154
66.35139060020447,0.3636082112789154
66.37882900238037,0.3636082112789154
66.40295815467834,0.3636082112789154
66.42791748046875,0.3636082112789154
66.4538643360138,0.3636082112789154
66.47711849212646,0.3636082112789154
66.50217056274414,0.3636082112789154
66.52696204185486,0.3636082112789154
66.55360174179077,0.3636082112789154
66.57782506942749,0.3636082112789154
66.60251450538635,0.3636082112789154
66.6275246143341,0.3636082112789154
66.66132545471191,0.3636082112789154
66.68083810806274,0.3636082112789154
66.70469999313354,0.3636082112789154
66.7275493144989,0.3636082112789154
66.75145697593689,0.3636082112789154
66.77692246437073,0.3636082112789154
66.8018970489502,0.3636082112789154
66.82709312438965,0.3636082112789154
66.85298728942871,0.3636082112789154
66.87701225280762,0.3636082112789154
66.9015760421753,0.3636082112789154
66.92697548866272,0.3636082112789154
66.95244908332825,0.3636082112789154
66.97881150245667,0.3636082112789154
67.00297546386719,0.3636082112789154
67.02829837799072,0.3636082112789154
67.05390095710754,0.3636082112789154
