t,x,y,yaw,vx,vy,wz
0.0,-24.6483211517334,20.663848876953125,1.080838861457111,0.0,0.0,0.0
0.025075912475585938,-24.6483211517334,20.663848876953125,1.080838861457111,0.0,0.0,0.0
0.0500340461730957,-24.6483211517334,20.663848876953125,1.080838861457111,0.0,0.0,0.0
0.0750722885131836,-24.6483211517334,20.663848876953125,1.080838861457111,0.0,0.0,0.0
0.09996390342712402,-24.6483211517334,20.663848876953125,1.080838861457111,0.0,0.0,0.0
0.12505722045898438,-24.6483211517334,20.663848876953125,1.080838861457111,0.0,0.0,0.0
0.15009236335754395,-24.6483211517334,20.663848876953125,1.080838861457111,0.0,0.0,0.0
0.17507314682006836,-24.6483211517334,20.663848876953125,1.080838861457111,0.0,0.0,0.0
0.19992613792419434,-24.6483211517334,20.663848876953125,1.080838861457111,0.0,0.0,0.0
0.22504830360412598,-24.6483211517334,20.663848876953125,1.080838861457111,0.0,0.0,0.0
0.2500801086425781,-24.6483211517334,20.663848876953125,1.080838861457111,0.0,0.0,0.0
0.2750544548034668,-24.6483211517334,20.663848876953125,1.080838861457111,0.0,0.0,0.0
0.3000760078430176,-24.6483211517334,20.663848876953125,1.080838861457111,0.0,0.0,0.0
0.3250763416290283,-24.6483211517334,20.663848876953125,1.080838861457111,0.0,0.0,0.0
0.3500397205352783,-24.6483211517334,20.663848876953125,1.080838861457111,0.0,0.0,0.0
0.37508702278137207,-24.6483211517334,20.663848876953125,1.080838861457111,0.0,0.0,0.0
0.39998960494995117,-24.6483211517334,20.663848876953125,1.080838861457111,0.0,0.0,0.0
0.4250671863555908,-24.6483211517334,20.663848876953125,1.080838861457111,0.0,0.0,0.0
0.4500739574432373,-24.6483211517334,20.663848876953125,1.080838861457111,0.0,0.0,0.0
0.47505807876586914,-24.6483211517334,20.663848876953125,1.080838861457111,0.0,0.0,0.0
0.49999022483825684,-24.6483211517334,20.663848876953125,1.080838861457111,0.0,0.0,0.0
0.5249545574188232,-24.6483211517334,20.663848876953125,1.080838861457111,0.0,0.0,0.0
0.5500917434692383,-24.6483211517334,20.663848876953125,1.080838861457111,0.0,0.0,0.0
0.5750823020935059,-24.6483211517334,20.663848876953125,1.080838861457111,0.0,0.0,0.0
0.5999641418457031,-24.6483211517334,20.663848876953125,1.080838861457111,0.0,0.0,0.0
0.6251001358032227,-24.6483211517334,20.663848876953125,1.080838861457111,0.0,0.0,0.0
0.6500284671783447,-24.6483211517334,20.663848876953125,1.080838861457111,0.0,0.0,0.0
0.6749966144561768,-24.6483211517334,20.663848876953125,1.080838861457111,0.0,0.0,0.0
0.7002177238464355,-24.6483211517334,20.663848876953125,1.080838861457111,0.0,0.0,0.0
0.7251386642456055,-24.6483211517334,20.663848876953125,1.080838861457111,0.0,0.0,0.0
0.7500813007354736,-24.6483211517334,20.663848876953125,1.080838861457111,0.0,0.0,0.0
0.7751221656799316,-24.6483211517334,20.663848876953125,1.080838861457111,0.0,0.0,0.0
0.8003330230712891,-24.6483211517334,20.663848876953125,1.080838861457111,0.0,0.0,0.0
0.8250732421875,-24.6483211517334,20.663848876953125,1.080838861457111,0.0,0.0,0.0
0.8501169681549072,-24.6483211517334,20.663848876953125,1.080838861457111,0.0,0.0,0.0
0.8796887397766113,-24.6483211517334,20.663848876953125,1.080838861457111,0.0,0.0,0.0
0.9000754356384277,-24.6483211517334,20.663848876953125,1.080838861457111,0.0,0.0,0.0
0.925123929977417,-24.6483211517334,20.663848876953125,1.080838861457111,0.0,0.0,0.0
0.9503743648529053,-24.6483211517334,20.663848876953125,1.080838861457111,0.0,0.0,0.0
0.9750611782073975,-24.6483211517334,20.663848876953125,1.080838861457111,0.0,0.0,0.0
1.0000286102294922,-24.6483211517334,20.663848876953125,1.080838861457111,0.0,0.0,0.0
1.0250952243804932,-24.6483211517334,20.663848876953125,1.080838861457111,0.0,0.0,0.0
1.050058126449585,-24.6483211517334,20.663848876953125,1.080838861457111,0.0,0.0,0.0
1.0750763416290283,-24.6483211517334,20.663848876953125,1.080838861457111,0.0,0.0,0.0
1.1000604629516602,-24.6483211517334,20.663848876953125,1.080838861457111,0.0,0.0,0.0
1.1253175735473633,-24.6483211517334,20.663848876953125,1.080838861457111,0.0,0.0,0.0
1.1515967845916748,-24.6483211517334,20.663848876953125,1.080838861457111,0.0,0.0,0.0
1.1751453876495361,-24.6483211517334,20.663848876953125,1.080838861457111,0.0,0.0,0.0
1.2000365257263184,-24.6483211517334,20.663848876953125,1.080838861457111,0.0,0.0,0.0
1.2251067161560059,-24.6483211517334,20.663848876953125,1.080838861457111,0.0,0.0,0.0
1.250105619430542,-24.6483211517334,20.663848876953125,1.080838861457111,0.0,0.0,0.0
1.2750778198242188,-24.6483211517334,20.663848876953125,1.080838861457111,0.0,0.0,0.0
1.3083386421203613,-24.6483211517334,20.663848876953125,1.080838861457111,0.0,0.0,0.0
1.3252713680267334,-24.6483211517334,20.663848876953125,1.080838861457111,0.0,0.0,0.0
1.350097894668579,-24.6483211517334,20.663848876953125,1.080838861457111,0.0,0.0,0.0
1.3750505447387695,-24.6483211517334,20.663848876953125,1.080838861457111,0.0,0.0,0.0
1.4000003337860107,-24.6483211517334,20.663848876953125,1.080838861457111,0.0,0.0,0.0
1.4251058101654053,-24.6483211517334,20.663848876953125,1.080838861457111,0.0,0.0,0.0
1.4500718116760254,-24.6483211517334,20.663848876953125,1.080838861457111,0.0,0.0,0.0
1.4751317501068115,-24.6483211517334,20.663848876953125,1.080838861457111,0.0,0.0,0.0
1.500002384185791,-24.6483211517334,20.663848876953125,1.080838861457111,0.0,0.0,0.0
1.5250608921051025,-24.6483211517334,20.663848876953125,1.080838861457111,0.0,0.0,0.0
1.550050973892212,-24.6483211517334,20.663848876953125,1.080838861457111,0.0,0.0,0.0
1.575042963027954,-24.6483211517334,20.663848876953125,1.080838861457111,0.0,0.0,0.0
1.5999510288238525,-24.6483211517334,20.663848876953125,1.080838861457111,0.0,0.0,0.0
1.6249973773956299,-24.6483211517334,20.663848876953125,1.080838861457111,0.0,0.0,0.0
1.6500630378723145,-24.6483211517334,20.663848876953125,1.080838861457111,0.0,0.0,0.0
1.6778349876403809,-24.6483211517334,20.663848876953125,1.080838861457111,0.0,0.0,0.0
1.700357437133789,-24.6483211517334,20.663848876953125,1.080838861457111,0.0,0.0,0.0
1.7324025630950928,-24.6483211517334,20.663848876953125,1.080838861457111,0.0,0.0,0.0
1.749995470046997,-24.6483211517334,20.663848876953125,1.080838861457111,0.0,0.0,0.0
1.7750389575958252,-24.6483211517334,20.663848876953125,1.080838861457111,0.0,0.0,0.0
1.7999656200408936,-24.6483211517334,20.663848876953125,1.080838861457111,0.0,0.0,0.0
1.8251113891601562,-24.6483211517334,20.663848876953125,1.080838861457111,0.0,0.0,0.0
1.8500745296478271,-24.6483211517334,20.663848876953125,1.080838861457111,0.0,0.0,0.0
1.877382755279541,-24.6483211517334,20.663848876953125,1.080838861457111,0.0,0.0,0.0
1.8999643325805664,-24.6483211517334,20.663848876953125,1.080838861457111,0.0,0.0,0.0
1.9250233173370361,-24.6483211517334,20.663848876953125,1.080838861457111,0.0,0.0,0.0
1.950049638748169,-24.6483211517334,20.663848876953125,1.080838861457111,0.0,0.0,0.0
1.975113868713379,-24.6483211517334,20.663848876953125,1.080838861457111,0.0,0.0,0.0
2.000042200088501,-24.6483211517334,20.663848876953125,1.080838861457111,0.0,0.0,0.0
2.025090456008911,-24.6483211517334,20.663848876953125,1.080838861457111,0.0,0.0,0.0
2.0501232147216797,-24.6483211517334,20.663848876953125,1.080838861457111,0.0,0.0,0.0
2.075143814086914,-24.6483211517334,20.663848876953125,1.080838861457111,0.0,0.0,0.0
2.100015640258789,-24.6483211517334,20.663848876953125,1.080838861457111,0.0,0.0,0.0
2.125084161758423,-24.6483211517334,20.663848876953125,1.080838861457111,0.0,0.0,0.0
2.150038003921509,-24.6483211517334,20.663848876953125,1.080838861457111,0.0,0.0,0.0
2.1750295162200928,-24.6483211517334,20.663848876953125,1.080838861457111,0.0,0.0,0.0
2.1999428272247314,-24.6483211517334,20.663848876953125,1.080838861457111,0.0,0.0,0.0
2.2250773906707764,-24.6483211517334,20.663848876953125,1.080838861457111,0.0,0.0,0.0
2.2500548362731934,-24.6483211517334,20.663848876953125,1.080838861457111,0.0,0.0,0.0
2.2750473022460938,-24.6483211517334,20.663848876953125,1.080838861457111,0.0,0.0,0.0
2.299957513809204,-24.6483211517334,20.663848876953125,1.080838861457111,0.0,0.0,0.0
2.3253934383392334,-24.6483211517334,20.663848876953125,1.080838861457111,0.0,0.0,0.0
2.3500614166259766,-24.6483211517334,20.663848876953125,1.080838861457111,0.0,0.0,0.0
2.375061511993408,-24.6483211517334,20.663848876953125,1.080838861457111,0.0,0.0,0.0
2.3999664783477783,-24.6483211517334,20.663848876953125,1.080838861457111,0.0,0.0,0.0
2.425011157989502,-24.6483211517334,20.663848876953125,1.080838861457111,0.0,0.0,0.0
2.4499826431274414,-24.6483211517334,20.663848876953125,1.080838861457111,0.0,0.0,0.0
2.475033760070801,-24.6483211517334,20.663848876953125,1.080838861457111,0.0,0.0,0.0
2.5000720024108887,-24.6483211517334,20.663848876953125,1.080838861457111,0.0,0.0,0.0
2.5250535011291504,-24.6483211517334,20.663848876953125,1.080838861457111,0.0,0.0,0.0
2.5500035285949707,-24.6483211517334,20.663848876953125,1.080838861457111,0.0,0.0,0.0
2.575092315673828,-24.6483211517334,20.663848876953125,1.080838861457111,0.0,0.0,0.0
2.600008249282837,-24.6483211517334,20.663848876953125,1.080838861457111,0.0,0.0,0.0
2.625089406967163,-24.6483211517334,20.663848876953125,1.080838861457111,0.0,0.0,0.0
2.650103807449341,-24.6483211517334,20.663848876953125,1.080838861457111,0.0,0.0,0.0
2.675107717514038,-24.6483211517334,20.663848876953125,1.080838861457111,0.0,0.0,0.0
2.699981212615967,-24.6483211517334,20.663848876953125,1.080838861457111,0.0,0.0,0.0
2.7288310527801514,-24.6483211517334,20.663848876953125,1.080838861457111,0.0,0.0,0.0
2.750009059906006,-24.6483211517334,20.663848876953125,1.080838861457111,0.0,0.0,0.0
2.77504825592041,-24.6483211517334,20.663848876953125,1.080838861457111,0.0,0.0,0.0
2.799997091293335,-24.6483211517334,20.663848876953125,1.080838861457111,0.0,0.0,0.0
2.8253157138824463,-24.6483211517334,20.663848876953125,1.080838861457111,0.0,0.0,0.0
2.8500468730926514,-24.6483211517334,20.663848876953125,1.080838861457111,0.0,0.0,0.0
2.8750691413879395,-24.6483211517334,20.663848876953125,1.080838861457111,0.0,0.0,0.0
2.900007963180542,-24.6483211517334,20.663848876953125,1.080838861457111,0.0,0.0,0.0
2.9249954223632812,-24.6483211517334,20.663848876953125,1.080838861457111,0.0,0.0,0.0
2.950082302093506,-24.6483211517334,20.663848876953125,1.080838861457111,0.0,0.0,0.0
2.9751012325286865,-24.6483211517334,20.663848876953125,1.080838861457111,0.0,0.0,0.0
2.99999737739563,-24.6483211517334,20.663848876953125,1.080838861457111,0.0,0.0,0.0
3.02530574798584,-24.6483211517334,20.663848876953125,1.080838861457111,0.0,0.0,0.0
3.0499892234802246,-24.6483211517334,20.663848876953125,1.080838861457111,0.0,0.0,0.0
3.0750069618225098,-24.6483211517334,20.663848876953125,1.080838861457111,0.0,0.0,0.0
3.1000404357910156,-24.6483211517334,20.663848876953125,1.080838861457111,0.0,0.0,0.0
3.125149726867676,-24.6483211517334,20.663848876953125,1.080838861457111,0.0,0.0,0.0
3.150059461593628,-24.6483211517334,20.663848876953125,1.080838861457111,0.0,0.0,0.0
3.1750307083129883,-24.6483211517334,20.663848876953125,1.080838861457111,0.0,0.0,0.0
3.2000467777252197,-24.6483211517334,20.663848876953125,1.080838861457111,0.0,0.0,0.0
3.2249796390533447,-24.6483211517334,20.663848876953125,1.080838861457111,0.0,0.0,0.0
3.2500457763671875,-24.6483211517334,20.663848876953125,1.080838861457111,0.0,0.0,0.0
3.275080919265747,-24.6483211517334,20.663848876953125,1.080838861457111,0.0,0.0,0.0
3.300131320953369,-24.6483211517334,20.663848876953125,1.080838861457111,0.0,0.0,0.0
3.3252902030944824,-24.6483211517334,20.663848876953125,1.080838861457111,0.0,0.0,0.0
3.350095748901367,-24.6483211517334,20.663848876953125,1.080838861457111,0.0,0.0,0.0
3.375241756439209,-24.6483211517334,20.663848876953125,1.080838861457111,0.0,0.0,0.0
3.3999722003936768,-24.6483211517334,20.663848876953125,1.080838861457111,0.0,0.0,0.0
3.4250948429107666,-24.6483211517334,20.663848876953125,1.080838861457111,0.0,0.0,0.0
3.4500176906585693,-24.6483211517334,20.663848876953125,1.080838861457111,0.0,0.0,0.0
3.475191831588745,-24.6483211517334,20.663848876953125,1.080838861457111,0.0,0.0,0.0
3.500596761703491,-24.6483211517334,20.663848876953125,1.080838861457111,0.0,0.0,0.0
3.525130271911621,-24.6483211517334,20.663848876953125,1.080838861457111,0.0,0.0,0.0
3.55790376663208,-24.6483211517334,20.663848876953125,1.080838861457111,0.0,0.0,0.0
3.57525897026062,-24.6483211517334,20.663848876953125,1.080838861457111,0.0,0.0,0.0
3.6000075340270996,-24.6483211517334,20.663848876953125,1.080838861457111,0.0,0.0,0.0
3.625011920928955,-24.6483211517334,20.663848876953125,1.080838861457111,0.0,0.0,0.0
3.6500377655029297,-24.6483211517334,20.663848876953125,1.080838861457111,0.0,0.0,0.0
3.675078868865967,-24.6483211517334,20.663848876953125,1.080838861457111,0.0,0.0,0.0
3.7000091075897217,-24.6483211517334,20.663848876953125,1.080838861457111,0.0,0.0,0.0
3.724954605102539,-24.6483211517334,20.663848876953125,1.080838861457111,0.0,0.0,0.0
3.7500174045562744,-24.6483211517334,20.663848876953125,1.080838861457111,0.0,0.0,0.0
3.775383710861206,-24.6483211517334,20.663848876953125,1.080838861457111,0.0,0.0,0.0
3.800029993057251,-24.6483211517334,20.663848876953125,1.080838861457111,0.0,0.0,0.0
3.8253281116485596,-24.6483211517334,20.663848876953125,1.080838861457111,0.0,0.0,0.0
3.850050210952759,-24.6483211517334,20.663848876953125,1.080838861457111,0.0,0.0,0.0
3.8750741481781006,-24.6483211517334,20.663848876953125,1.080838861457111,0.0,0.0,0.0
3.9000236988067627,-24.6483211517334,20.663848876953125,1.080838861457111,0.0,0.0,0.0
3.9250571727752686,-24.6483211517334,20.663848876953125,1.080838861457111,0.0,0.0,0.0
3.95009708404541,-24.6483211517334,20.663848876953125,1.080838861457111,0.0,0.0,0.0
3.975226402282715,-24.6483211517334,20.663848876953125,1.080838861457111,0.0,0.0,0.0
4.001440525054932,-24.6483211517334,20.663848876953125,1.080838861457111,0.0,0.0,0.0
4.025110244750977,-24.6483211517334,20.663848876953125,1.080838861457111,0.0,0.0,0.0
4.050105333328247,-24.6483211517334,20.663848876953125,1.080838861457111,0.0,0.0,0.0
4.0750346183776855,-24.6483211517334,20.663848876953125,1.080838861457111,0.0,0.0,0.0
4.100003957748413,-24.6483211517334,20.663848876953125,1.080838861457111,0.0,0.0,0.0
4.125321626663208,-24.6483211517334,20.663848876953125,1.080838861457111,0.0,0.0,0.0
4.150173902511597,-24.6483211517334,20.663848876953125,1.080838861457111,0.0,0.0,0.0
4.175110101699829,-24.6483211517334,20.663848876953125,1.080838861457111,0.0,0.0,0.0
4.199998140335083,-24.6483211517334,20.663848876953125,1.080838861457111,0.0,0.0,0.0
4.225271701812744,-24.6483211517334,20.663848876953125,1.080838861457111,0.0,0.0,0.0
4.250316143035889,-24.6483211517334,20.663848876953125,1.080838861457111,0.0,0.0,0.0
4.275116920471191,-24.6483211517334,20.663848876953125,1.080838861457111,0.0,0.0,0.0
4.300029993057251,-24.6483211517334,20.663848876953125,1.080838861457111,0.0,0.0,0.0
4.325126647949219,-24.6483211517334,20.663848876953125,1.080838861457111,0.0,0.0,0.0
4.350119590759277,-24.6483211517334,20.663848876953125,1.080838861457111,0.0,0.0,0.0
4.375170707702637,-24.6483211517334,20.663848876953125,1.080838861457111,0.0,0.0,0.0
4.400666952133179,-24.6483211517334,20.663848876953125,1.080838861457111,0.0,0.0,0.0
4.425171852111816,-24.6483211517334,20.663848876953125,1.080838861457111,0.0,0.0,0.0
4.450076341629028,-24.6483211517334,20.663848876953125,1.080838861457111,0.0,0.0,0.0
4.4751129150390625,-24.6483211517334,20.663848876953125,1.080838861457111,0.0,0.0,0.0
4.500060319900513,-24.6483211517334,20.663848876953125,1.080838861457111,0.0,0.0,0.0
4.525126934051514,-24.6483211517334,20.663848876953125,1.080838861457111,0.0,0.0,0.0
4.550076246261597,-24.6483211517334,20.663848876953125,1.080838861457111,0.0,0.0,0.0
4.5751142501831055,-24.6483211517334,20.663848876953125,1.080838861457111,0.0,0.0,0.0
4.600029468536377,-24.6483211517334,20.663848876953125,1.080838861457111,0.0,0.0,0.0
4.625155448913574,-24.6483211517334,20.663848876953125,1.080838861457111,0.0,0.0,0.0
4.650103330612183,-24.6483211517334,20.663848876953125,1.080838861457111,0.0,0.0,0.0
4.67890191078186,-24.6483211517334,20.663848876953125,1.080838861457111,0.0,0.0,0.0
4.700039386749268,-24.6483211517334,20.663848876953125,1.080838861457111,0.0,0.0,0.0
4.72539210319519,-24.6483211517334,20.663848876953125,1.080838861457111,0.0,0.0,0.0
4.750085115432739,-24.6483211517334,20.663848876953125,1.080838861457111,0.0,0.0,0.0
4.775099754333496,-24.6483211517334,20.663848876953125,1.080838861457111,0.0,0.0,0.0
4.8000147342681885,-24.6483211517334,20.663848876953125,1.080838861457111,0.0,0.0,0.0
4.825067043304443,-24.6483211517334,20.663848876953125,1.080838861457111,0.0,0.0,0.0
4.850061893463135,-24.6483211517334,20.663848876953125,1.080838861457111,0.0,0.0,0.0
4.875543594360352,-24.6483211517334,20.663848876953125,1.080838861457111,0.0,0.0,0.0
4.899989366531372,-24.6483211517334,20.663848876953125,1.080838861457111,0.0,0.0,0.0
4.925057888031006,-24.6483211517334,20.663848876953125,1.080838861457111,0.0,0.0,0.0
4.950078248977661,-24.6483211517334,20.663848876953125,1.080838861457111,0.0,0.0,0.0
4.975054979324341,-24.6483211517334,20.663848876953125,1.080838861457111,0.0,0.0,0.0
5.000178813934326,-24.6483211517334,20.663848876953125,1.080838861457111,0.0,0.0,0.0
5.0250208377838135,-24.6483211517334,20.663848876953125,1.080838861457111,0.0,0.0,0.0
5.050116777420044,-24.6483211517334,20.663848876953125,1.080838861457111,0.0,0.0,0.0
5.075043201446533,-24.6483211517334,20.663848876953125,1.080838861457111,0.0,0.0,0.0
5.099994897842407,-24.6483211517334,20.663848876953125,1.080838861457111,0.0,0.0,0.0
5.125109672546387,-24.6483211517334,20.663848876953125,1.080838861457111,0.0,0.0,0.0
5.150036573410034,-24.6483211517334,20.663848876953125,1.080838861457111,0.0,0.0,0.0
5.175048112869263,-24.6483211517334,20.663848876953125,1.080838861457111,0.0,0.0,0.0
5.19996190071106,-24.6483211517334,20.663848876953125,1.080838861457111,0.0,0.0,0.0
5.22497296333313,-24.6483211517334,20.663848876953125,1.080838861457111,0.0,0.0,0.0
5.2500598430633545,-24.6483211517334,20.663848876953125,1.080838861457111,0.0,0.0,0.0
5.275042772293091,-24.6483211517334,20.663848876953125,1.080838861457111,0.0,0.0,0.0
5.29997992515564,-24.6483211517334,20.663848876953125,1.080838861457111,0.0,0.0,0.0
5.324975490570068,-24.6483211517334,20.663848876953125,1.080838861457111,0.0,0.0,0.0
5.349985122680664,-24.6483211517334,20.663848876953125,1.080838861457111,0.0,0.0,0.0
5.375156402587891,-24.6483211517334,20.663848876953125,1.080838861457111,0.0,0.0,0.0
5.399990558624268,-24.6483211517334,20.663848876953125,1.080838861457111,0.0,0.0,0.0
5.425050973892212,-24.6483211517334,20.663848876953125,1.080838861457111,0.0,0.0,0.0
5.453251838684082,-24.6483211517334,20.663848876953125,1.080838861457111,0.0,0.0,0.0
5.475004434585571,-24.6483211517334,20.663848876953125,1.080838861457111,0.0,0.0,0.0
5.5000574588775635,-24.6483211517334,20.663848876953125,1.080838861457111,0.0,0.0,0.0
5.525155782699585,-24.6483211517334,20.663848876953125,1.080838861457111,0.0,0.0,0.0
5.550107717514038,-24.6483211517334,20.663848876953125,1.080838861457111,0.0,0.0,0.0
5.575339078903198,-24.6483211517334,20.663848876953125,1.080838861457111,0.0,0.0,0.0
5.60020112991333,-24.6483211517334,20.663848876953125,1.080838861457111,0.0,0.0,0.0
5.625049114227295,-24.6483211517334,20.663848876953125,1.080838861457111,0.0,0.0,0.0
5.650033950805664,-24.6483211517334,20.663848876953125,1.080838861457111,0.0,0.0,0.0
5.675103664398193,-24.6483211517334,20.663848876953125,1.080838861457111,0.0,0.0,0.0
5.700001239776611,-24.6483211517334,20.663848876953125,1.080838861457111,0.0,0.0,0.0
5.725091934204102,-24.6483211517334,20.663848876953125,1.080838861457111,0.0,0.0,0.0
5.750064373016357,-24.6483211517334,20.663848876953125,1.080838861457111,0.0,0.0,0.0
5.775026321411133,-24.6483211517334,20.663848876953125,1.080838861457111,0.0,0.0,0.0
5.799915790557861,-24.6483211517334,20.663848876953125,1.080838861457111,0.0,0.0,0.0
5.825005292892456,-24.6483211517334,20.663848876953125,1.080838861457111,0.0,0.0,0.0
5.850057125091553,-24.6483211517334,20.663848876953125,1.080838861457111,0.0,0.0,0.0
5.875047206878662,-24.6483211517334,20.663848876953125,1.080838861457111,0.0,0.0,0.0
5.900202035903931,-24.6483211517334,20.663848876953125,1.080838861457111,0.0,0.0,0.0
5.924967050552368,-24.6483211517334,20.663848876953125,1.080838861457111,0.0,0.0,0.0
5.950043439865112,-24.6483211517334,20.663848876953125,1.080838861457111,0.0,0.0,0.0
5.975051403045654,-24.6483211517334,20.663848876953125,1.080838861457111,0.0,0.0,0.0
5.999982595443726,-24.6483211517334,20.663848876953125,1.080838861457111,0.0,0.0,0.0
6.025020599365234,-24.6483211517334,20.663848876953125,1.080838861457111,0.0,0.0,0.0
6.050074815750122,-24.6483211517334,20.663848876953125,1.080838861457111,0.0,0.0,0.0
6.075016021728516,-24.6483211517334,20.663848876953125,1.080838861457111,0.0,0.0,0.0
6.100057363510132,-24.6483211517334,20.663848876953125,1.080838861457111,0.0,0.0,0.0
6.125396966934204,-24.6483211517334,20.663848876953125,1.080838861457111,0.0,0.0,0.0
6.150045871734619,-24.6483211517334,20.663848876953125,1.080838861457111,0.0,0.0,0.0
6.175143718719482,-24.6483211517334,20.663848876953125,1.080838861457111,0.0,0.0,0.0
6.200025320053101,-24.6483211517334,20.663848876953125,1.080838861457111,0.0,0.0,0.0
6.225024938583374,-24.6483211517334,20.663848876953125,1.080838861457111,0.0,0.0,0.0
6.250129222869873,-24.6483211517334,20.663848876953125,1.080838861457111,0.0,0.0,0.0
6.275111675262451,-24.6483211517334,20.663848876953125,1.080838861457111,0.0,0.0,0.0
6.3000383377075195,-24.6483211517334,20.663848876953125,1.080838861457111,0.0,0.0,0.0
6.325079917907715,-24.6483211517334,20.663848876953125,1.080838861457111,0.0,0.0,0.0
6.349993467330933,-24.6483211517334,20.663848876953125,1.080838861457111,0.0,0.0,0.0
6.37550163269043,-24.6483211517334,20.663848876953125,1.080838861457111,0.0,0.0,0.0
6.399970769882202,-24.6483211517334,20.663848876953125,1.080838861457111,0.0,0.0,0.0
6.424992084503174,-24.6483211517334,20.663848876953125,1.080838861457111,0.0,0.0,0.0
6.450062990188599,-24.6483211517334,20.663848876953125,1.080838861457111,0.0,0.0,0.0
6.475114583969116,-24.6483211517334,20.663848876953125,1.080838861457111,0.0,0.0,0.0
6.500059366226196,-24.6483211517334,20.663848876953125,1.080838861457111,0.0,0.0,0.0
6.5250818729400635,-24.6483211517334,20.663848876953125,1.080838861457111,0.0,0.0,0.0
6.5501158237457275,-24.6483211517334,20.663848876953125,1.080838861457111,0.0,0.0,0.0
6.575124263763428,-24.6483211517334,20.663848876953125,1.080838861457111,0.0,0.0,0.0
6.600066184997559,-24.6483211517334,20.663848876953125,1.080838861457111,0.0,0.0,0.0
6.625133514404297,-24.6483211517334,20.663848876953125,1.080838861457111,0.0,0.0,0.0
6.650075435638428,-24.6483211517334,20.663848876953125,1.080838861457111,0.0,0.0,0.0
6.675327777862549,-24.6483211517334,20.663848876953125,1.080838861457111,0.0,0.0,0.0
6.700068712234497,-24.6483211517334,20.663848876953125,1.080838861457111,0.0,0.0,0.0
6.725114345550537,-24.6483211517334,20.663848876953125,1.080838861457111,0.0,0.0,0.0
6.750108242034912,-24.6483211517334,20.663848876953125,1.080838861457111,0.0,0.0,0.0
6.775108337402344,-24.6483211517334,20.663848876953125,1.080838861457111,0.0,0.0,0.0
6.800081253051758,-24.6483211517334,20.663848876953125,1.080838861457111,0.0,0.0,0.0
6.8251612186431885,-24.6483211517334,20.663848876953125,1.080838861457111,0.0,0.0,0.0
6.850079536437988,-24.6483211517334,20.663848876953125,1.080838861457111,0.0,0.0,0.0
6.8750951290130615,-24.6483211517334,20.663848876953125,1.080838861457111,0.0,0.0,0.0
6.900031566619873,-24.6483211517334,20.663848876953125,1.080838861457111,0.0,0.0,0.0
6.924972057342529,-24.6483211517334,20.663848876953125,1.080838861457111,0.0,0.0,0.0
6.950011730194092,-24.6483211517334,20.663848876953125,1.080838861457111,0.0,0.0,0.0
6.975136041641235,-24.6483211517334,20.663848876953125,1.080838861457111,0.0,0.0,0.0
7.000583171844482,-24.6483211517334,20.663848876953125,1.080838861457111,0.0,0.0,0.0
7.024966239929199,-24.6483211517334,20.663848876953125,1.080838861457111,0.0,0.0,0.0
7.050018072128296,-24.6483211517334,20.663848876953125,1.080838861457111,0.0,0.0,0.0
7.07502555847168,-24.6483211517334,20.663848876953125,1.080838861457111,0.0,0.0,0.0
7.099996089935303,-24.6483211517334,20.663848876953125,1.080838861457111,0.0,0.0,0.0
7.125011920928955,-24.6483211517334,20.663848876953125,1.080838861457111,0.0,0.0,0.0
7.150054216384888,-24.6483211517334,20.663848876953125,1.080838861457111,0.0,0.0,0.0
7.175036668777466,-24.6483211517334,20.663848876953125,1.080838861457111,0.0,0.0,0.0
7.199987411499023,-24.6483211517334,20.663848876953125,1.080838861457111,0.0,0.0,0.0
7.224999189376831,-24.6483211517334,20.663848876953125,1.080838861457111,0.0,0.0,0.0
7.249969482421875,-24.6483211517334,20.663848876953125,1.080838861457111,0.0,0.0,0.0
7.275141000747681,-24.6483211517334,20.663848876953125,1.080838861457111,0.0,0.0,0.0
7.300013303756714,-24.6483211517334,20.663848876953125,1.080838861457111,0.0,0.0,0.0
7.325348138809204,-24.6483211517334,20.663848876953125,1.080838861457111,0.0,0.0,0.0
7.350071668624878,-24.6483211517334,20.663848876953125,1.080838861457111,0.0,0.0,0.0
7.375126838684082,-24.6483211517334,20.663848876953125,1.080838861457111,0.0,0.0,0.0
7.400001764297485,-24.6483211517334,20.663848876953125,1.080838861457111,0.0,0.0,0.0
7.425028085708618,-24.6483211517334,20.663848876953125,1.080838861457111,0.0,0.0,0.0
7.450113296508789,-24.6483211517334,20.663848876953125,1.080838861457111,0.0,0.0,0.0
7.475130558013916,-24.6483211517334,20.663848876953125,1.080838861457111,0.0,0.0,0.0
7.500519037246704,-24.6483211517334,20.663848876953125,1.080838861457111,0.0,0.0,0.0
7.524999141693115,-24.6483211517334,20.663848876953125,1.080838861457111,0.0,0.0,0.0
7.554490089416504,-24.6483211517334,20.663848876953125,1.080838861457111,0.0,0.0,0.0
7.575047969818115,-24.6483211517334,20.663848876953125,1.080838861457111,0.0,0.0,0.0
7.600428819656372,-24.6483211517334,20.663848876953125,1.080838861457111,0.0,0.0,0.0
7.625097274780273,-24.6483211517334,20.663848876953125,1.080838861457111,0.0,0.0,0.0
7.650053262710571,-24.6483211517334,20.663848876953125,1.080838861457111,0.0,0.0,0.0
7.675032138824463,-24.6483211517334,20.663848876953125,1.080838861457111,0.0,0.0,0.0
7.699979782104492,-24.6483211517334,20.663848876953125,1.080838861457111,0.0,0.0,0.0
7.7250940799713135,-24.6483211517334,20.663848876953125,1.080838861457111,0.0,0.0,0.0
7.750217914581299,-24.6483211517334,20.663848876953125,1.080838861457111,0.0,0.0,0.0
7.775116682052612,-24.6483211517334,20.663848876953125,1.080838861457111,0.0,0.0,0.0
7.804642677307129,-24.6483211517334,20.663848876953125,1.080838861457111,0.0,0.0,0.0
7.824988603591919,-24.6483211517334,20.663848876953125,1.080838861457111,0.0,0.0,0.0
7.850007772445679,-24.6483211517334,20.663848876953125,1.080838861457111,0.0,0.0,0.0
7.875030040740967,-24.6483211517334,20.663848876953125,1.080838861457111,0.0,0.0,0.0
7.901248931884766,-24.6483211517334,20.663848876953125,1.080838861457111,0.0,0.0,0.0
7.9251532554626465,-24.6483211517334,20.663848876953125,1.080838861457111,0.0,0.0,0.0
7.956363916397095,-24.6483211517334,20.663848876953125,1.080838861457111,0.0,0.0,0.0
7.9751105308532715,-24.6483211517334,20.663848876953125,1.080838861457111,0.0,0.0,0.0
7.999970436096191,-24.6483211517334,20.663848876953125,1.080838861457111,0.0,0.0,0.0
8.027944087982178,-24.6483211517334,20.663848876953125,1.080838861457111,0.0,0.0,0.0
8.05003809928894,-24.6483211517334,20.663848876953125,1.080838861457111,0.0,0.0,0.0
8.075939655303955,-24.6483211517334,20.663848876953125,1.080838861457111,0.0,0.0,0.0
8.099952936172485,-24.6483211517334,20.663848876953125,1.080838861457111,0.0,0.0,0.0
8.125031471252441,-24.6483211517334,20.663848876953125,1.080838861457111,0.0,0.0,0.0
8.150033473968506,-24.6483211517334,20.663848876953125,1.080838861457111,0.0,0.0,0.0
8.175076246261597,-24.6483211517334,20.663848876953125,1.080838861457111,0.0,0.0,0.0
8.19998288154602,-24.6483211517334,20.663848876953125,1.080838861457111,0.0,0.0,0.0
8.22506833076477,-24.6483211517334,20.663848876953125,1.080838861457111,0.0,0.0,0.0
8.256166696548462,-24.6483211517334,20.663848876953125,1.080838861457111,0.0,0.0,0.0
8.275048971176147,-24.6483211517334,20.663848876953125,1.080838861457111,0.0,0.0,0.0
8.299999952316284,-24.6483211517334,20.663848876953125,1.080838861457111,0.0,0.0,-0.0
8.325064420700073,-24.6483211517334,20.663848876953125,1.080838861457111,0.0,0.0,-0.0
8.350115537643433,-24.6483211517334,20.663848876953125,1.080838861457111,0.0,0.0,-0.0
8.375408172607422,-24.6483211517334,20.663848876953125,1.080838861457111,0.0,0.0,-0.0
8.40005350112915,-24.6483211517334,20.663848876953125,1.080838861457111,0.0,0.0,-0.0
8.425063133239746,-24.6483211517334,20.663848876953125,1.080838861457111,0.0,0.0,-0.0
8.450004577636719,-24.6483211517334,20.663848876953125,1.080838861457111,0.0,0.0,-0.0
8.475100994110107,-24.6483211517334,20.663848876953125,1.080838861457111,0.0,0.0,-0.0
8.500086307525635,-24.6483211517334,20.663848876953125,1.080838861457111,0.0,0.0,-0.0
8.525163888931274,-24.6483211517334,20.663848876953125,1.080838861457111,0.0,0.0,-0.0
8.550113916397095,-24.6483211517334,20.663848876953125,1.080838861457111,0.0,0.0,-0.0
8.576021671295166,-24.6483211517334,20.663848876953125,1.080838861457111,0.0,0.0,-0.0
8.600090265274048,-24.6483211517334,20.663848876953125,1.080838861457111,0.0,0.0,-0.0
8.625122785568237,-24.6483211517334,20.663848876953125,1.080838861457111,0.0,0.0,-0.0
8.650136709213257,-24.6483211517334,20.663848876953125,1.080838861457111,0.0,0.0,-0.0
8.675109148025513,-24.6483211517334,20.663848876953125,1.080838861457111,0.0,0.0,-0.0
8.700080871582031,-24.6483211517334,20.663848876953125,1.080838861457111,0.0,0.0,-0.0
8.725080966949463,-24.6483211517334,20.663848876953125,1.080838861457111,0.0,0.0,-0.0
8.750005960464478,-24.6483211517334,20.663848876953125,1.080838861457111,0.0,0.0,-0.0
8.774983882904053,-24.6483211517334,20.663848876953125,1.080838861457111,0.0,0.0,-0.0
8.799975633621216,-24.6483211517334,20.663848876953125,1.080838861457111,0.0,0.0,-0.0
8.825004577636719,-24.6483211517334,20.663848876953125,1.080838861457111,0.0,0.0,-0.0
8.850108623504639,-24.6483211517334,20.663848876953125,1.080838861457111,0.0,0.0,-0.0
8.87515902519226,-24.6483211517334,20.663848876953125,1.080838861457111,0.0,0.0,-0.0
8.900007963180542,-24.6483211517334,20.663848876953125,1.080838861457111,0.0,0.0,-0.0
8.92506742477417,-24.6483211517334,20.663848876953125,1.080838861457111,0.0,0.0,-0.0
8.950473308563232,-24.6483211517334,20.663848876953125,1.080838861457111,0.0,0.0,-0.0
8.975089311599731,-24.6483211517334,20.663848876953125,1.080838861457111,0.0,0.0,-0.0
9.000069856643677,-24.6483211517334,20.663848876953125,1.080838861457111,0.0,0.0,-0.0
9.02500605583191,-24.6483211517334,20.663848876953125,1.080838861457111,0.0,0.0,-0.0
9.050066471099854,-24.6483211517334,20.663848876953125,1.080838861457111,0.0,0.0,-0.0
9.075168132781982,-24.6483211517334,20.663848876953125,1.080838861457111,0.0,0.0,-0.0
9.100165367126465,-24.6483211517334,20.663848876953125,1.080838861457111,0.0,0.0,-0.0
9.129660367965698,-24.6483211517334,20.663848876953125,1.080838861457111,0.0,0.0,-0.0
9.150077104568481,-24.6483211517334,20.663848876953125,1.080838861457111,0.0,0.0,-0.0
9.175115823745728,-24.6483211517334,20.663848876953125,1.080838861457111,0.0,0.0,-0.0
9.200143575668335,-24.6483211517334,20.663848876953125,1.080838861457111,0.0,0.0,-0.0
9.2251136302948,-24.6483211517334,20.663848876953125,1.080838861457111,0.0,0.0,-0.0
9.250056028366089,-24.6483211517334,20.663848876953125,1.080838861457111,0.0,0.0,-0.0
9.275249242782593,-24.6483211517334,20.663848876953125,1.080838861457111,0.0,0.0,-0.0
9.299959659576416,-24.648317289931654,20.663856117827546,1.0808387521727452,0.0009797347507546736,0.0,-1.3053865711541892e-05
9.325016021728516,-24.648291356278843,20.66390474335294,1.0808380171314638,0.003672651215613,0.0,-4.902012200326874e-05
9.350035905838013,-24.64822483606086,20.664029468180203,1.0808361287316974,0.007884761895603483,0.0,-0.00010540820023196221
9.375302076339722,-24.64809810283757,20.664267090296,1.0808325256328901,0.013695569801427573,0.0,-0.00018335728382234856
9.400017499923706,-24.647898401205037,20.664641522451124,1.0808268403704329,0.020890405975067354,0.0,-0.00028004308977477946
9.425075769424438,-24.647602151922896,20.665196967937078,1.0808183962736149,0.029572080821124162,0.0,-0.0003968942621795321
9.450040340423584,-24.64719813189358,20.665954457385183,1.0808068676658003,0.039375315978494294,0.0,-0.0005290320399538588
9.475228548049927,-24.646667869329892,20.666948604623727,1.0807917217063792,0.05023439079715529,0.0,-0.0006755918145634056
9.499996662139893,-24.646016237514917,20.668170247767737,1.080773092502752,0.06167774834105995,0.0,-0.0008302150378219775
9.524985790252686,-24.64521993404188,20.66966303886777,1.0807503092711865,0.0738461467833075,0.0,-0.0009948022257841185
9.55005931854248,-24.644273736706392,20.671436722135216,1.0807232180664772,0.0865932950228615,0.0,-0.0011673706034407768
9.575023889541626,-24.64317921856873,20.673488294070964,1.0806918604889295,0.09973612166292327,0.0,-0.001345416189119597
9.5999755859375,-24.641928868154746,20.675831769443104,1.0806560200498114,0.11324322567032309,0.0,-0.0015284013532581814
9.62511420249939,-24.640506802256105,20.67849683757458,1.0806152453702351,0.1271520576912433,0.0,-0.0017165290250905772
9.650032997131348,-24.638933050661503,20.681445872158147,1.080570114961878,0.14116763406530944,0.0,-0.0019061413263104798
9.675000429153442,-24.63718978470799,20.68471218369466,1.0805201297373626,0.15539599064733753,0.0,-0.0020976757324359966
9.700963020324707,-24.635198518146755,20.688442686769253,1.080463082062822,0.17040489792011118,0.0,-0.0022975035110983475
9.725085735321045,-24.633182469354033,20.692219096294423,1.0804054378544374,0.1845597461272975,0.0,-0.0024821434639981954
9.75002408027649,-24.630927893378388,20.69644168914551,1.0803412047176337,0.19935647416602237,0.0,-0.0026692653324504687
9.775376796722412,-24.62845765863458,20.7010674417398,1.0802712222175597,0.21452302220129277,0.0,-0.002853608245025239
9.799972534179688,-24.625884892997966,20.705884367859717,1.0801987922314051,0.22935445782037714,0.0,-0.0030332807073090323
9.825071573257446,-24.623085125935667,20.711125352639865,1.0801205221640962,0.2446083900025172,0.0,-0.00320945554997481
9.85003137588501,-24.620114219834896,20.716685624605162,1.0800382774346806,0.2601114186740641,0.0,-0.00337436747383671
9.875048398971558,-24.61695346738482,20.722600008877894,1.079952071556918,0.27606277143628727,0.0,-0.003516942477923396
9.899965524673462,-24.613615385489506,20.728844893937538,1.0798630627012273,0.2923992992748434,0.0,-0.0036267922373412267
9.925100803375244,-24.610050702441637,20.73551225074422,1.07977092191978,0.3092921657498685,0.0,-0.003703719986088227
9.950055837631226,-24.606310563861747,20.74250621773103,1.0796774916380067,0.3263982932359565,0.0,-0.0037825559061805446
9.975038528442383,-24.60236218514997,20.7498879142002,1.0795823987312172,0.34393872868617176,0.0,-0.003829382322654178
9.999977111816406,-24.598208970455023,20.757650779632122,1.0794866236031504,0.3620463314505761,0.0,-0.0038476424092540405
10.025074005126953,-24.59381183141431,20.765867669645463,1.0793901839491509,0.380900397297546,0.0,-0.003837049641359884
10.050121307373047,-24.589195592399587,20.774491997340107,1.0792945295831105,0.40032521621940587,0.0,-0.0037984152481508465
10.075292110443115,-24.584321269201023,20.783596404989687,1.0791993202159305,0.4204323905191867,0.0,-0.0037648681555022584
10.100749731063843,-24.579142175746362,20.793267859627736,1.0791043583591953,0.441300037234661,0.0,-0.0036900046726739133
10.124985456466675,-24.573976167383037,20.80291275818323,1.0790163720061063,0.4616032330822118,0.0,-0.0035665600636707925
10.150060415267944,-24.568383128888257,20.813352717152792,1.0789290484507017,0.4831483424899361,0.0,-0.0033940115624437922
10.175032138824463,-24.562554975977886,20.824229323171835,1.078846723534275,0.5052088143902679,0.0,-0.003194711831195872
10.199967861175537,-24.55647157587737,20.835580104126066,1.0787697676807555,0.5277628524684358,0.0,-0.002972793163757457
10.225083589553833,-24.55007365576886,20.84751560556095,1.078698179011446,0.5509284552098459,0.0,-0.002724248526951161
10.250010967254639,-24.543446385811926,20.859876939984538,1.078633198532987,0.574316396033626,0.0,-0.0024840940616095036
10.27502703666687,-24.536516591597973,20.872800627776755,1.0785744316081285,0.598127890859894,0.0,-0.0022094221448819935
10.300097465515137,-24.529288574211055,20.88627870101263,1.0785230823982879,0.6223844484626007,0.0,-0.001883045281635865
10.325927734375,-24.521535790402748,20.900733656095692,1.0784797797322079,0.6477339979462093,0.0,-0.0014635416078904063
10.350055932998657,-24.514010435928263,20.914763330944425,1.0784489913681672,0.6716289353257497,0.0,-0.001082792764812615
10.375106573104858,-24.505909129411386,20.92986583345119,1.0784292966609133,0.6966168276129867,0.0,-0.0004818911933166265
10.399961233139038,-24.49757837002729,20.945395629467907,1.0784244481532999,0.7215570454799461,0.0,9.860873647868255e-05
10.424968004226685,-24.488898988941553,20.961575415219034,1.0784349911630589,0.7467397076708234,0.0,0.0007518133043812267
10.450050115585327,-24.479896861055195,20.97835761894451,1.0784625508750882,0.7719615171378731,0.0,0.0014533340613793423
10.475096702575684,-24.470610322389803,20.995671552679436,1.0785080637141262,0.7970188171467316,0.0,0.002188429006063182
10.500161170959473,-24.461020962747753,21.013552425725237,1.0785723485621026,0.8219148671934993,0.0,0.002947837522458746
10.52576494216919,-24.450925134300057,21.032381074365226,1.078657942498991,0.8471114857971821,0.0,0.0037458923056138175
10.550042390823364,-24.441071616269667,21.050761916039498,1.0787576772181235,0.8708031345679297,0.0,0.004475192453725804
10.57500958442688,-24.430658420773906,21.070191941030817,1.0788791841055159,0.89493650560862,0.0,0.005263339593655455
10.600024223327637,-24.419944923584318,21.090188623290075,1.0790210890517116,0.9187328998175175,0.0,0.006087484701808488
10.625062227249146,-24.408952156361895,21.110714070082864,1.0791837325023914,0.9420453555290644,0.0,0.006916108845493096
10.650046825408936,-24.39770213473802,21.13172858109807,1.0793665062511437,0.964902230347584,0.0,0.007711035654726641
10.675085306167603,-24.386171732055356,21.15327680564334,1.0795687100812184,0.9874050171676464,0.0,0.008446063816648773
10.700022220611572,-24.37442947050928,21.17523208318452,1.0797880325354023,1.009459049766105,0.0,0.0091476625598663
10.725345134735107,-24.362353431904538,21.197823860234152,1.0800254790007038,1.0313049524185647,0.0,0.009771553431820559
10.750121593475342,-24.350082079072685,21.220794522623077,1.0802759861545628,1.0525312182626814,0.0,0.010274867548791077
10.775111436843872,-24.33757297137352,21.244224673107922,1.080537041450867,1.073133023227883,0.0,0.01061872517446673
10.800052642822266,-24.324855851037913,21.26805960536064,1.0808040112897137,1.0930812762224613,0.0,0.010787965951528006
10.825098276138306,-24.31185956573419,21.29243354332486,1.0810743765652433,1.1125506427499852,0.0,0.010799551477529165
10.850098848342896,-24.29866813220061,21.31718958620599,1.0813446039856038,1.131446665812642,0.0,0.010816687235923857
10.875138759613037,-24.285242826982635,21.342400932816563,1.081613911203096,1.1498326728407975,0.0,0.010690748889195783
10.900051355361938,-24.271681216376912,21.367884609614414,1.0818768826869225,1.1674679373844297,0.0,0.010416707183316408
10.925149917602539,-24.257822054563217,21.39394373372158,1.0821326378439864,1.1844214488375786,0.0,0.009959907253464758
10.950088500976562,-24.243864000175783,21.420204534592994,1.0823728811944124,1.2004674741993722,0.0,0.009302108378537349
10.975062608718872,-24.22970833947597,21.44685205234925,1.082597617663681,1.2158378387483695,0.0,0.008691479577671732
11.000072479248047,-24.21535852792793,21.473879165578325,1.0828048015413219,1.2305570204543737,0.0,0.007868476268750327
11.02502727508545,-24.200879512465708,21.501162528903347,1.082988678046965,1.2444969625464626,0.0,0.006861803899083919
11.050118923187256,-24.186173772010346,21.52888456674731,1.083146189841503,1.2576027571780621,0.0,0.005692757457898763
11.07512354850769,-24.17137008006738,21.556800827803304,1.0832720852988467,1.269744506547916,0.0,0.004372375753117395
11.100053548812866,-24.15647483440247,21.584897108483347,1.0833628329619105,1.2809903995997562,0.0,0.002902146645912528
11.125157117843628,-24.141354243156133,21.6134234824039,1.0834185794444617,1.29136753565018,0.0,0.0015356878780941456
11.150075435638428,-24.126229544852343,21.641960222345535,1.083438330437227,1.300808988335388,0.0,4.5907825265770813e-05
11.175048589706421,-24.110962696698742,21.670765215106293,1.083419592650474,1.3095348889116478,0.0,-0.0015497893413365799
11.19999384880066,-24.095614788988307,21.69972041331307,1.0833597823863237,1.3174487530606183,0.0,-0.0032480414554194254
11.22509217262268,-24.08008643174659,21.729010247570695,1.0832551464666296,1.324502526015366,0.0,-0.005093978880363496
11.250141620635986,-24.064506974015384,21.758387362031716,1.083102671788977,1.3307050434277872,0.0,-0.00708414028126232
11.275125980377197,-24.04889320395575,21.78781654233698,1.0828992971435472,1.3361331867540043,0.0,-0.009198844792082673
11.300076007843018,-24.0332320691034,21.81731868486965,1.0826456940340006,1.3408801088225297,0.0,-0.01112893426626598
11.324996709823608,-24.017526536708566,21.846884608044643,1.082342640182108,1.3450172155581108,0.0,-0.013186460313752934
11.350048303604126,-24.00168897902661,21.876675314556273,1.0819842376653956,1.3485516817374192,0.0,-0.015428819543053585
11.375049829483032,-23.985833692229917,21.90647152821416,1.0815670936062176,1.3514750862206488,0.0,-0.01794281509807555
11.399985551834106,-23.96997553874363,21.936240865102892,1.0810841751562363,1.3538246777043381,0.0,-0.02079149638908227
11.425021648406982,-23.954014862975757,21.96616507780674,1.0805235604914039,1.355624145750815,0.0,-0.02399773126682995
11.450114250183105,-23.937981744773044,21.996181707065865,1.0798848501387732,1.3569259995339957,0.0,-0.026914903431886694
11.47499966621399,-23.92204308216561,22.025973180493956,1.0791747874648905,1.3577958972867599,0.0,-0.03013790062356454
11.499958515167236,-23.90603060542504,22.055848560598314,1.0783788412105535,1.3582533652587576,0.0,-0.03364109473616447
11.525118350982666,-23.88986342801866,22.085951520047782,1.0774854491000514,1.3582972235463708,0.0,-0.03738560292711746
11.550118207931519,-23.87377105917524,22.115847886116207,1.0765026780942282,1.3579531054407763,0.0,-0.041238141777137874
11.575100898742676,-23.857665788243857,22.145694475996102,1.0754240476575148,1.3572376096162317,0.0,-0.04511645647741706
11.600041627883911,-23.841559713228968,22.175462397828017,1.0742548787724262,1.3561930913125542,0.0,-0.04861590277916263
11.625023603439331,-23.825407928049952,22.205228438065603,1.07299699560712,1.3548596033086093,0.0,-0.052080259333092044
11.650041580200195,-23.809211843515687,22.234983654965927,1.0716517704260042,1.3532249844006705,0.0,-0.055452768903592596
11.675074577331543,-23.792987859412165,22.264691903607385,1.0702227877296164,1.3512889704224487,0.0,-0.0587187712626939
11.699979305267334,-23.776826773126242,22.294182153408308,1.06872122423039,1.349086154199222,0.0,-0.06185684652702107
11.725139617919922,-23.760487993975314,22.323887442830348,1.0671266595619078,1.3466015804936984,0.0,-0.0649312645351673
11.75010633468628,-23.744251004172444,22.35329435147979,1.0654710960765303,1.343914624680727,0.0,-0.06766879752230427
11.7750084400177,-23.728043478368647,22.38253121805419,1.0637525593004695,1.341033300126824,0.0,-0.07036008954731346
11.80008339881897,-23.711704605600328,22.411883186391783,1.0619540370044411,1.337913039153707,0.0,-0.07306468363639522
11.825083255767822,-23.695402659913928,22.441043146229273,1.0600931268388103,1.3345921780718812,0.0,-0.07580116605183977
11.850034952163696,-23.679118485142265,22.470042269591143,1.0581669464901278,1.3310864752999327,0.0,-0.07858093014761706
11.87505316734314,-23.662778329361245,22.499007718622565,1.0561659385047448,1.3274072226924325,0.0,-0.08137529193129399
11.899999618530273,-23.646473486567764,22.52777384654025,1.054104935739332,1.3235962015192617,0.0,-0.08386117573983098
11.92505431175232,-23.63009638592071,22.55652681429499,1.0519741242742129,1.3196356672811613,0.0,-0.08634635418162782
11.950151681900024,-23.613656462668565,22.58524531671351,1.0497747011442302,1.3155234799561522,0.0,-0.08879875760352747
11.975115776062012,-23.59730716299152,22.61365883344509,1.047528576450553,1.3113030330145332,0.0,-0.09118381049661449
12.000030994415283,-23.580972525085887,22.641898136539957,1.0452273351566805,1.3069764521425675,0.0,-0.09350676199703124
12.02506136894226,-23.564560793105123,22.670118555226804,1.042861850097615,1.3025270220363139,0.0,-0.09557414635176921
12.050026416778564,-23.548168612693196,22.69815104345121,1.0404496911442447,1.2979924878469045,0.0,-0.09759265007961353
12.077062845230103,-23.5304229425704,22.728322151379064,1.0377840054596543,1.2930019168548113,0.0,-0.09972455101604688
12.100038528442383,-23.51531282691293,22.75386647113558,1.0354707006573205,1.2886928765915886,0.0,-0.1015031744150485
12.125063180923462,-23.498862666006364,22.781522118066277,1.0329065833250453,1.2839567912961132,0.0,-0.10349510112788038
12.15004277229309,-23.48241782268352,22.80900667902403,1.030294215302316,1.279171197200173,0.0,-0.10555995563550946
12.178209066390991,-23.463873240526574,22.83980396134959,1.0272873004324032,1.2737037985909718,0.0,-0.10796541933546927
12.19997763633728,-23.44952767817273,22.86348345092283,1.0249189904848426,1.26943564765242,0.0,-0.10957752565774248
12.22499132156372,-23.43303718033857,22.890546566028693,1.0221535901190897,1.2645099454576947,0.0,-0.11153218905398489
12.250046968460083,-23.416508990697107,22.91750186186732,1.0193340831578495,1.2595482558182445,0.0,-0.11353771097709901
12.275053262710571,-23.40000221073827,22.94425135172605,1.0164696079492554,1.254558971319943,0.0,-0.11557180280593059
12.300039768218994,-23.383495721678162,22.970828265136426,1.0135562602576589,1.2495619092513581,0.0,-0.11761080949498919
12.325117588043213,-23.366922262098967,22.997338576506934,1.010582456139918,1.2445417003453874,0.0,-0.11961864156723015
12.35005784034729,-23.350419568444387,23.02356091588372,1.0075766488122362,1.239530758134752,0.0,-0.1213699124870634
12.375128746032715,-23.333823161038104,23.049755473551627,1.004512697650792,1.2344931585559715,0.0,-0.12307719259368502
12.400068521499634,-23.317297169666823,23.075662208097363,1.0014224012412622,1.2294897893633683,0.0,-0.12471404961636308
12.425058841705322,-23.300736000859658,23.10144672379423,0.9982875278143971,1.2244933017199613,0.0,-0.12631743957898622
12.45005464553833,-23.284136969375147,23.12711162678818,0.9951080314456232,1.2195045030003069,0.0,-0.12791527492268484
12.475063800811768,-23.267527567548782,23.15261328669239,0.9918892288328184,1.2145278020641184,0.0,-0.12951667547032208
12.49997615814209,-23.250964741934226,23.17786459900298,0.988644984838391,1.2095823983728855,0.0,-0.13090377509117945
12.525056600570679,-23.234290475768315,23.203105383670643,0.9853465502912865,1.2046316923031282,0.0,-0.1323282639540326
12.550033569335938,-23.217644947095746,23.228122108439763,0.9820206418461164,1.1997235509502715,0.0,-0.13379495436920322
12.575021743774414,-23.20098734367368,23.252976354882957,0.9786577972114859,1.194852342488759,0.0,-0.1353394207036877
12.599998474121094,-23.184324995842818,23.277656824962026,0.9752578078285985,1.1900533670421192,0.0,-0.1369569987064051
12.62506651878357,-23.167590122221164,23.302262574160086,0.97180857414086,1.1853215258193979,0.0,-0.13837531842681916
12.650046825408936,-23.15087665973253,23.326654764132137,0.96833170416605,1.1806772570101034,0.0,-0.1398294364599818
12.674999475479126,-23.134171812308498,23.350852726000756,0.9648246865896086,1.1761121369581578,0.0,-0.14126314995387904
12.699966430664062,-23.117436545940816,23.37491286663431,0.9612804822550021,1.1716332291857112,0.0,-0.14264650588477304
12.725095748901367,-23.10057143962905,23.39897582510003,0.9576795326136419,1.167239995272593,0.0,-0.14396927796283304
12.750066995620728,-23.083786777637275,23.422741207265588,0.9540689559750887,1.1629914900016887,0.0,-0.14520165874905527
12.775046586990356,-23.06697003311367,23.44636972428055,0.9504281204893129,1.1588620175118118,0.0,-0.1462771631826883
12.799996376037598,-23.05014908652001,23.469822396264515,0.9467662619399922,1.1548457769194815,0.0,-0.14727986925399314
12.825005769729614,-23.03325774152848,23.49319122217252,0.9430709904766432,1.150918295517222,0.0,-0.14821427167882972
12.850104570388794,-23.016281064845135,23.516495362389744,0.9393406734425173,1.1470860105677887,0.0,-0.1491015825229272
12.875095844268799,-22.99934041451937,23.53956852311915,0.9356030504042218,1.1433839032943136,0.0,-0.14997449483710534
12.899978399276733,-22.982441789597047,23.562404896501565,0.9318597768565633,1.1398161203710524,0.0,-0.15086840206611127
12.927539587020874,-22.963689083450838,23.587538230073317,0.927687786250638,1.1360339299434707,0.0,-0.15191424044328303
12.950089693069458,-22.948311355870665,23.607985482189463,0.9242537427740917,1.1330720467947977,0.0,-0.15265283416492734
12.975029706954956,-22.931267850164947,23.630477439465956,0.9204353293668359,1.1299002931176232,0.0,-0.15354584249933154
13.000396251678467,-22.913894260498193,23.653221957440984,0.9165281875612322,1.126795505432931,0.0,-0.1545228427260875
13.025078296661377,-22.896948052992933,23.675230027108864,0.912701528139003,1.1239126801969959,0.0,-0.1555482762409683
13.050061225891113,-22.87975343266583,23.697383145769734,0.9088017386117964,1.1211166837978082,0.0,-0.15665366632167968
13.075077533721924,-22.86249062325447,23.71944518498612,0.9048684868671152,1.1184416963714392,0.0,-0.157795386159022
13.099989652633667,-22.845253568609014,23.74129642090012,0.9009248253451515,1.1159014535069531,0.0,-0.15880507441350725
13.125030755996704,-22.827879114879494,23.763143063976372,0.8969352403243064,1.1134590195478107,0.0,-0.15983246780996524
13.150051355361938,-22.81046821976694,23.784856633797414,0.892923161762943,1.1111331099031836,0.0,-0.1608496575167685
13.17507004737854,-22.793010598569055,23.806449853088704,0.8888869495327062,1.1089249302420494,0.0,-0.1618511082544479
13.19995665550232,-22.77558766151008,23.827823044155988,0.8848462921881064,1.106843907000531,0.0,-0.16283401713813644
13.225366592407227,-22.757746178294177,23.84952757516129,0.8806964183871815,1.1048384591462372,0.0,-0.16383404030622548
13.250008344650269,-22.740385687483414,23.870471356903117,0.8766484550591727,1.10299470501039,0.0,-0.16469798330653143
13.275061130523682,-22.722678517376334,23.891656309697904,0.8725111401907087,1.1012123364453221,0.0,-0.16559095678785338
13.299931764602661,-22.70504350338739,23.91257858367235,0.8683820487028736,1.0995396065297376,0.0,-0.1665027703791545
13.325121641159058,-22.687119448098258,23.93366482119765,0.8641758618270146,1.0979707425841199,0.0,-0.16748639506566054
13.350148439407349,-22.669247280298933,23.95451172241336,0.8599711297186059,1.0965308351575758,0.0,-0.16854949433439864
13.382570028305054,-22.645994076406684,23.981370850862373,0.8544816998098741,1.0948019694521198,0.0,-0.17004779480680154
13.40028166770935,-22.633245817775542,23.99596994754594,0.8514637588073407,1.0939145172884825,0.0,-0.17075823061499693
13.425030946731567,-22.615371713882695,24.01628981455866,0.8472232025328873,1.0927608066770715,0.0,-0.17188187285042658
13.452898025512695,-22.595165466858752,24.03905245763368,0.8424140528191222,1.0915806882814012,0.0,-0.1732474500605628
13.478285312652588,-22.576682147313086,24.059681754555005,0.83799943652833,1.090594574255356,0.0,-0.17455095112083435
13.499993562698364,-22.5608146675724,24.077245745206593,0.8341971248509366,1.0898344268367062,0.0,-0.1757089709817335
13.525068283081055,-22.54243341887841,24.097424912857583,0.8297774832391797,1.089053968125152,0.0,-0.17708687668766648
13.55008316040039,-22.52399159409766,24.117491115081712,0.8253288175790914,1.0883502519960888,0.0,-0.17833667766267092
13.574978113174438,-22.505575164406807,24.137351493573235,0.8208738560565576,1.0877178156820249,0.0,-0.17958387867763034
13.600064992904663,-22.486936421953793,24.15727155632743,0.8163529835269913,1.0871500438223107,0.0,-0.18083427790140297
13.625048160552979,-22.468303477900854,24.1770056299949,0.811821865715266,1.0866617237148553,0.0,-0.18208098848696452
13.650081634521484,-22.449533425110523,24.196704446222906,0.8072460469434583,1.0862536875574453,0.0,-0.18333747674596243
13.675065279006958,-22.430724910396503,24.21626323447922,0.8026499074287511,1.0859411683080618,0.0,-0.18459026531558173
13.699907302856445,-22.41193517481545,24.23562350303588,0.7980492868685424,1.0857250457093064,0.0,-0.18573314830225715
13.725013732910156,-22.392864847410678,24.255091373493464,0.7933724789422756,1.08557636476241,0.0,-0.18689013440651903
13.750047445297241,-22.373757487431806,24.274415110910365,0.7886793808485282,1.0854862688756446,0.0,-0.18804589722027296
13.775035619735718,-22.35459600727692,24.293612137944457,0.7839652291176491,1.0854705840688195,0.0,-0.18927233033001903
13.799955129623413,-22.33539330439994,24.31266954200156,0.7792298148265114,1.0855384382073598,0.0,-0.19072923150026933
13.825026988983154,-22.31598475321842,24.33174837380575,0.7744255462103833,1.0856731715486285,0.0,-0.19254576026510287
13.850083351135254,-22.296496106635498,24.350721929316222,0.7695813086779115,1.0858551559414191,0.0,-0.19420670952782199
13.875210762023926,-22.276853060451625,24.36966020350651,0.7646764595024416,1.086080223536448,0.0,-0.19621915683463184
13.900130033493042,-22.257272556346653,24.38835350494822,0.7597581938047326,1.0863620997169146,0.0,-0.19847233849294865
13.925112247467041,-22.237545889590447,24.40700045962256,0.7547694918054153,1.0867145914284362,0.0,-0.20089635137792775
13.950108051300049,-22.217711955816995,24.42556116077674,0.7497175989173032,1.0871354627052785,0.0,-0.20339145178429205
13.975144147872925,-22.197740924864718,24.444060480921227,0.7445946044870251,1.0876187668015607,0.0,-0.20587531743819432
14.000061273574829,-22.177757471642103,24.46238131052588,0.7394358055804904,1.0881523680702418,0.0,-0.20814498232721698
14.02506947517395,-22.157620406565545,24.48065140904907,0.7342085135668295,1.0887365826555353,0.0,-0.21036338458769444
14.050100803375244,-22.137312277900968,24.498882771497914,0.7289101096717986,1.0893613812337883,0.0,-0.2125024630114523
14.075093507766724,-22.116949372284743,24.516968680317824,0.7235733894840206,1.0900277195596846,0.0,-0.21455042989484305
14.099960565567017,-22.096579667033016,24.534866655919775,0.7182135245324346,1.0907426803659652,0.0,-0.2165149924902486
14.125099182128906,-22.0758775615973,24.552859059117907,0.7127478778517343,1.0915131132891986,0.0,-0.21834659110543775
14.150058031082153,-22.055209741737016,24.57062419168383,0.7072759797768755,1.0923180491116578,0.0,-0.22011703569025218
14.176108837127686,-22.033517264863477,24.589059304178065,0.7015181052744819,1.0931855354141777,0.0,-0.2219212062594618
14.200132369995117,-22.0134017849332,24.60596267256152,0.6961666897014391,1.0940166371265583,0.0,-0.22355161929088116
14.22508454322815,-21.992403201579958,24.623412892952437,0.6905687073303786,1.0949229923713886,0.0,-0.22525180388401453
14.25005555152893,-21.97126547285025,24.640778759067345,0.6849217877174816,1.0958598436784837,0.0,-0.2269695574075756
14.275060653686523,-21.94998382233886,24.65806161481689,0.6792245312267108,1.096814241472213,0.0,-0.22869486646072604
14.308910846710205,-21.920990165058118,24.681285091309125,0.6714470413366813,1.0981532675037617,0.0,-0.23085679149538973
14.324988842010498,-21.90714045330086,24.692248300215194,0.6677267761855327,1.098812531309141,0.0,-0.23186021079722577
14.350069284439087,-21.885442523278282,24.70925610790206,0.6618918519354641,1.0998637158535534,0.0,-0.2334805973137079
14.375073194503784,-21.863689908064597,24.726102399873373,0.6560338477339932,1.1009475547438203,0.0,-0.23510857536831004
14.399968147277832,-21.841910976720882,24.742765626701292,0.6501606278137725,1.102069017161712,0.0,-0.23672585961459844
14.425065040588379,-21.819842370293628,24.75944444143937,0.6442028636295707,1.1032351551629356,0.0,-0.23824026872478565
14.449981689453125,-21.79779045786522,24.775905137006752,0.638245174590125,1.1044234265500188,0.0,-0.23972092798712694
14.475066661834717,-21.775478808473537,24.792352368960167,0.6322140506180809,1.105641397046546,0.0,-0.2411537166481806
14.499989986419678,-21.75318926997505,24.80857680822431,0.6261875950657011,1.1068834069118194,0.0,-0.24249189334269952
14.525060176849365,-21.730651287842527,24.82477407177355,0.6200952396208469,1.1081742317433754,0.0,-0.24373254069447664
14.550039052963257,-21.70804978153361,24.840808853302896,0.6139900021170603,1.1094951948592395,0.0,-0.24484649203798528
14.575030326843262,-21.685323055199056,24.856724325516446,0.607858496236852,1.1108398336391225,0.0,-0.24582923350985003
14.599964141845703,-21.662525224343785,24.87248198118031,0.6017176986032183,1.1121985094091047,0.0,-0.24675224552577968
14.62506628036499,-21.639468153637402,24.888209487722328,0.5955191882306436,1.1135909395062735,0.0,-0.24756637372558504
14.650027751922607,-21.616372044829937,24.903754795432867,0.5893249146767711,1.115014024228507,0.0,-0.248280728306861
14.675056457519531,-21.59311036573669,24.91920257975095,0.583103246197113,1.1164699398733597,0.0,-0.24891253152887372
14.700015544891357,-21.569787016290263,24.93448310298837,0.5768837886760391,1.1179525769734722,0.0,-0.24948346547395944
14.72507095336914,-21.54624758219835,24.949696166629817,0.57062656880252,1.119478159823695,0.0,-0.2500281808951636
14.750046491622925,-21.52265091328622,24.964737823360345,0.5643744032696348,1.1210327993614038,0.0,-0.25056046678224336
14.775002002716064,-21.498950265323543,24.979638074363066,0.5581150717948414,1.122610705567866,0.0,-0.2510835809214202
14.799964189529419,-21.475115376159412,24.99441512699597,0.5518405950285281,1.1242138815098128,0.0,-0.25161404809408916
14.825078248977661,-21.451012149556146,25.009149148918333,0.5455155094130453,1.1258501497466542,0.0,-0.2521691853857997
14.850040912628174,-21.42692190767069,25.023667099721383,0.5392131083853615,1.1275028751359806,0.0,-0.2527432071257269
14.879208087921143,-21.398616993858735,25.040462110964214,0.5318317905691352,1.1294676166636506,0.0,-0.2534268822175167
14.899996280670166,-21.378334670077138,25.05232395380483,0.526558139534199,1.1308843088322968,0.0,-0.2538996591844917
14.925030946731567,-21.353795394587035,25.066484452540667,0.5201948875443888,1.1326022515260858,0.0,-0.25447150701061766
14.95012378692627,-21.329075971622377,25.080539540036884,0.5138037949572085,1.1343459286402788,0.0,-0.2550358065448324
14.975129127502441,-21.304310058098945,25.09441247821823,0.5074197805311702,1.1361104562905833,0.0,-0.2555753813490741
15.000057935714722,-21.27949327746895,25.108106606610587,0.5010421271015933,1.137885510476393,0.0,-0.2560870542294908
15.025027513504028,-21.254504861486723,25.1216878823475,0.4946400968129708,1.1396758774719433,0.0,-0.25659394928085383
15.050043106079102,-21.229348698596127,25.13515204937889,0.4882148615895048,1.1414802525369083,0.0,-0.25709486312976326
15.07502818107605,-21.20409409897957,25.148460773904308,0.4817839870105043,1.1432891504524116,0.0,-0.2576061677217736
15.09996223449707,-21.178771215506195,25.161598134473298,0.47535458403595426,1.1451047543058834,0.0,-0.2581347349045821
15.125051736831665,-21.15317389061045,25.174668866045618,0.46887371698646324,1.1469462767798184,0.0,-0.25869685537786513
15.150079488754272,-21.127497662502297,25.18757074144811,0.46239003835656317,1.1487988599910954,0.0,-0.2592989208080627
15.175060033798218,-21.101752560372173,25.200298809835157,0.4559048273275331,1.1506611686662898,0.0,-0.2599448714389683
15.199942827224731,-21.07597772119013,25.21283435270869,0.44942737715260916,1.1525252450915628,0.0,-0.260570357637925
15.224966049194336,-21.04993962581267,25.225289208923062,0.44289857843400454,1.1544013403762532,0.0,-0.2612443466835315
15.2500741481781,-21.023693225890444,25.23763317586829,0.4363311422574739,1.1562904071930604,0.0,-0.26196497149092934
15.275151252746582,-20.997354126598523,25.24980997438869,0.42975283905123146,1.1581882717210503,0.0,-0.2627272079326147
15.300010681152344,-20.97111663481102,25.26173152178471,0.42321096289063054,1.1600746579901806,0.0,-0.26351653978470013
15.325188636779785,-20.9444290919211,25.273645928407564,0.41656786273080315,1.1619831277982389,0.0,-0.2642829865755209
15.350116729736328,-20.917881807086832,25.285287560208594,0.4099705733690677,1.1638692099736005,0.0,-0.26505555144017784
15.376240015029907,-20.889978774364636,25.297299484197428,0.40304782812617784,1.1658523739794107,0.0,-0.2658441295199585
15.40001368522644,-20.864376436631048,25.308120292237493,0.396706842289244,1.1676778841080064,0.0,-0.2665102194858312
15.425081253051758,-20.83734812627964,25.31933692766582,0.39002559587950836,1.1696137435969436,0.0,-0.267126771679942
15.45007848739624,-20.81022112217853,25.33038250025151,0.3833354320851891,1.1715672665775951,0.0,-0.26763202331277886
15.47549843788147,-20.782779487062044,25.341341787864007,0.37658632383973545,1.17354749337439,0.0,-0.26799856559222507
15.500032186508179,-20.75570644432546,25.351944298841147,0.3699474832898467,1.175492171494019,0.0,-0.2683661124274864
15.525030612945557,-20.72824860778552,25.362486646950373,0.36323624531583903,1.177443133093329,0.0,-0.26852361343392
15.550129175186157,-20.700571755330053,25.372900086091676,0.3565000041760075,1.1794066594273223,0.0,-0.26836171447203283
15.575081586837769,-20.67293387246338,25.38308756594698,0.3498099109225823,1.181377055055076,0.0,-0.26782762462671805
15.600002765655518,-20.64521861110014,25.393093861664905,0.3431460357537097,1.1833405431436674,0.0,-0.26695800094235356
15.625153303146362,-20.617154659389588,25.403014597322787,0.3364460574562497,1.1852994998003683,0.0,-0.2661963206191468
15.65007495880127,-20.58920103765862,25.41268728930736,0.3298209737562683,1.187223548006248,0.0,-0.2651836265486489
15.675084352493286,-20.561054121478676,25.422218643419217,0.32320331981360884,1.1891575877972558,0.0,-0.2640107513104906
15.702463865280151,-20.53011488238841,25.432457642984613,0.31599324876782225,1.1912998152413754,0.0,-0.26263838270134243
15.72511100769043,-20.50442720914766,25.44077181219617,0.3100582815979096,1.1930853752649506,0.0,-0.2614873410137332
15.750096082687378,-20.475988014721814,25.449781310416373,0.30354137120499186,1.1950641179613144,0.0,-0.26020834144915145
15.775111436843872,-20.447409968339112,25.458630660383214,0.29704833809282755,1.1970495718372185,0.0,-0.25896578338607246
15.800036907196045,-20.41882323256338,25.467280494396547,0.2906059278927602,1.1990288197549466,0.0,-0.2578797566314105
15.825100421905518,-20.3899827383467,25.475804576993223,0.28415617885939437,1.20101633781917,0.0,-0.25684220256103507
15.850125312805176,-20.361082864897167,25.484144456782698,0.27774078869734825,1.2029767828898368,0.0,-0.2558886298045069
15.877553462982178,-20.329286926121302,25.493089355676656,0.2707340705026551,1.205110339714302,0.0,-0.2549392786907194
15.900001049041748,-20.303182716773588,25.500254216764993,0.26501949349061193,1.20686194941617,0.0,-0.2542429197235165
15.925099611282349,-20.273903500538374,25.508100562977916,0.25864801117057484,1.2088194616000716,0.0,-0.253518507630737
15.950119018554688,-20.244618854881487,25.51574929586686,0.25231313339554934,1.210767689066575,0.0,-0.2528988313065411
15.975082159042358,-20.21530134015327,25.523208992145715,0.2460066528078395,1.212718134271353,0.0,-0.252317212247422
16.000025987625122,-20.1859121398282,25.53049020256774,0.23971963662545526,1.214667703978837,0.0,-0.2517158512854203
16.025031328201294,-20.156359443806654,25.53761503063572,0.23343363705633513,1.21661202013051,0.0,-0.25102351445661053
16.050094604492188,-20.12665636079834,25.544578936369575,0.22715389517862364,1.2185663391275916,0.0,-0.25022206424616106
16.07512879371643,-20.096888537604688,25.551361511371244,0.2209009267243329,1.2205313004465792,0.0,-0.24932560276506993
16.10003399848938,-20.067186073815698,25.557934937109465,0.21470120585886465,1.2224916975935964,0.0,-0.24855255109592397
16.12508463859558,-20.037249964487177,25.56436549096801,0.20849181601599856,1.2244464451043464,0.0,-0.24767401157283572
16.150118350982666,-20.00718972954622,25.57062793356795,0.20229784404483536,1.2263927389545002,0.0,-0.24671063257305983
16.175761699676514,-19.977125221942877,25.576697861907626,0.19614559448637225,1.2283181042172027,0.0,-0.24567276700253243
16.20004940032959,-19.947034037302185,25.58258133410812,0.1900317647082577,1.230199666693048,0.0,-0.24455727761866078
16.225217580795288,-19.916587038518692,25.58834091406792,0.18389122970644603,1.2320550291243693,0.0,-0.24337444370517033
16.250045776367188,-19.886472375524452,25.593848039021285,0.17786108418470392,1.2338461656681081,0.0,-0.2423404664988434
16.27679133415222,-19.853951765027233,25.599585383682633,0.17139550194987313,1.235773697357397,0.0,-0.24118837972293036
16.300025463104248,-19.82562605792759,25.604406776650876,0.1658033533136386,1.23744086523739,0.0,-0.24015729992080392
16.325120210647583,-19.794955025817234,25.609444408104736,0.15979049913884755,1.239195653930966,0.0,-0.23895049889876172
16.35011625289917,-19.764345671295953,25.614283977797665,0.15383530221711755,1.240932401849158,0.0,-0.2376490799021762
16.375047206878662,-19.733733472092254,25.618938041310393,0.14792708075216318,1.2426878788864644,0.0,-0.23624853898155654
16.399986267089844,-19.703043328448995,25.623419107585455,0.14205032756644548,1.2444550700704138,0.0,-0.23500832142315436
16.42523694038391,-19.671898904798844,25.627779079201552,0.1361331674961782,1.2462410509725619,0.0,-0.23363066209208247
16.450047254562378,-19.64123087376621,25.631889650931118,0.1303549377388271,1.2479457611819322,0.0,-0.23213834065470307
16.4753360748291,-19.609918026657127,25.635901500339223,0.12450816688103393,1.2496423599125863,0.0,-0.23043219497300485
16.49997639656067,-19.579324040895465,25.639642511639746,0.11885120985638739,1.2512943981243134,0.0,-0.22858188630306575
16.52509045600891,-19.548095295235186,25.643280998631738,0.11313288087232247,1.25296322787045,0.0,-0.2268935043959779
16.55003309249878,-19.517010826496204,25.64672390657101,0.10749630911944137,1.2546043638408615,0.0,-0.22504133398055878
16.575056791305542,-19.48577049140967,25.650006411790244,0.10189021208618111,1.2562313168771795,0.0,-0.22306214257635376
16.599982500076294,-19.454587792247864,25.653107332022973,0.09635492547290078,1.257783619644492,0.0,-0.22101336888076514
16.625070810317993,-19.423150023998414,25.656058231647368,0.09083607255948434,1.259287655978534,0.0,-0.21892033310393796
16.650126218795776,-19.39171488887919,25.658834941661276,0.08537916052506023,1.2607745182714747,0.0,-0.2168469361945771
16.675084114074707,-19.360333260258503,25.661435522171903,0.07999146680162406,1.2622336294988732,0.0,-0.21483052655056067
16.70182776451111,-19.326649449140728,25.664038592332222,0.07427088764307084,1.2637714610777482,0.0,-0.21288923197454535
16.72508716583252,-19.297321400951965,25.666148013195137,0.06933900812644614,1.2650865739433852,0.0,-0.21127373781529762
16.750032901763916,-19.265808969945734,25.668253322259442,0.06408831808534086,1.2664680336573917,0.0,-0.20960218975755876
16.77505111694336,-19.234165605017438,25.670200976185004,0.05886463390165896,1.2678174752310332,0.0,-0.207966650979355
16.80000638961792,-19.202563335429655,25.671981315208154,0.0536957159053991,1.2691244094763623,0.0,-0.20632217785750764
16.825029611587524,-19.170829469172574,25.67360498916418,0.048553710273074896,1.270345381129841,0.0,-0.2046234377743419
16.850015878677368,-19.139106987374777,25.675065357519575,0.04345998656527653,1.2714452555146516,0.0,-0.2030831928433439
16.875009298324585,-19.10734237473425,25.676366158900887,0.03840419052440069,1.2725108077408331,0.0,-0.20148454868089358
16.900031805038452,-19.075513592864137,25.67750899500227,0.03338404319883859,1.2735778140597067,0.0,-0.19983445144207726
16.925117254257202,-19.04357165629895,25.67849582528333,0.02839311892828797,1.2746290681869656,0.0,-0.19813232297611372
16.950082063674927,-19.01174239519465,25.679321225379297,0.02346732822276934,1.2756309776183,0.0,-0.1964044453122616
16.97500991821289,-18.979936960945025,25.679990069286212,0.018592772080174295,1.2765586189905607,0.0,-0.19466178453415225
16.999974489212036,-18.948063622181884,25.68050548703736,0.01375315324509335,1.2774256233194938,0.0,-0.19308183174007595
17.024996519088745,-18.916089238915017,25.680868209892164,0.008941350123513351,1.2782410192332208,0.0,-0.19149363961098329
17.050069332122803,-18.884033421572408,25.681078087275118,0.004159958528804935,1.2789847956029503,0.0,-0.18992938369375784
17.075039863586426,-18.8520878038174,25.68113542047021,-0.0005638189440770538,1.2796392312939335,0.0,-0.18841180068026775
17.099958896636963,-18.82019094436784,25.68104274109968,-0.005240896368045565,1.280214763157951,0.0,-0.18694105564662672
17.125128507614136,-18.78797311207911,25.680798303208213,-0.009926539351956207,1.2807242672853452,0.0,-0.18550155351212969
17.150047063827515,-18.756050477853456,25.68040777653857,-0.014533667976395746,1.2811689437620624,0.0,-0.18420732040239518
17.17502450942993,-18.724048969679924,25.679869170119595,-0.019118944331907185,1.281567907034777,0.0,-0.18293743128226292
17.20002269744873,-18.69201516772481,25.67918352004374,-0.023677318262748,1.281883440559092,0.0,-0.18175506928441562
17.225101709365845,-18.65987861132449,25.67834931665163,-0.02822307809612297,1.2820852860609029,0.0,-0.1807994523609426
17.250074863433838,-18.62787218440939,25.67737352356345,-0.03272993419164181,1.2821668348742943,0.0,-0.18010743980643804
17.2750563621521,-18.595858514302275,25.67625330880096,-0.0372227316068117,1.2821266246409946,0.0,-0.17954504957824077
17.299992561340332,-18.56391336102075,25.67499212617179,-0.04169343622347907,1.2819869909015593,0.0,-0.17902150340511705
17.325067043304443,-18.531836708502663,25.67358199426161,-0.046170402007981254,1.2817638999389094,0.0,-0.17845790307095177
17.35004425048828,-18.49982729290749,25.67203158003947,-0.05062337594323395,1.2814735004851197,0.0,-0.17770787106604438
17.375064611434937,-18.467817837082013,25.67033856835303,-0.05505594091438997,1.281085144989197,0.0,-0.1766515262084637
17.403828144073486,-18.4310387242267,25.668218163942164,-0.060114110715249656,1.2804863666497062,0.0,-0.1750532688772853
17.425068140029907,-18.403898010462562,25.666534146467328,-0.06381764708515204,1.2799553920700286,0.0,-0.173666141025381
17.45006513595581,-18.371981064089148,25.664425150385544,-0.0681398382682146,1.2792505834006989,0.0,-0.17214752256905425
17.475044012069702,-18.340114299033548,25.662181773956572,-0.07241889054305184,1.278488839802403,0.0,-0.17045683326524907
17.50003981590271,-18.308254692624285,25.659802494642353,-0.07665769028364242,1.277645156224845,0.0,-0.16868316896304936
17.52519679069519,-18.27622648245783,25.65727434948044,-0.08087861182288678,1.2766839109020833,0.0,-0.16690244711709767
17.550045013427734,-18.244623677276415,25.654647025083136,-0.08500507646333601,1.2756623415710715,0.0,-0.1652191016726273
17.575074434280396,-18.21282891821901,25.651871772034866,-0.08912052295357115,1.2745502871798058,0.0,-0.16362515124097543
17.599982023239136,-18.181228354968333,25.64898331412473,-0.09317799810718393,1.2733389515947404,0.0,-0.16216310086196556
17.624987363815308,-18.149549340063032,25.645958349188426,-0.09721562136398015,1.272051555367385,0.0,-0.16078897411355553
17.650108814239502,-18.117771451536495,25.642794664468287,-0.10123802228069013,1.270666902986965,0.0,-0.15948188983177047
17.675050020217896,-18.0862621429466,25.639530626729126,-0.10520040305040997,1.2691760474046945,0.0,-0.15821059370370955
17.699974298477173,-18.054828141849864,25.63614900091281,-0.10912801609298298,1.2675877961438227,0.0,-0.15693479707958932
17.725070476531982,-18.0232604454471,25.632627656289973,-0.11304692795518179,1.265901591298536,0.0,-0.15564215830466646
17.75003743171692,-17.99186079915608,25.62900114024549,-0.11692094802000018,1.2641464883157802,0.0,-0.15444871843515384
17.775588989257812,-17.959814271100246,25.62517313149743,-0.12085132137430295,1.262246661941996,0.0,-0.1532161095486666
17.799972772598267,-17.929287520644547,25.621408146612932,-0.12457333289373808,1.2603072661973724,0.0,-0.1520369137174481
17.825060844421387,-17.897968718035898,25.6174258893147,-0.12836986120349422,1.2581979201727087,0.0,-0.15082336383750733
17.850064039230347,-17.866783338422024,25.613340833552343,-0.132128293905101,1.2559501291369952,0.0,-0.14961325244834647
17.87503671646118,-17.83573077623093,25.609154996847973,-0.1358494243856934,1.253547434951134,0.0,-0.14841312482948735
17.899927377700806,-17.804856204407017,25.60487677036781,-0.13952946397559526,1.2510243688530789,0.0,-0.14728991253898946
17.924980640411377,-17.773854916034797,25.60046470276637,-0.1432061583124393,1.2483765027685263,0.0,-0.14617765620715992
17.950129985809326,-17.742823655095,25.59593213266437,-0.14686856753140845,1.2455758436609183,0.0,-0.14507657408227786
17.975041151046753,-17.712172580233993,25.591341352920736,-0.15046904399369704,1.242638979646308,0.0,-0.1439817851834601
18.00091528892517,-17.680432322624934,25.58646874013322,-0.15417963623250386,1.239442689042898,0.0,-0.1428264475467393
18.025031089782715,-17.65094384773449,25.581833980641314,-0.15761044314641073,1.2363180061056624,0.0,-0.14172085305510615
18.0500385761261,-17.62046053457934,25.57693408010426,-0.16114086039973863,1.2329256352915463,0.0,-0.14063018308808287
18.07504153251648,-17.590085995824086,25.57194203911548,-0.16464269399421824,1.2294085325770594,0.0,-0.13949120829305617
18.10010051727295,-17.559746572832132,25.56684691832843,-0.1681234626010007,1.2257680664243749,0.0,-0.13829600848964727
18.12505006790161,-17.52967004865486,25.561688985950887,-0.17155605667818094,1.22202025635357,0.0,-0.1370480443070209
18.15003538131714,-17.499623758873895,25.556430352901064,-0.1749660185207698,1.218137212344973,0.0,-0.13574059810950237
18.1754047870636,-17.46925176282036,25.551007650333258,-0.17839244429038992,1.2140889095311382,0.0,-0.13438107179713157
18.19999384880066,-17.439931684574397,25.545671123720005,-0.18168126606334378,1.2100803678474141,0.0,-0.133142817008186
18.225048542022705,-17.4101842252342,25.540155211825013,-0.1850000042951926,1.2058974443843635,0.0,-0.13187616025705065
18.250059843063354,-17.380583716237012,25.534565396840804,-0.18828458124360392,1.2015974292634177,0.0,-0.13062922877970345
18.27747344970703,-17.348304144956344,25.528355136171708,-0.19184648663608722,1.1967647553360783,0.0,-0.12925440754584838
18.299983501434326,-17.321908820663648,25.523188514504216,-0.1947428939238644,1.1927046189693455,0.0,-0.12806414968251387
18.325063467025757,-17.292652531848898,25.517369355380097,-0.19793392071153978,1.188087164127084,0.0,-0.12662440984745796
18.350040674209595,-17.263600529637646,25.511495046076757,-0.20108225630108353,1.183395635969731,0.0,-0.1252740460367283
18.375035047531128,-17.234685199600797,25.5055540713744,-0.20419612797391531,1.1786363734463612,0.0,-0.12388799619876265
18.40019392967224,-17.205713407839788,25.499507611768625,-0.2072972661393997,1.1737738060448741,0.0,-0.12260392119853691
18.425058126449585,-17.177237665790916,25.493473488016217,-0.21033049039384252,1.1688928681704196,0.0,-0.12151601665130224
18.450043201446533,-17.148734640919486,25.48734331053482,-0.21335598721349988,1.1639109764195008,0.0,-0.1205679628132319
18.475971460342407,-17.11931701101202,25.48092188004487,-0.21647045996033473,1.1586682549389402,0.0,-0.11966933756803044
18.499995708465576,-17.092196286277105,25.47491682664088,-0.21933581357936172,1.1537469806271883,0.0,-0.11886459012134032
18.5250301361084,-17.06407830220772,25.46860491155219,-0.22230121841644013,1.1485725228236825,0.0,-0.11804929744153296
18.550049781799316,-17.036119331715067,25.4622418687398,-0.22524462310833004,1.1433510702500997,0.0,-0.11721936551980455
18.575019121170044,-17.00836465343975,25.455839734910416,-0.2281606675423848,1.1380930030491712,0.0,-0.11634764955509293
18.59997797012329,-16.980767798920102,25.449389533216042,-0.23105313782782866,1.1328106105730376,0.0,-0.11542333231328712
18.625134706497192,-16.953110922486825,25.442840903782486,-0.23394368695214618,1.127468442665671,0.0,-0.11445341652238099
18.653708457946777,-16.921862386667716,25.43534033798066,-0.23719969778251282,1.1213745291988437,0.0,-0.1133986865093788
18.674962997436523,-16.89874529567039,25.429722353089623,-0.2396018535133942,1.116835553656826,0.0,-0.11260176434961798
18.700212240219116,-16.871430592036262,25.423008508594478,-0.24243248100622816,1.1114484904416655,0.0,-0.11164175929269896
18.725232362747192,-16.84470659123472,25.416360573644923,-0.24519341439324532,1.1061582108584838,0.0,-0.1106901908391473
18.750048875808716,-16.81795630484722,25.40962770565729,-0.24794818953711947,1.100855587669286,0.0,-0.10971715046172716
18.77500557899475,-16.791392039826718,25.402864192623163,-0.25067435527984,1.0955907658211492,0.0,-0.10872534914670683
18.800002336502075,-16.764936495368246,25.396051799848532,-0.2533801378415518,1.0903460411341241,0.0,-0.10778253986008961
18.825374126434326,-16.73822836705436,25.389097014675777,-0.2561025075641865,1.0850535397939247,0.0,-0.10680156163700194
18.85007929801941,-16.71237219601189,25.382290196608114,-0.25872832033189935,1.0799299944559477,0.0,-0.10581885765966202
18.87511134147644,-16.686314368998264,25.375356936873555,-0.2613638168875341,1.0747664272492865,0.0,-0.10478145439314653
18.90005350112915,-16.660486529836987,25.368412416595906,-0.2639640752711566,1.0696628759687132,0.0,-0.10370838096604731
18.925355195999146,-16.63443391084801,25.361334631972,-0.26657370400128505,1.0645457441500785,0.0,-0.10259357360917243
18.949991941452026,-16.609192123753893,25.354407622157428,-0.2690895641961456,1.0596183447026888,0.0,-0.10157524634358979
18.975411415100098,-16.583303481298927,25.34723228539014,-0.2716573206500233,1.054585014760284,0.0,-0.1005041468902407
18.99998164176941,-16.55840494141041,25.340263962618454,-0.27411424633190384,1.0497612404700731,0.0,-0.09946459114222789
19.02508020401001,-16.533107407697596,25.33311654286641,-0.27659761374245834,1.0448860404353555,0.0,-0.09841402854187742
19.050028800964355,-16.50809916992283,25.325984306950737,-0.2790398698076126,1.0400997888288301,0.0,-0.09739499487039509
19.075645208358765,-16.482589549727237,25.318641162145106,-0.2815184013185192,1.0352542477693623,0.0,-0.09638011509883472
19.100265502929688,-16.458040501609638,25.311871473375287,-0.28405717414588066,1.0306390995896115,0.028236001601121493,-0.10958132567631974
19.133544445037842,-16.424801218825674,25.30367424639486,-0.28797060144724046,1.0244915246192625,0.06256718649965531,-0.12554846659459057
19.15020179748535,-16.408132852149585,25.299935178249182,-0.2901198201129758,1.0214492358261151,0.07751606537556158,-0.13245690544149785
19.17500138282776,-16.383298184741715,25.294751753117964,-0.2935232827685684,1.0169666044828318,0.09828008199227799,-0.14201268267712785
19.19991970062256,-16.358324218090182,25.289959335428755,-0.29716949739563847,1.0125257881445373,0.11709841055592447,-0.15061378224452787
19.225051164627075,-16.333143840115422,25.28549790671522,-0.3010499602263358,1.0081099438976784,0.13419335166760532,-0.15836181851596004
19.24998378753662,-16.30813853402695,25.281386200493614,-0.30508623665307705,1.003780926477574,0.14947519811991702,-0.16525405194720627
19.27505874633789,-16.283016123267597,25.277530346171233,-0.3093066905738038,0.9994930346256251,0.16330449113935686,-0.17141925892624388
19.299987077713013,-16.258049011447095,25.27393200693881,-0.3136484979796613,0.9952978860926535,0.17567357660370198,-0.1768492172644372
19.325028657913208,-16.232999384435686,25.27052017752103,-0.31813693377870167,0.9911601544064792,0.1868442014140414,-0.18165432979236154
19.350018978118896,-16.20804941257579,25.26728764349019,-0.32272516667004414,0.9871151997470924,0.19684946867579972,-0.1858514496440281
19.37507462501526,-16.18302777423196,25.26418307322114,-0.3274326054236622,0.9831283742727993,0.20586756116701702,-0.18960318744827634
19.399998426437378,-16.158195237964353,25.261212154566692,-0.3321989180730798,0.9792347803719799,0.21389920202560117,-0.19284150943621126
19.425265312194824,-16.13328931306264,25.258319390567088,-0.33706357308565393,0.9753984609983036,0.22112661331678313,-0.1956680217867641
19.450061321258545,-16.108455606445936,25.255500777730017,-0.34198925291723337,0.9716592937688141,0.2275855894254725,-0.19811749318651448
19.475037813186646,-16.083709362583075,25.25273854630185,-0.34696433710808194,0.968035382554923,0.23335258084174307,-0.20023106592186024
19.49996781349182,-16.059061838766556,25.250016495804402,-0.35197880871670756,0.9645313808960927,0.23849614703431557,-0.20204714380220498
19.52505922317505,-16.034322060021,25.247298111193604,-0.3570657171974491,0.9611214124761579,0.24311608784768696,-0.20365214263539308
19.54998779296875,-16.009769341150545,25.244600177601523,-0.36216218114229065,0.9578303254009832,0.24720843208608873,-0.20500596848341454
19.57501769065857,-15.985189576041623,25.24188658384328,-0.36730693263574343,0.9546274783136369,0.25086236416623076,-0.20614142992590756
19.599941968917847,-15.960761357778376,25.239165881502203,-0.3724573944744715,0.951547451110726,0.2540982823757912,-0.20706506247645415
19.62504553794861,-15.936232313355811,25.236399747708152,-0.377661927256184,0.9485662635629187,0.25699363688053095,-0.207797680405851
19.6499981880188,-15.911884742700677,25.233610979995387,-0.38285593024913583,0.9457248263707543,0.259551440117406,-0.20833987210975163
19.67504572868347,-15.887510572494396,25.230767788048215,-0.3880788916182365,0.9430002764071926,0.2618304630054103,-0.20869068985115288
19.699973821640015,-15.863310020571666,25.22788652798133,-0.3932845738524112,0.9404147967197821,0.2638420968574353,-0.20897711948616313
19.724982500076294,-15.839084618862632,25.22493731494513,-0.39851212336419317,0.9379321126313758,0.26562831123286923,-0.20905609693518773
19.750030040740967,-15.81488508072111,25.2219202322841,-0.40374531408585984,0.9355565970158234,0.2672083386311555,-0.20892015767006988
19.775050401687622,-15.790757639742967,25.218836027452003,-0.4089688671726388,0.9333045213645506,0.2686050446540376,-0.20858908726078132
19.799973011016846,-15.766776691853845,25.215690423348867,-0.4141619679916989,0.9311828905092486,0.26983600327588825,-0.20809770446950387
19.825053930282593,-15.742708990207733,25.212448803919308,-0.41937128488551173,0.9291726423924173,0.27093279602211867,-0.20748001861556017
19.850006103515625,-15.718795790218307,25.20914020083076,-0.42454165772107993,0.9272808806952456,0.27189632873865144,-0.20677286170773918
19.874996185302734,-15.694908322141494,25.205744353511516,-0.42970022530864876,0.9254929550637463,0.2727470300278556,-0.20611718618946298
19.899956941604614,-15.671090817494342,25.202264992592276,-0.43483688343787597,0.9238215137372326,0.2734997443338654,-0.20538715403018648
19.925060987472534,-15.647207388935906,25.198679488293838,-0.43997871666148086,0.9222629418801901,0.27417273311239526,-0.20458105315015507
19.949965000152588,-15.623524823157338,25.19502624142568,-0.44506620371085176,0.920836573312309,0.274770085390289,-0.2037123472804742
19.97508406639099,-15.599705593749762,25.191251367433548,-0.45016991884000235,0.9195190759416885,0.2753103443403501,-0.20278344621840771
19.999986171722412,-15.576120814376155,25.187412355605694,-0.45521039849164285,0.918315896652876,0.2757891872744272,-0.20194622795694292
20.02527356147766,-15.552445507794593,25.183455443132818,-0.46025736468218054,0.9171981751354359,0.2762188664877455,-0.20105991234264395
20.05000352859497,-15.528879813235717,25.179412621253753,-0.46526688365779106,0.9161841391230844,0.27660531963329094,-0.20014575059468395
20.075069665908813,-15.505264324548188,25.175255525522704,-0.4702717151032958,0.9152730478285,0.2769600612253074,-0.19919736280939643
20.100010871887207,-15.481801962753845,25.17101933601838,-0.4752277966958243,0.9144698510841351,0.2772852309549131,-0.19822591458229138
20.125088930130005,-15.458247371097762,25.166659073056994,-0.4801860219280354,0.9137689834450569,0.27759100070685155,-0.19723297808476548
20.15004849433899,-15.434834592552862,25.16221744149343,-0.48509780064753166,0.913168511106975,0.27787638935325076,-0.19634514363616487
20.17507553100586,-15.411390095077067,25.157661389238616,-0.49000032924245773,0.9126536073669415,0.2781452806021588,-0.19543856119578032
20.199967861175537,-15.388099044981685,25.153026962609715,-0.494854279723111,0.9122282756950821,0.2783996590404979,-0.19452269841707853
20.225043296813965,-15.364679061502665,25.14825745789437,-0.4997176777253238,0.9118908661691196,0.2786475881944749,-0.19357682076586108
20.250032901763916,-15.341344930985871,25.143395731288166,-0.5045448436651857,0.9116465858624437,0.27889044894493153,-0.19260598545873023
20.275697708129883,-15.317418277490349,25.138296325208792,-0.509474453037196,0.9114874080894078,0.279137503207111,-0.19158684286529948
20.300007820129395,-15.294771239553217,25.13336269162397,-0.5141223218210811,0.9114107370440082,0.2793676282881382,-0.19072632133542866
20.32497262954712,-15.271541032582963,25.12819355471516,-0.5188721984504626,0.91139833244236,0.27960079379608715,-0.18980615617096244
20.3499813079834,-15.248293574205551,25.12291030047691,-0.5236063925130349,0.9114599643372137,0.2798351611843222,-0.1888403748218124
20.375098943710327,-15.224976052435318,25.117500055611256,-0.528334059938951,0.9116003654693088,0.28007458587376355,-0.18782205262171606
20.400073051452637,-15.201785077070461,25.112008671231468,-0.5330140118465915,0.9118144241843029,0.2803176567525899,-0.18677101291388057
20.425140619277954,-15.178550309502636,25.10639630047766,-0.5376796729502654,0.9120998132100471,0.28056678184071,-0.1856944621517243
20.450040102005005,-15.155461259022468,25.100709386715526,-0.5422940386999504,0.9124442388567764,0.28081839479228143,-0.1847408016357367
20.475081205368042,-15.132268128819273,25.094886634361263,-0.5469080242548416,0.9128488972529577,0.2810759135732213,-0.1837586452739337
20.50040912628174,-15.108825160403343,25.088888884209947,-0.5515493360618451,0.913321652470383,0.2813435735027677,-0.18274517798042503
20.525139093399048,-15.085949231582843,25.082927406609745,-0.5560558884697868,0.9138423036966252,0.28161205239071696,-0.18172969453937804
20.55003046989441,-15.062933174917665,25.0768210059724,-0.5605666984743892,0.9144269728587942,0.281891143099034,-0.18067921537779777
20.575902223587036,-15.039168064467045,25.07040187693619,-0.5651989039983976,0.9150951150536706,0.28218994985722745,-0.17957831555589526
20.607802152633667,-15.009557155346727,25.062241900712085,-0.570936331812878,0.9160036776419347,0.2825749448766978,-0.17836538198950447
20.62497353553772,-14.993699210710714,25.05779810956716,-0.5739942873327051,0.9165196384498837,0.2827836319202311,-0.17772567514788679
20.649985313415527,-14.970614472535544,25.051237264891846,-0.578427055319707,0.9173133601458542,0.2830961110412968,-0.17675496129383775
20.675124645233154,-14.947424254425707,25.04453685054692,-0.5828570260020531,0.9181622151961036,0.28341976370689587,-0.1757720374050841
20.699990034103394,-14.924482943830922,25.037800429232597,-0.5872163488130101,0.919048702177354,0.28374881947961655,-0.1747915394954878
20.725085020065308,-14.9013432071393,25.030897179256733,-0.5915898414899318,0.9199941117675347,0.28409151873999705,-0.17380359856355027
20.74999690055847,-14.878372723653811,25.02393676308253,-0.5959092367877721,0.920982500019392,0.2844425434747445,-0.1729378465924443
20.775025844573975,-14.85530768660888,25.016839911975836,-0.6002255456037808,0.9220134813537697,0.28480277186623393,-0.17206792081729638
20.80000329017639,-14.832281815900547,25.00964752621053,-0.6045134356703422,0.9230761391971954,0.2851689434475022,-0.17118955086341944
20.825013875961304,-14.809234389169461,25.002340924950264,-0.6087835271063465,0.9241717701513431,0.2855419151395822,-0.17027034773737296
20.84997844696045,-14.78623311719225,24.994941941370087,-0.6130220845939869,0.9252991905838913,0.2859215347024569,-0.16930198508149613
20.875195264816284,-14.762999720434161,24.987359995931534,-0.617278864211994,0.9264713076604385,0.28631243832934145,-0.16828408741502174
20.899953603744507,-14.740192278005324,24.9798114450644,-0.6214344612049885,0.9276495526643145,0.2867021481376482,-0.1674001395151275
20.925073623657227,-14.71707763591175,24.97205468284063,-0.6256236388125116,0.9288693386894024,0.28710272895196937,-0.16647170671273245
20.949976921081543,-14.694119035798087,24.9642443451601,-0.6297616401201084,0.9301088447232179,0.28750712911748705,-0.16554011604694308
20.975044012069702,-14.671031330992276,24.95628385707046,-0.6338996950477447,0.9313844731854813,0.28792089511667274,-0.16460214724605515
21.000032901763916,-14.648019154863544,24.94824365526761,-0.6380009954826698,0.9326810556298379,0.28833932660968775,-0.1636695119005268
21.025003910064697,-14.6250201177405,24.9401027949909,-0.6420781276410042,0.9339985758325525,0.2887626392397031,-0.16284575243960683
21.049978971481323,-14.602021974570306,24.931857238542673,-0.6461345965647146,0.9353338648252215,0.289190008671024,-0.16202123789643885
21.07504367828369,-14.578940286016364,24.92347633804576,-0.6501852673171639,0.9366919617839311,0.28962317327586856,-0.16120276580220336
21.099958658218384,-14.55599632866672,24.91504099943008,-0.6541915645291065,0.9380618815798123,0.2900587273623802,-0.16039710465369292
21.125020503997803,-14.532914292657651,24.906450010225623,-0.6582016422670816,0.9394577945364837,0.29050131281845887,-0.15958026952212068
21.14995527267456,-14.509952666697886,24.897799654294094,-0.6621703342816556,0.9408632894878369,0.2909458235779943,-0.15875670780675147
21.175096035003662,-14.486806095259832,24.888974662511718,-0.6661501014847404,0.9422963247303642,0.29139803735985026,-0.15792064700233582
21.19997501373291,-14.46389103909244,24.880134333936596,-0.6700705449915833,0.9437283271181037,0.29184903102870524,-0.15719154112130931
21.22501850128174,-14.440825994005964,24.87113220441111,-0.6739981644913023,0.9451807330888976,0.29230565500202493,-0.15644790202830083
21.2500741481781,-14.417754649433066,24.862023455632496,-0.677908063042603,0.9466472288148488,0.29276596761933016,-0.15569448453072313
21.27507472038269,-14.394729109670266,24.85282909314776,-0.6817911100284868,0.9481237457030139,0.29322875765873113,-0.1549245407803366
21.301307201385498,-14.370574655248953,24.843072800767956,-0.6858435009032561,0.9496812059294667,0.29371630438084456,-0.15409344102467218
21.325019598007202,-14.348731651094345,24.834152319498383,-0.6894904189248058,0.9510956506291969,0.2941585593825175,-0.15343534420177093
21.350061893463135,-14.325674060159917,24.824635163933902,-0.6933228132158088,0.9525934760134865,0.2946264390327711,-0.1527100404121955
21.37510347366333,-14.302605408861295,24.815010145699862,-0.697138709319291,0.9540974469112845,0.2950958063925513,-0.1519687011323236
21.4001886844635,-14.27950733185127,24.80526949299449,-0.7009407482523433,0.9556084513721987,0.2955669765887444,-0.15121234048251048
21.42506241798401,-14.256610063185786,24.795511616155864,-0.7046908232902783,0.9571104897848322,0.2960349994883828,-0.1504410001707077
21.449974536895752,-14.233656628303569,24.78562815351788,-0.7084306841570674,0.9586204653127409,0.2965051780785273,-0.14964603872770738
21.475100994110107,-14.21052385023324,24.775564687762962,-0.7121810248944419,0.9601449223021777,0.2969795776984277,-0.14893816416613603
21.50000548362732,-14.187584713376506,24.76548372533446,-0.715882334564344,0.9616579316695777,0.29745015554955906,-0.14821648437811422
21.5251681804657,-14.164424541246547,24.75520300091684,-0.7196011477566333,0.9631860316795048,0.297925192478105,-0.14747752353029664
21.549973011016846,-14.141577254989992,24.744960286421957,-0.7232517385765552,0.9646950076702246,0.29839407041705746,-0.1467477955943556
21.57505989074707,-14.118482664792348,24.734505037861528,-0.7269236980426584,0.9662219128050141,0.29886832559060017,-0.146008836400864
21.600048542022705,-14.095481409582947,24.723990612470374,-0.730562602856987,0.9677418223971949,0.29934023354475314,-0.1452649560207271
21.625081062316895,-14.072436215424391,24.71335475369988,-0.7341900398901035,0.9692630402003741,0.29981239045751273,-0.1445093773484948
21.650020360946655,-14.049484258581352,24.702661258556766,-0.7377854780081208,0.9707753650389009,0.3002816457536773,-0.14384425456943004
21.67572593688965,-14.025830684151023,24.691535888094432,-0.7414737533984311,0.9723307608323574,0.30076413392599627,-0.14314525938424008
21.700215816497803,-14.003294926625744,24.680837265845618,-0.7449714052530879,0.9738089114078485,0.30122254341645,-0.14247206358022296
21.72534418106079,-13.980177504633037,24.669762241506444,-0.7485425655523905,0.9753217553717982,0.3016916084905439,-0.14176798124018006
21.7499680519104,-13.957524713083714,24.658811441851476,-0.7520252327505608,0.9767996387724066,0.302149739654643,-0.1410680131168704
21.775063276290894,-13.934446816252917,24.647555139526794,-0.7555571778772252,0.9782955367445514,0.30261337323709553,-0.14043558688931274
21.80000615119934,-13.911511310760085,24.63626838669852,-0.7590521320237444,0.9797718000820712,0.30307084612510843,-0.13979261109523938
21.825026035308838,-13.88851017697712,24.624849408064346,-0.762541646509891,0.9812412995003872,0.30352615524508597,-0.1391391016125627
21.84997820854187,-13.865574359066713,24.613363304930175,-0.7660057792041326,0.9826975101190251,0.3039772844518702,-0.13848503370802132
21.875058889389038,-13.84253749222945,24.601726627711695,-0.7694696249097547,0.9841514785356859,0.30442766191660103,-0.13782628546202805
21.89997148513794,-13.819647101027881,24.590064801374716,-0.7728960489237947,0.9855830897099644,0.30487106414009935,-0.1371715842489653
21.925060987472534,-13.796620505414857,24.57823397360868,-0.7763274844385925,0.987009578267142,0.3053128346779522,-0.13651627638801173
21.94999599456787,-13.773719474173811,24.566368653108054,-0.7797259476867945,0.9884174844311072,0.3057488083890931,-0.13593925307851237
21.9750235080719,-13.750750949802967,24.5543692369605,-0.7831211023462626,0.9898182096390096,0.3061825205404856,-0.13535726761380204
21.999964952468872,-13.727869704563124,24.5423167485358,-0.7864899716316178,0.9911991173326576,0.3066100630536732,-0.1347660880035052
22.025111436843872,-13.70481597695539,24.53007385411668,-0.7898703477920261,0.9925649366906113,0.3070329066097717,-0.1341446785857647
22.05000948905945,-13.681992818357456,24.51785503278731,-0.7932026230883535,0.9938965536253299,0.30744513538037005,-0.13350237183630614
22.07513999938965,-13.658969644691275,24.505430037964434,-0.7965491661753376,0.9952325000645699,0.30785867772867687,-0.132834858696961
22.0999858379364,-13.636215404922822,24.493052471721484,-0.7998425988953538,0.9965443919691528,0.3082647500105247,-0.1322493405972843
22.12497639656067,-13.613340935841263,24.48051164592142,-0.8031401372283752,0.9978506379239572,0.30866905387580906,-0.13164201468540182
22.150001525878906,-13.590449239626606,24.46786319492076,-0.8064264520004174,0.9991448714094945,0.30906962071289834,-0.13101960398085388
22.175065279006958,-13.56753599927463,24.455104541908355,-0.8097017479991838,1.00042691906562,0.3094663988128666,-0.13037650170567622
22.20131015777588,-13.543555721292673,24.44164649330658,-0.8131139789902316,1.0017514609487552,0.3098763124811565,-0.12968327522831133
22.22503089904785,-13.521887087434221,24.429393265670647,-0.8161842449819635,1.002932203608424,0.3102417100814039,-0.12912844307682728
22.249964952468872,-13.499126987494883,24.41642830377152,-0.819396694130698,1.004157558914744,0.3106209019450403,-0.12853223243477432
22.275064945220947,-13.47623257629466,24.40328915436654,-0.8226151873210419,1.005378278437002,0.31099864743872474,-0.1279396266590604
22.300034761428833,-13.453478183523035,24.390133319429985,-0.8258014910968776,1.0065799761319854,0.311370495959696,-0.1273661778904997
22.32749915122986,-13.428452278213728,24.375552475282802,-0.8292920242102347,1.0078678899061995,0.3117690142986546,-0.12675224987487343
22.35003113746643,-13.407940182306056,24.36351425898349,-0.8321426104866971,1.008901426008821,0.3120888129514297,-0.12626716257037143
22.37508535385132,-13.385148674890804,24.350046086167932,-0.8352994731831311,1.0100435605530718,0.31244220684009194,-0.12573961582563373
22.399954557418823,-13.3625374867046,24.33658852544149,-0.8384213361940095,1.0111694807717713,0.3127905761858298,-0.12527510953977308
22.425012588500977,-13.33977851649639,24.32294643769208,-0.8415546149102072,1.0122942592614796,0.313138585485433,-0.12483270134376304
22.450245141983032,-13.316881888121467,24.309123971954016,-0.8446984542026791,1.0134171090035686,0.313485991782989,-0.12441541189255734
22.475043773651123,-13.294385264778855,24.2954472685145,-0.8477796932456491,1.014511502912057,0.3138245883329602,-0.1240165015437977
22.499959230422974,-13.271803936370267,24.281623532695612,-0.8508650754297744,1.0155980402824047,0.3141607493029005,-0.12361662038999142
22.525083780288696,-13.249059132140543,24.267602829483227,-0.8539654118763587,1.016678547775541,0.31449504035556575,-0.12322256297463016
22.54998278617859,-13.22653314370289,24.25362102410834,-0.8570293477305578,1.0177361082861551,0.3148222279882844,-0.12287769277345428
22.57504177093506,-13.203882028823877,24.239465055463633,-0.8601044941271435,1.0187896913212091,0.3151481813345651,-0.1225438354161332
22.599985361099243,-13.181358551426266,24.225292713572255,-0.8631569142301595,1.0198280077456947,0.31546940813768365,-0.12222539835174219
22.625063180923462,-13.158746180793461,24.21096779282199,-0.8662163249625237,1.0208590851126957,0.3157883923457091,-0.12191653967629781
22.65002465248108,-13.136233026284295,24.19660930841811,-0.8692575655343796,1.0218719404255163,0.31610173652882373,-0.12161648623756637
22.675102949142456,-13.113665359041446,24.18211927301234,-0.8723016679063932,1.022871851665373,0.3164110738742411,-0.12132302585828268
22.700080156326294,-13.09118292506297,24.167587369316134,-0.8753303895987282,1.02385399725211,0.3167149129668568,-0.12106598408341443
22.724987983703613,-13.068792507619268,24.15301885703856,-0.8783435101930293,1.0248194150025791,0.3170135750940064,-0.12082154012627477
22.750046253204346,-13.04629630543289,24.138284662718334,-0.881368056111176,1.0257436985710686,0.3172995109198683,-0.12058814578288785
22.775110721588135,-13.023821603494726,24.123467308081082,-0.8843873186569213,1.026629259196926,0.3175734663771644,-0.1203643451189272
22.80000901222229,-13.001513731218532,24.108663511451073,-0.8873824236253772,1.0275030481195258,0.3178437785202165,-0.12017532343926773
22.82511591911316,-12.979052661586891,24.093660633988947,-0.8903978900877516,1.028374390896384,0.3181133325067728,-0.12007104153636738
22.850069284439087,-12.95675304167629,24.078668489601814,-0.8933928226279289,1.0292310649657037,0.318378347362068,-0.11998500357589466
22.875811100006104,-12.9337752070057,24.06311868627449,-0.8964818529226041,1.0301139440518847,0.3186514674678215,-0.12001549635270771
22.900023460388184,-12.912186446526523,24.048414351332685,-0.8993895711096939,1.030938730933948,0.3189066155335245,-0.12014398315180924
22.92508888244629,-12.88986592693057,24.03311466712495,-0.9024038070140713,1.0317749696635157,0.31916530541425214,-0.12035838663132258
22.95003366470337,-12.867680820156693,24.01780944813769,-0.9054098089209343,1.0326020723064058,0.3194211681194135,-0.12064621054244282
22.975090503692627,-12.845426816426313,24.002357412447957,-0.9084370929357597,1.0334388820537415,0.31968003271867057,-0.12100325622366492
23.001919507980347,-12.821629370037014,23.985722725374895,-0.9116882837629262,1.0343380296502132,0.31995818042549734,-0.12136060391865064
23.025094509124756,-12.80113352931089,23.971303203942973,-0.914500346659643,1.0350999276112522,0.32019386989538207,-0.12171450624961166
23.050076007843018,-12.779000205417903,23.955634472527276,-0.9175507552570072,1.0359129658863198,0.3204453788477545,-0.1221365409032832
23.07510781288147,-12.756886547316505,23.939877976535186,-0.9206136211680367,1.0367298485346972,0.3206980763881594,-0.12258913140351146
23.101330757141113,-12.733750330836745,23.92328303532095,-0.9238351218153537,1.0375869760101828,0.32096322281575446,-0.12308142898662457
23.133211374282837,-12.705673577909867,23.902991908675162,-0.9277677037989008,1.0386277712426524,0.3212851849145286,-0.12363433012349387
23.15001630783081,-12.690892629651914,23.892241873171837,-0.9298479956374118,1.0391752786257626,0.3214545517754799,-0.12392153599248579
23.17517876625061,-12.668790914935055,23.876079439308672,-0.9329715086912609,1.0399924374166596,0.32170733279960906,-0.12435162652701028
23.200226306915283,-12.646823545075142,23.85990976114214,-0.9360912614144256,1.040778820950995,0.321950593518183,-0.12476038876541148
23.22511625289917,-12.625029179430527,23.843762518446656,-0.9392011556315216,1.0415160304212059,0.32217864254771833,-0.12514339011055184
23.250011205673218,-12.603262320282798,23.82753038636003,-0.9423213257446528,1.0422417005228608,0.32240312172168656,-0.12549831585748736
23.275055170059204,-12.581402877212335,23.811122362815485,-0.9454688065031048,1.0429833301481202,0.32263253748775167,-0.12585363921092355
23.300041675567627,-12.559632152417041,23.794673529326307,-0.9486172861428595,1.043730885230226,0.3228637859454998,-0.12618476698242356
23.325021982192993,-12.537899727492539,23.778145755724495,-0.9517737236289003,1.0444545864205388,0.32308765529440614,-0.1265098573648517
23.349982023239136,-12.516223286596935,23.761552211489064,-0.9549356477915942,1.0451617976159522,0.3233064234745708,-0.12684026140057775
23.377059936523438,-12.492767851146107,23.743473775605118,-0.9583728967848368,1.045944090850792,0.3235484172192984,-0.12721833925930895
23.400015115737915,-12.47288816136677,23.728050283736916,-0.9612994485498627,1.0466160510630105,0.3237562804692832,-0.12755050237172919
23.424994945526123,-12.451308101900214,23.71120158443924,-0.9644904511199617,1.0473519196457965,0.323983912888644,-0.12791510002258694
23.450007677078247,-12.429741148222407,23.694251847228582,-0.9676940769302406,1.048093110699613,0.32421319159758366,-0.1282555620420663
23.475038051605225,-12.408197578901058,23.677208368512144,-0.970908584922228,1.0488374082420373,0.3244434311247115,-0.12859593216601384
23.501434087753296,-12.385520498908747,23.659145907539706,-0.9743078672567316,1.0496226666840651,0.32468634128797313,-0.12895432391334408
23.525066614151,-12.365268446793483,23.642907992885167,-0.9773572455988776,1.0502885912420583,0.32489233691337044,-0.12926295610231586
23.55003309249878,-12.343889366461777,23.625655831756223,-0.9805902377356985,1.050967116558482,0.32510223037591773,-0.12958175197997343
23.575039386749268,-12.322529779690669,23.60830487719819,-0.9838345936342038,1.0516615045837459,0.3253170306605272,-0.1298984170720489
23.59994912147522,-12.301292168215122,23.590938412770896,-0.9870744391492112,1.0523636875500506,0.32553424211825743,-0.130194142636651
23.62500786781311,-12.27997660161822,23.573392199399986,-0.9903399708167635,1.0530800451635887,0.32575583823883697,-0.13048124833800834
23.650027751922607,-12.258734024294803,23.55578933783452,-0.9936079024333279,1.053803730411245,0.32597970099374945,-0.1307553105934315
23.675071716308594,-12.237514179497513,23.538087853371895,-0.9968858201400373,1.0545315966292224,0.3262048570137488,-0.13102763571980372
23.701358556747437,-12.215289996639946,23.51942145780202,-1.0003334818332417,1.0552395794809823,0.32642386235937376,-0.13130815787350042
23.72511577606201,-12.195246340208165,23.50247391017009,-1.0034557497399619,1.0558445996691719,0.3266110175137897,-0.13154902354613318
23.75005602836609,-12.174248213505345,23.484603670572255,-1.0067396414978094,1.0565017623141841,0.32681430220109264,-0.13178953127281515
23.77760934829712,-12.15110589130827,23.464770197510873,-1.010374013189941,1.0572461225996648,0.3270445602820277,-0.13204620417403126
23.80070972442627,-12.131739956126555,23.448060519682894,-1.0134275666091037,1.057831070518072,0.3272255062258205,-0.1322570214138772
23.825090408325195,-12.111350537056186,23.43035573443153,-1.0166550204118987,1.0583616718713331,0.3273896407947505,-0.13249485140710707
23.850040912628174,-12.090534649813295,23.41216096565699,-1.0199643143708552,1.0588891628256383,0.3275528131819435,-0.13278532642247431
23.882935762405396,-12.063167631023676,23.38805388915314,-1.02433959193786,1.0596438506585126,0.3277862658628337,-0.13325123835948566
23.90011167526245,-12.04890637736593,23.3754067343078,-1.0266309776276248,1.0600580676000086,0.3279143983519034,-0.13347369471342796
23.92526602745056,-12.028074186740342,23.35682690578376,-1.02999263862219,1.0606821507533761,0.32810745013313264,-0.13386583112042588
23.950026512145996,-12.007612407381153,23.33845433677053,-1.0333128423603017,1.0613140271698032,0.3283029126285732,-0.1343128731547552
23.9750235080719,-11.987000176751868,23.319821866665084,-1.036677663042798,1.0619660931485149,0.3285046204707578,-0.1348374177450789
23.999956607818604,-11.966494370142707,23.30115975401916,-1.0400471592470901,1.0626247605607335,0.32870837035780226,-0.13542630363417676
24.025102615356445,-11.945871897608198,23.28226322181454,-1.0434596092532429,1.0632599975140202,0.328904872339833,-0.13605805212041233
24.049972772598267,-11.925519419117316,23.263486314182067,-1.046850932907762,1.0638353996979861,0.32908286524197705,-0.13662612966298512
24.07507061958313,-11.905035591154322,23.244458361110546,-1.0502877230534182,1.0643725537241777,0.32924902659023886,-0.13721860823609286
24.100155115127563,-11.884625376765726,23.22536747019469,-1.0537363255760592,1.064871603478706,0.3294034008934876,-0.1378086824912021
24.12507200241089,-11.864402284149547,23.20632056919362,-1.0571772000843558,1.0652991823841624,0.3295356666599356,-0.138367503095669
24.149972438812256,-11.844248367952888,23.18720730850843,-1.0606296926027523,1.0656365705641875,0.32964003315475193,-0.13888753621744693
24.17513918876648,-11.82395457227502,23.167826956902253,-1.0641293774717564,1.0659013986994548,0.32972195418859757,-0.13937695828205543
24.20534634590149,-11.799661828561062,23.14444774103657,-1.0683485733164138,1.0661392239828833,0.32979552226913944,-0.13990365415481237
24.22538685798645,-11.783600877290107,23.128881685738932,-1.0711555658863237,1.0662578266852556,0.329832210442534,-0.1402243894265676
24.25000238418579,-11.763927865264572,23.10969502133858,-1.0746126436254007,1.0663230041014997,0.3298523722454297,-0.14060326878390955
24.27505588531494,-11.74397781928907,23.090101773703566,-1.0781398319224529,1.0662759933877326,0.32983783018668106,-0.1409792704864324
24.299998998641968,-11.72418571875419,23.070526142158865,-1.0816610042090227,1.066135183374135,0.32979427259734445,-0.14135892752351603
24.325329303741455,-11.704161037690787,23.050579216031405,-1.085246670582187,1.0659149838535558,0.32972615695042073,-0.14176280824488768
24.3499653339386,-11.684755821358323,23.031111948913622,-1.088743773956397,1.0655733458131036,0.3296204759597553,-0.14209897847649292
24.375062227249146,-11.665070366001634,23.01122348076048,-1.0923142152046728,1.065112275885209,0.3294778503521392,-0.1424681569667543
24.399991512298584,-11.645592130084749,22.991403596154296,-1.095871231406601,1.0645912939690974,0.32931669178998135,-0.14288000919921054
24.42506742477417,-11.626092492720401,22.971419653944945,-1.0994581760412052,1.063994018446711,0.3291319328455869,-0.14335633588218846
24.450001001358032,-11.606766449137647,22.951471048103834,-1.1030411610358835,1.0633161165161378,0.32892223322616815,-0.14389834080993805
24.475043773651123,-11.587450798549172,22.931389153826824,-1.1066507356747441,1.0625451214715316,0.32868373652809163,-0.14437058704445413
24.499980449676514,-11.568302007692585,22.911336419723394,-1.1102578973577288,1.0617043321198167,0.32842364991723727,-0.14490438467902678
24.525090217590332,-11.549114810004717,22.891097029013512,-1.1139037583024751,1.0608015105597761,0.3281443744927386,-0.14554017512679984
24.550019025802612,-11.530151302156579,22.87094712122569,-1.1175426567585425,1.0598299384712622,0.3278438320344438,-0.1463823565620771
24.575048446655273,-11.511203455975892,22.85066571297072,-1.1212210163627052,1.0587634824803154,0.3275139385425653,-0.1475170186973699
24.59997820854187,-11.492425617590479,22.830417168408157,-1.1249158885435704,1.057625869529554,0.3271620336208715,-0.14888833289590633
24.62506365776062,-11.473645212791448,22.810014051521314,-1.1286664440290135,1.0563969927745178,0.32678189749356595,-0.15039812924579501
24.65005087852478,-11.455007353028384,22.789612200507154,-1.1324438975120659,1.0550828848088973,0.3263753962606506,-0.15173198403564145
24.675060987472534,-11.436466102409337,22.769160788466962,-1.1362561906320086,1.053696746861341,0.32594661354103005,-0.1531076606980226
24.6999933719635,-11.418084410831288,22.748728923248937,-1.1400906575961798,1.052250940537521,0.3254993732276841,-0.15444639162009804
24.72626829147339,-11.39883077194268,22.727156896071907,-1.1441657662918785,1.0506446880751674,0.3250025011049776,-0.15578210013681548
24.749972343444824,-11.381558398770153,22.7076524465518,-1.1478721333403332,1.049118027398906,0.32453024960589283,-0.15690033916185428
24.775046586990356,-11.36339648404176,22.6869846771937,-1.1518201731093893,1.0474393846486285,0.3240109845397186,-0.1580044629853232
24.799989223480225,-11.345440699251204,22.66638793572743,-1.1557731873230686,1.0457152925667237,0.3234776603463141,-0.1589651794005242
24.82501482963562,-11.3275372638682,22.64568583489678,-1.1597626220948272,1.043957610934177,0.3229339456861505,-0.15986493850064784
24.849984169006348,-11.309785334869416,22.624992362524033,-1.1637653113156254,1.0421566338439527,0.3223768381702466,-0.16071439660397063
24.87504267692566,-11.292087192088111,22.604192964325744,-1.1678031235530315,1.0402734869021348,0.321794312538974,-0.16156783158297344
24.899969577789307,-11.274597264715931,22.583469288426656,-1.1718419787760204,1.0383381110499226,0.32119563061118755,-0.1624892411885443
24.92508101463318,-11.257097695781718,22.56256236688837,-1.1759319916202025,1.0363228587952704,0.32057224001514323,-0.16328902035665604
24.951248168945312,-11.238991107932959,22.540745291913076,-1.1802166435475503,1.0341543250750695,0.31990143390314235,-0.16423648215235376
24.97503924369812,-11.222636732348926,22.520874182488317,-1.1841361717341938,1.0321332988735195,0.3192762572148712,-0.16516895426062145
24.999982595443726,-11.205613029804983,22.50001927593954,-1.1882687326302284,1.0299168308143027,0.3185906232726135,-0.16616913263369038
25.02511763572693,-11.18858740425548,22.478983968514694,-1.1924570083618404,1.0275922082932505,0.3178715332330358,-0.16714818685269364
25.049965858459473,-11.17187763982822,22.45816166632168,-1.1966218697941535,1.0252577931534197,0.3171494139810271,-0.1680647130397514
25.075064182281494,-11.155128443115686,22.437109838662384,-1.2008504180043322,1.0228192937975555,0.3163950977063855,-0.16890886521648232
25.099966049194336,-11.138634140591897,22.41619775166726,-1.2050662720726297,1.0202906382581511,0.31561289285460553,-0.16960836858318723
25.125011205673218,-11.122181670083945,22.39515601888673,-1.2093213634069915,1.0176626765055912,0.31479996898977824,-0.1702258263170405
25.14995527267456,-11.105923896523413,22.374179995739357,-1.2135745033812764,1.0149903781023246,0.31397333019091095,-0.17075787942265688
25.175044298171997,-11.089712970612636,22.353078912386458,-1.2178625140766854,1.0122280759140718,0.3131188499573965,-0.17119540251295423
25.200000762939453,-11.07371242425186,22.33206599904616,-1.2221397126877223,1.0093778679831995,0.3122371772898182,-0.17149939941373962
25.225085020065308,-11.057771044450055,22.310943361741998,-1.2264435464998955,1.006451432715276,0.3113319247425398,-0.17167250192290381
25.25002098083496,-11.042056846067185,22.28993476080617,-1.2307262340630407,1.0035091786521604,0.31042177886813105,-0.1717734964851256
25.27524471282959,-11.026302752900236,22.26868256057862,-1.235058900339373,1.0005076914030653,0.30949331002123515,-0.17178251918268383
25.300076723098755,-11.010927618362343,22.247754090895306,-1.239324672354288,0.997489243847745,0.30855959473646705,-0.1717578488056969
25.326061010360718,-10.99498649925258,22.225855542663382,-1.2437881314881587,0.9942367775820612,0.3075534889783847,-0.17179576075255468
25.34999179840088,-10.980437167538119,22.205687713720398,-1.2479013891806414,0.9911815789607495,0.3066084052559873,-0.17194980916406297
25.375068187713623,-10.965330471061927,22.184560217133477,-1.2522166906191254,0.9879390569872404,0.30560537562787016,-0.17224769617044192
25.39999032020569,-10.950454159825062,22.16356444273733,-1.2565123236500912,0.9846829108544057,0.3045981315531448,-0.17245333225757487
25.425122499465942,-10.935594889395585,22.142399634066535,-1.2608505159882342,0.9813740298341738,0.3035745746653768,-0.17278260462349457
25.450045108795166,-10.920999024595423,22.121417637390447,-1.2651620331028235,0.9780864461747502,0.30255760582353836,-0.17320275710053637
25.47506022453308,-10.90648968712074,22.100366391018976,-1.2695008101201943,0.9747969141496566,0.3015400342814912,-0.17369719562372976
25.499982357025146,-10.892172519985104,22.079399923572687,-1.2738367171574487,0.9714908989905902,0.3005173639083312,-0.17423320506913506
25.525076389312744,-10.877900428693765,22.05830265930069,-1.2782154938565171,0.9681498785838519,0.29948386514263986,-0.17479832865635217
25.549991607666016,-10.86386656368401,22.03736092387864,-1.2825767501779108,0.9648632690443254,0.29846719763121554,-0.17525046092600738
25.575254678726196,-10.849781570504375,22.01614173431798,-1.2870097091971324,0.9615580527388861,0.2974447743723308,-0.17573132876543962
25.607768058776855,-10.831861200819674,21.988844770034394,-1.2927325051581944,0.9572530162032661,0.2961130704601572,-0.1762736394583302
25.625056982040405,-10.822437674298913,21.97435231484464,-1.295778610929513,0.9549223002881233,0.29539209550981366,-0.1764223403725304
25.649984121322632,-10.808947864225765,21.95343633522881,-1.3001795953543114,0.9515163355810253,0.2943385071167928,-0.17644443607528992
25.675047636032104,-10.79553522347327,21.93243722570619,-1.3045998627059916,0.9480572646832188,0.2932684910531896,-0.1762916158713555
25.700010061264038,-10.782316789992443,21.91153962223173,-1.3089980405331885,0.9445864336944728,0.2921948371669827,-0.1760861419929776
25.72642993927002,-10.768480095196344,21.889443991894336,-1.3136460793377078,0.9408927473826639,0.2910522460480138,-0.17578588399017941
25.74996542930603,-10.756283752901718,21.869776329315783,-1.3177809191509986,0.9375466725177437,0.29001718375484636,-0.17552490356501757
25.77506136894226,-10.743425846321955,21.8488429237207,-1.3221809569762333,0.9339285537772584,0.28889796842592397,-0.17533393379241388
25.799933195114136,-10.730809554754043,21.828099658593647,-1.326543461986321,0.930332178232564,0.2877854790559095,-0.17530486268446174
25.825056791305542,-10.718221310662525,21.80719671602451,-1.3309472656166181,0.9267141430461896,0.28666628957327445,-0.17551913121438564
25.849992036819458,-10.705848796550672,21.78644628452095,-1.335328666169861,0.9231379211959527,0.2855600344717566,-0.17564667135913464
25.87504291534424,-10.693567050399748,21.765640853349844,-1.3397339216904696,0.9195664133491008,0.2844552375824172,-0.1760520926938662
25.900364875793457,-10.68129417613842,21.744638222814004,-1.3441999855152613,0.9159676964873926,0.28334202395810193,-0.17669658266736502
25.925015687942505,-10.66948199686179,21.724217508096284,-1.3485658666348257,0.9124311392164768,0.2822480385492797,-0.1774951440431571
25.950003385543823,-10.65764731652896,21.703548309366894,-1.3530128738661265,0.9087943634923584,0.2811230519386862,-0.17844367203081432
25.975136756896973,-10.645887584575982,21.682795355946183,-1.3575091205209247,0.9051087954971582,0.2799829721093018,-0.1794530759177654
26.000123500823975,-10.634331751064657,21.662186765162918,-1.3620039058669011,0.9014262188071622,0.2788438175990825,-0.18028082544797086
26.025171279907227,-10.622890822066093,21.641565648126367,-1.3665284060663043,0.8977251060610955,0.2776989292145476,-0.1810399563907415
26.050007820129395,-10.611678928875925,21.621140486232125,-1.3710339680579084,0.8940071978861223,0.27654884539479874,-0.181625223168693
26.07513165473938,-10.6004867076893,21.600530053915104,-1.375600940243475,0.8901795419683571,0.27536481261845364,-0.18204409313271963
26.09999680519104,-10.58954418182262,21.580159001044716,-1.3801315262923306,0.8863443744316797,0.27417845622598247,-0.18229380711775844
26.125121355056763,-10.578632468596204,21.559621412775996,-1.3847118414156796,0.8824455918889019,0.2729724214052708,-0.18235248590440786
26.15006136894226,-10.567939477146918,21.539271870803983,-1.3892596408950737,0.8785613995683732,0.27177089986937714,-0.1823215940694858
26.175130367279053,-10.557333327371849,21.51886221129451,-1.3938271967984637,0.87462076782082,0.27055191957205715,-0.1821024204898542
26.19997525215149,-10.546958104059172,21.498673230891317,-1.398347613276285,0.8706403229587387,0.2693206236346805,-0.1817091295119354
26.22502875328064,-10.53663724122249,21.478364082868175,-1.4028933613251868,0.866556363212795,0.26805730678999645,-0.18113581329926973
26.249999046325684,-10.526492637465834,21.458175859170332,-1.4074070224995725,0.862424558683796,0.26677918981893123,-0.18041879423598303
26.275068759918213,-10.516448007534558,21.437959678568316,-1.411919628838982,0.8582144868038539,0.26547686191803394,-0.17962099371541887
26.299900770187378,-10.506634273025371,21.41798403552011,-1.4163706313054867,0.8540034439365976,0.2641742336555475,-0.17881382489472208
26.325507879257202,-10.496717377315957,21.39756696751287,-1.4209119507247003,0.8496653962252273,0.26283231818924024,-0.17798365429287807
26.350043773651123,-10.487237384522054,21.377825725193343,-1.4252956741112608,0.8454279237531539,0.2615215142915722,-0.17719444706483886
26.375068187713623,-10.477763132134267,21.357871717829198,-1.4297197935460744,0.8410884871416242,0.26017916918807693,-0.17638292048524729
26.399993419647217,-10.468462574141792,21.33805874789247,-1.4341055443504322,0.8367370788206531,0.2588331208007239,-0.17553517804495464
26.424989938735962,-10.459269505863844,21.318249578485045,-1.438483038356771,0.8323395076963503,0.2574727925843126,-0.1746713020046347
26.449997186660767,-10.450209436658966,21.29850160733428,-1.4428390336382608,0.8278992019702132,0.256099245005882,-0.1737456628160042
26.47508430480957,-10.44125538578472,21.278758520739885,-1.4471849113242952,0.8234194662190377,0.25471350029086803,-0.1727671088753051
26.49995708465576,-10.432507618616247,21.259246851267992,-1.4514704297976535,0.8189657415049106,0.2533358017328418,-0.17178513169053192
26.52505111694336,-10.423819259828312,21.239642778224475,-1.4557669188608637,0.8144776603365242,0.2519474754776556,-0.1708037663469206
26.549959659576416,-10.415316908500058,21.220235088887758,-1.4600112975974084,0.8100034669998082,0.2505634452324142,-0.16981926743384262
26.575053691864014,-10.406885577028387,21.200764971366752,-1.4642601668214121,0.8054624127863999,0.2491587324934572,-0.16881036715272804
26.599974632263184,-10.398641028029138,21.18150360216196,-1.4684545062066552,0.8009352684795951,0.24775832259302238,-0.16781063437852559
26.62500762939453,-10.390486045418074,21.162228550842627,-1.4726432061512011,0.7963928736141289,0.24635319514176707,-0.16681885978590186
26.649972677230835,-10.382478989225245,21.14308098055016,-1.4767962884794688,0.7918769497690868,0.2449562561370384,-0.1658631851622224
26.675046682357788,-10.374564386426806,21.12393162631254,-1.48094280338509,0.7873325275731403,0.24355050155894817,-0.16493735521874187
26.70003628730774,-10.366798591888486,21.104920344277364,-1.4850536587903578,0.7827860945100362,0.24214412494672627,-0.16405610582420754
26.72507333755493,-10.35914766767231,21.085968581509952,-1.4891465178168535,0.7782034934613979,0.2407265602650305,-0.16315996503090868
26.750232219696045,-10.351569592195904,21.06697354466097,-1.4932444592786682,0.7735386956447599,0.23928356914231771,-0.1623139699246192
26.77498483657837,-10.344240398485416,21.048383790486792,-1.4972526527870247,0.7689257999481055,0.23785663322742512,-0.1615474119845762
26.79998254776001,-10.336959100119223,21.029695786671866,-1.5012814257703662,0.7642672933999106,0.2364155882221794,-0.16082622808294159
26.825481414794922,-10.329654274518317,21.010720006085457,-1.5053728351708167,0.7594966152506185,0.2349398444730723,-0.16011573659031517
26.850014686584473,-10.322740387345112,20.99254291551826,-1.5092932433251904,0.7548814322085625,0.23351220099930098,-0.15943698845949722
26.875067234039307,-10.315798224883077,20.974072087311406,-1.5132787773074574,0.7501771174600022,0.23205698585655388,-0.15876569343538363
26.899975299835205,-10.309009952393549,20.95579087707365,-1.5172251698334736,0.7455167708226594,0.23061537164500742,-0.15806840630421376
26.92544412612915,-10.302187883903766,20.937192054879645,-1.5212424345112654,0.7407806113124061,0.22915030576269224,-0.1574193768580985
26.95005774497986,-10.295706593403146,20.91930447992274,-1.5251100813111145,0.73620750831297,0.22773567917203727,-0.15686893212097108
26.975102424621582,-10.289222779385438,20.90118995655453,-1.5290328768597312,0.7315441732123249,0.22629314052042127,-0.15637752132036006
27.000012159347534,-10.282883969708818,20.883260093923372,-1.5329233664085868,0.7269260840717481,0.22486459808499362,-0.15593766093562925
27.02505397796631,-10.276626078604806,20.865337336554372,-1.5368209865831999,0.7223310707802045,0.2234431938464638,-0.15552247960131516
27.049976587295532,-10.270499114984299,20.8475680280335,-1.5406935358954652,0.7178004347597414,0.22204170383237087,-0.15505971691591128
27.07500410079956,-10.264458364993104,20.82982604693737,-1.5445679181690257,0.7132646463109604,0.22063861998535828,-0.15459954887973465
27.100020170211792,-10.258525759156923,20.812178251939113,-1.5484295757504094,0.7087267615577738,0.2192348876753754,-0.15412628417882795
27.12527561187744,-10.252643589711347,20.794453443290063,-1.5523157967440937,0.7041628903614728,0.2178231168161993,-0.15363135131249236
27.1499924659729,-10.246989047828857,20.777193173202892,-1.5561072870646244,0.6997072495240083,0.21644482553173322,-0.15312518118912033
27.17504858970642,-10.241360974529325,20.75978981942925,-1.5599369549130935,0.6951925300234848,0.2150482590744328,-0.15258813933638088
27.20000123977661,-10.235857740233532,20.742548103283593,-1.5637370834894515,0.6907124267332628,0.21366240066625486,-0.15200975466742095
27.229418992996216,-10.229498038079164,20.722335198599215,-1.5681990790149718,0.6854849613751897,0.21204535606914557,-0.15132680678310295
27.25011658668518,-10.225105892978979,20.708188420810334,-1.5713265951212536,0.6818324891714262,0.21091551396812303,-0.1508569979840857
27.27506113052368,-10.219903148579776,20.69122482319839,-1.5750825676096871,0.6774512563447503,0.20956023977962687,-0.15032915631875315
27.300029516220093,-10.214792912145194,20.674337138055595,-1.5788287433080699,0.673112753941358,0.20821818366057157,-0.14982880183236885
27.325059413909912,-10.209765036853229,20.65749437186321,-1.5825717698862327,0.6688133856481142,0.20688823314089247,-0.14928999370113843
27.349990129470825,-10.204848214404409,20.64079663253604,-1.5862889924873504,0.6645756558646058,0.20557734964745158,-0.14876998256484947
27.375059843063354,-10.200000762709797,20.624105596311633,-1.5900113474823685,0.6603759254127036,0.20427822072523372,-0.14825489126486727
27.400207042694092,-10.19522944465002,20.607445417319788,-1.593733556521949,0.65621971979465,0.20299255561245197,-0.14774943195084225
27.425119400024414,-10.190593877452041,20.59103011875455,-1.597408075134858,0.6521624186397466,0.20173748523666254,-0.14728151259985814
27.449986934661865,-10.186053910906429,20.574725044229098,-1.6010656082463341,0.648173221293541,0.20050348183852945,-0.14685478826975767
27.475120067596436,-10.18155467174541,20.558333605965778,-1.6047501760147207,0.6441955244599163,0.19927303596597687,-0.14638608212110193
27.499977111816406,-10.177189585934006,20.54219985469662,-1.608384068194859,0.6403045151944323,0.19806940570177292,-0.14594328955293653
27.524986028671265,-10.172883639505843,20.526051813925367,-1.6120284784455607,0.6364315794849226,0.19687136624382728,-0.1454870538300293
27.550081253051758,-10.168647664730733,20.509930379540222,-1.6156735249153364,0.6325850065100573,0.19568148173569036,-0.14499013018756404
27.57508111000061,-10.164512251900062,20.493955883829656,-1.6192906825312336,0.6288009020614345,0.19451092100799577,-0.14444090368899368
27.60003113746643,-10.160466354876117,20.478091566241634,-1.6228862132207156,0.6250886230288425,0.19336257848606098,-0.1438032434062291
27.625129222869873,-10.156477410280612,20.462212215640452,-1.6264849532932655,0.6214218419765793,0.1922283101393202,-0.14299025005842708
27.650066375732422,-10.152593041605366,20.44651168528858,-1.6300407177695546,0.617833772614499,0.19111839017264917,-0.14219201301448042
27.67548632621765,-10.148714254477682,20.430589520494117,-1.6336413573007047,0.6142354011860034,0.19000528340325537,-0.14116750888327137
27.70003890991211,-10.145040896951587,20.41527594120598,-1.637094764934529,0.6108171462056817,0.18894789318278535,-0.14003669454840428
27.72515630722046,-10.141360368156677,20.3996937634969,-1.6405961887658758,0.607333212117383,0.1878701860325181,-0.1388149232649454
27.750036239624023,-10.13778758782007,20.38432963077723,-1.6440352509270724,0.6038675252735568,0.18679812341666,-0.1375972030780315
27.775068759918213,-10.134266927527593,20.36895041666208,-1.6474647124176165,0.6003933951513024,0.18572344898860824,-0.13641216641167453
27.8000168800354,-10.130829872672281,20.35369753674514,-1.6508540509127023,0.5969497143530907,0.18465819364065672,-0.13527612760021976
27.82501530647278,-10.127457286628893,20.338491359371865,-1.6542223385167576,0.5935023291619967,0.18359179238965553,-0.1341986432313971
27.850172996520996,-10.124134907427207,20.323269400836534,-1.657584971824739,0.5900366322063012,0.18251972664582958,-0.13318203028295447
27.87508797645569,-10.120912763170171,20.308266727691443,-1.66089183450656,0.5866336441639546,0.18146705904289515,-0.13225047650646132
27.900042057037354,-10.11775388136172,20.293318653321066,-1.6641812783259091,0.5832796144393347,0.18042953602299297,-0.13141155051417167
27.92517924308777,-10.114639445290464,20.278337321895368,-1.667474673953757,0.5799328933184221,0.17939427381924697,-0.1306532010952024
27.950034141540527,-10.111624800526403,20.26359455155418,-1.6707133420496842,0.5766259458800194,0.1783713150578012,-0.129904306682517
27.974996328353882,-10.108662317172497,20.248864138353103,-1.6739477449456168,0.5733221468445581,0.17734933021155472,-0.12920965557788852
28.00019598007202,-10.105737123686781,20.23407127410707,-1.6771953336142382,0.5700382927993046,0.17633351507403816,-0.12854464103438235
28.0251407623291,-10.102905530125916,20.219505242810733,-1.68039294062559,0.5668133432181944,0.1753359212233143,-0.12788963503550035
28.05008101463318,-10.10013601090164,20.205011903422275,-1.6835741610606025,0.5635915092657613,0.1743392911495213,-0.12721291486647301
28.07543969154358,-10.097383254422823,20.190352057676318,-1.6867908963781761,0.5603673183039765,0.17334193196726433,-0.12650730678938077
28.100042819976807,-10.094771336477388,20.176195697079702,-1.6898958382398026,0.5573054427152642,0.17239478281588771,-0.12583543708693598
28.125092267990112,-10.092175901493553,20.16187831687456,-1.6930345106283278,0.5542182978011106,0.17143981694581892,-0.12513553987903
28.150108337402344,-10.08963572742231,20.147611312990396,-1.696160037694339,0.5511382597506697,0.17048704948641025,-0.12441566257999727
28.175119638442993,-10.087157427107867,20.133436169117164,-1.699262801592828,0.5481232287749792,0.1695543910725521,-0.12368491368889524
28.200066089630127,-10.08474224099149,20.119365901291367,-1.7023394216377377,0.5452109738900951,0.16865352503051595,-0.12295450066313529
28.225131511688232,-10.082372035479912,20.105298424668153,-1.705411713142197,0.5423444869783626,0.16776681668224455,-0.12221296012353064
28.250056743621826,-10.080069619786892,20.09137379519805,-1.7084490083270245,0.5395119642377231,0.1668906146837238,-0.12148932932050005
28.275116682052612,-10.077809636871994,20.07744314438348,-1.7114836462870238,0.5366959781239415,0.16601952806355247,-0.12074424240969346
28.300102472305298,-10.075609631618974,20.063618117620194,-1.7144906579778083,0.5339660778820035,0.165175070925246,-0.11998846887929127
28.325140714645386,-10.073456456849954,20.04982068374753,-1.717486194467669,0.5313408878043465,0.16436300443782195,-0.11921647603044559
28.349977731704712,-10.071371605638868,20.036195221587604,-1.7204379789470374,0.528812424593774,0.1635808590779617,-0.11842424939748329
28.37505054473877,-10.069317991799197,20.02250339075205,-1.7233966588325242,0.5263126834790923,0.1628075985039004,-0.11759845172105993
28.39999485015869,-10.067324421011891,20.00894006678867,-1.7263199941998104,0.5238807613243056,0.16205531679343124,-0.11681618926934974
28.424987077713013,-10.065375218320286,19.995404320652703,-1.7292298191741642,0.521503253249471,0.1613198673310912,-0.11601857153632812
28.450060606002808,-10.063468052198814,19.981882229321865,-1.732128543840309,0.5192118484077822,0.16061105272109635,-0.11522095105277746
28.475104331970215,-10.061609966213092,19.968427321277694,-1.7350042574073956,0.5170406945722015,0.15993943610791345,-0.1144323218083426
28.499967575073242,-10.059810720722531,19.955118133873743,-1.7378399222647218,0.5150169310001242,0.15931341264799687,-0.11366432706246701
28.5250723361969,-10.058039224900854,19.941727912078516,-1.7406836400680874,0.5131176105357905,0.15872588395394482,-0.11291756120996624
28.550009965896606,-10.056323130362767,19.92846843219151,-1.7434908006184222,0.511356414366803,0.1581810821131993,-0.11223592466809483
28.575124979019165,-10.054637941611137,19.915154062677555,-1.7463011908964814,0.509696890224141,0.15766773111709553,-0.11157820755104125
28.599977731704712,-10.053011622438477,19.90201073572648,-1.749067351026175,0.5081910527137559,0.1572019209694428,-0.11096611361163047
28.62513494491577,-10.05140773914525,19.88874682720776,-1.751850933237619,0.5068191102221032,0.1567775294064751,-0.11039168362543082
28.649983644485474,-10.049862955662626,19.87566886980982,-1.754587989914947,0.5056046729454367,0.1564018599180624,-0.10987119330300778
28.675055503845215,-10.048344220017958,19.862501509235877,-1.75733670830189,0.5045192564002319,0.15606610122052722,-0.10939932952834974
28.70035219192505,-10.046851638684322,19.84924000677133,-1.760098499749902,0.5035488413012963,0.15576591664058273,-0.10897338595432653
28.725056409835815,-10.045433192851482,19.836320743294724,-1.7627832417630067,0.502728315397007,0.15551209822392492,-0.10860922369852409
28.75009059906006,-10.044030780349681,19.82322149591291,-1.7655001590525878,0.5020398559480286,0.15529913275097723,-0.10829341199371424
28.775858402252197,-10.04262691037138,19.809758691745824,-1.768287537438389,0.5014777865622305,0.15512526430781254,-0.1080185574214885
28.80001139640808,-10.041346302552485,19.797148343089603,-1.7708942442845694,0.5010984336054751,0.15500791668193653,-0.10780465247596528
28.825069665908813,-10.040055114408755,19.784089475187386,-1.7735896881368456,0.5008829194819944,0.15494125034842612,-0.10762991604283949
28.850071668624878,-10.038799138826098,19.771027480223584,-1.776282005027722,0.5008349742384847,0.15492641914598596,-0.10750313738374068
28.875123262405396,-10.0375770533779,19.757948438870518,-1.7789743327160161,0.5009299218426054,0.15495578988299427,-0.10741530223987568
28.900065422058105,-10.036395437720195,19.744925116386508,-1.7816519483401665,0.50117942649157,0.15503297071862407,-0.10737010662674522
28.92516303062439,-10.035240255351452,19.73180145553213,-1.7843471635893926,0.5015954472311889,0.1551616610194115,-0.10736812743524277
28.950076818466187,-10.034127578905858,19.718759832319275,-1.7870227312813405,0.5021673512989548,0.15533857168634072,-0.10740697464512829
28.978952169418335,-10.032879978048642,19.703620488830598,-1.7901253647615039,0.5030196888300735,0.15560223059275144,-0.10749677672170724
29.00003695487976,-10.031997203762874,19.69254499289859,-1.7923930530331795,0.503749579319833,0.15582801218901293,-0.1075923481823821
29.02508783340454,-10.03097957152264,19.679364554264538,-1.7950895127505613,0.5047177981400393,0.1561275173803035,-0.10772486817138463
29.05018138885498,-10.02999368238508,19.666129618921733,-1.797794647683423,0.5058209510471668,0.15646876257774928,-0.10788163525646773
29.075150966644287,-10.02904601114265,19.652926508616883,-1.800490715866384,0.507064579732255,0.15685346202734524,-0.10806304892904973
29.100011110305786,-10.028135395598461,19.639742587122942,-1.8031803837090918,0.5084305605953301,0.15727600944240933,-0.10827942190911242
29.125096082687378,-10.02725031998439,19.62640375502709,-1.805899780297561,0.5099411247311498,0.15774328170670904,-0.10856614207038294
29.15002989768982,-10.026403827582032,19.61309970019551,-1.8086107775127223,0.5115686778840175,0.15824674291631594,-0.10888100112254695
29.175090551376343,-10.025586828814864,19.59968296828912,-1.8113441453465626,0.5133090238369993,0.15878509502916635,-0.10927301899249196
29.200531721115112,-10.024807837125834,19.586287401384464,-1.814073705388855,0.5151518395140243,0.15935514474348927,-0.10971978912000208
29.22515368461609,-10.024056909582367,19.572732217746715,-1.8168366920413004,0.5171247522273876,0.15996543818881767,-0.11019158995099587
29.249982357025146,-10.023348844470748,19.559280376597844,-1.819579028680592,0.5191730872909132,0.16059906250206715,-0.11064262271984814
29.27503514289856,-10.02266929384479,19.545653911834478,-1.822356196102754,0.5213253789038111,0.1612648443457797,-0.1110566705197827
29.29998278617859,-10.022027608885624,19.532026214108406,-1.8251321790694537,0.5235388302356203,0.16194954510836623,-0.11148770582267567
29.32500910758972,-10.021419409927043,19.518295735728934,-1.827926819275799,0.5258173306573141,0.16265436791330787,-0.111859582712563
29.35005259513855,-10.020846736884597,19.504493170911886,-1.830731945357181,0.5281614938114071,0.16337950258248665,-0.11216410232157678
29.375065088272095,-10.020311068083117,19.49064405540683,-1.8335402680595432,0.5305685126070799,0.16412408078091956,-0.11239375940713033
29.399991750717163,-10.019813640187765,19.476776070744144,-1.8363440394165007,0.5330388100445848,0.16488823335792366,-0.11254992248422291
29.425076723098755,-10.019350236440381,19.462755331979498,-1.8391682144863268,0.5355978746213157,0.16567984483002401,-0.11264359690445899
29.45004892349243,-10.018926191770985,19.448727654979606,-1.841982897870031,0.5382029413264969,0.16648568642861408,-0.11278627174166667
29.477386713027954,-10.018505162774954,19.433292282231644,-1.8450671684772004,0.5411058320954488,0.16738365581002454,-0.11287722197013872
29.50008225440979,-10.018190330056102,19.42041701633511,-1.847628406958699,0.5435623510768208,0.16814354621090316,-0.11291194572442945
29.525030612945557,-10.01788058481998,19.4061831332559,-1.8504464696634007,0.5463176086107381,0.16899584727914194,-0.11289890271940851
29.550013303756714,-10.01760931286037,19.39186100268998,-1.8532665871522913,0.5491155677675998,0.16986135750783235,-0.11284139054628026
29.575066566467285,-10.017376673718942,19.377426416721285,-1.8560925995835604,0.5519505016479759,0.17073830535930798,-0.11277371042807868
29.599979400634766,-10.017184769700334,19.362995887600572,-1.858902255764884,0.5547918695168058,0.17161724347672602,-0.11276479273338273
29.624983549118042,-10.0170321612752,19.34843858821808,-1.8617223516426182,0.5576808771012353,0.17251091828572232,-0.11280987725274667
29.650026559829712,-10.016919894191355,19.333781975486158,-1.8645490593811551,0.5606278484873147,0.17342252340049127,-0.11294557731658861
29.675147771835327,-10.01684856636685,19.31900500095952,-1.8673881008532611,0.563628335746133,0.17435068291532685,-0.11314819044262284
29.699979543685913,-10.016819167346004,19.304311109818716,-1.8702015040667292,0.566627518319965,0.1752784388437848,-0.11337533374615208
29.725095987319946,-10.016831577404217,19.289376345452435,-1.873051461947345,0.5696956824293301,0.17622753326263785,-0.11360277944596492
29.749979257583618,-10.016886201275556,19.27449660471383,-1.8758817844043558,0.57277559467049,0.1771802618046737,-0.11386780135270072
29.775127410888672,-10.016984764157074,19.259378612571314,-1.8787482546088012,0.5759183691305565,0.1781524359105693,-0.11410897668938824
29.8000168800354,-10.017125769432376,19.24433661274389,-1.8815903261705498,0.5790869186442154,0.17913258317521338,-0.11431220384863043
29.825153827667236,-10.017312651542797,19.229059909340187,-1.8844653874086423,0.5823451204332925,0.18014046313967527,-0.1144691199564997
29.850001573562622,-10.017541958082678,19.213868510858795,-1.8873117685961782,0.5855908572573222,0.1811444872384351,-0.11456834296841188
29.875089406967163,-10.017818812135578,19.198450058758304,-1.8901866131315133,0.5888831295274699,0.18216290643817878,-0.11461784241574138
29.900036573410034,-10.018139872586106,19.183032784706803,-1.8930472541223404,0.5921688058401519,0.18317928526909127,-0.11471817093514566
29.925065517425537,-10.018507994345748,19.167494439190794,-1.895916494372051,0.595491836783895,0.1842072192419697,-0.11477731323587442
29.949984073638916,-10.018921972204163,19.151907551067435,-1.8987798473649096,0.5988487791384843,0.18524564324394122,-0.11480154891065135
29.97508192062378,-10.019386092506545,19.136139257238668,-1.9016606019849442,0.6023075850851328,0.18631557734878257,-0.11479968101068254
30.00002098083496,-10.019895344664986,19.120377059585856,-1.904523665575524,0.6058514845235444,0.18741183395634356,-0.11479024307932637
30.025070667266846,-10.020455173653483,19.104463793036633,-1.9073971359077573,0.6094698552439762,0.18853112723196103,-0.11477749834695172
30.05145001411438,-10.021098841708206,19.087585447838453,-1.9104271170765665,0.6133161629758401,0.18972092969081933,-0.11482987307999207
30.075079917907715,-10.021722327367293,19.07238296169396,-1.9131413847873215,0.6167802636535139,0.1907925016479679,-0.11486625369059221
30.09995675086975,-10.022427466762005,19.0562852297459,-1.915999838013896,0.6204889392679617,0.1919397295020012,-0.11488365925387835
30.125077724456787,-10.023190492410306,19.039939873250045,-1.9188850665803103,0.6243266651546926,0.19312687728495925,-0.11486812943337656
30.15000295639038,-10.023999281695374,19.02362111922969,-1.921747244396051,0.628197873209948,0.1943243823167948,-0.11480154014383297
30.175055265426636,-10.024864605838536,19.007119201463187,-1.9246214837732107,0.6321270982761134,0.1955398341139566,-0.11466268589419429
30.199987411499023,-10.025778626157171,18.990594450091894,-1.9274797552400422,0.6360676284181519,0.19675878298103822,-0.11459909072218002
30.225023984909058,-10.02674988684699,18.97390160816549,-1.930346693838841,0.6400887807365635,0.19800267121084753,-0.11443395938770645
30.2500901222229,-10.027776697233305,18.957085359292304,-1.9332115829161476,0.6441806623550949,0.1992684385780172,-0.11416079819772464
30.27734637260437,-10.028955753284139,18.938679430840008,-1.9363178356677042,0.6487123966654839,0.20067026833301202,-0.11376352880767253
30.30001425743103,-10.029986406647122,18.923275918026555,-1.9388922339416372,0.6525642440865024,0.2018617844186098,-0.11337730087889368
30.325090408325195,-10.031180178676196,18.906131376976727,-1.941731250955864,0.6568909581104131,0.20320019396441363,-0.11304621716845607
30.34998869895935,-10.032421761065256,18.888998710926934,-1.944541238631631,0.6612377409214608,0.20454481151382678,-0.11265746878141457
30.37506604194641,-10.0337293157456,18.871633880208126,-1.9473609162473893,0.665655417128758,0.2059113589614838,-0.1122353946427139
30.401287317276,-10.035158575287763,18.853355631021877,-1.9502978818708967,0.6703088913446753,0.2073508472838727,-0.1117777115849325
30.425077199935913,-10.036510423428453,18.83666762239293,-1.9529516147300376,0.6745868264805183,0.2086741677507444,-0.11135327152217452
30.45005774497986,-10.03798706753486,18.81903402680135,-1.9557269438799516,0.6791441823050853,0.21008392316917904,-0.11088907270988836
30.47512459754944,-10.03952860128174,18.801220055188335,-1.9585007690522822,0.6837552127919014,0.21151028210703393,-0.11042053544359057
30.50078320503235,-10.041169122151427,18.782861104849335,-1.9613298250600548,0.6885027827551704,0.21297887765624185,-0.11004505222455481
30.525107383728027,-10.042782305765094,18.76535143038,-1.964001807362369,0.6930548711854301,0.21438700367860744,-0.10970451490576626
30.549980878829956,-10.044492595121383,18.747320569763563,-1.9667274808551214,0.6977767041896727,0.21584763785309763,-0.10938706750033739
30.575059413909912,-10.046278145084962,18.729028129111597,-1.9694670961870677,0.702609533031875,0.21734260706527433,-0.10910988093067432
30.600141525268555,-10.048126850592094,18.71061010150303,-1.9722008789553702,0.7075269687000638,0.21886374823679816,-0.10888391636386578
30.62529754638672,-10.050044961132471,18.69201265195023,-1.974937820030253,0.7125151971884168,0.22040678819473555,-0.1087139923486355
30.649974822998047,-10.05198987092983,18.67364318266194,-1.9776200355360907,0.7174468437667306,0.22193232531608661,-0.10862644785865809
30.67504096031189,-10.054029362017973,18.65486515012215,-1.980342124526171,0.7224805461003662,0.223489431983373,-0.10858667704156279
30.699975967407227,-10.05612373647812,18.63605760099718,-1.9830500063661902,0.7275371119064623,0.22505361115178202,-0.1086007228562727
30.72511315345764,-10.05830159039987,18.616972344416553,-1.9857804938752273,0.7326973458623928,0.22664985863821885,-0.10866721201185921
30.75003743171692,-10.060528311370062,18.597919073203563,-1.9884903088519543,0.737845531824871,0.22824237924338847,-0.10877430117187438
30.775139093399048,-10.0628351902825,18.578634781886418,-1.9912177669207034,0.7430592265317504,0.22985516407872345,-0.10891481434306305
30.800514698028564,-10.06524613694847,18.558939794933114,-1.9939888543290094,0.7484029144984266,0.23150816054321638,-0.10911587265021089
30.82500147819519,-10.06763720905259,18.539838529938333,-1.9966635698664443,0.7535862440952046,0.23311155234887698,-0.10933161420057036
30.85003423690796,-10.070151302198171,18.52018629515867,-1.9994028802663977,0.7588991809743343,0.23475503638687525,-0.10956369849620969
30.875171899795532,-10.072748548711811,18.500318000624947,-2.002159726643809,0.7642629349276178,0.23641423998867211,-0.10979744785299671
30.9000883102417,-10.075396159366688,18.480488534055258,-2.0048985841336138,0.7696168847954787,0.2380704108313255,-0.11001569136253656
30.929625749588013,-10.078629154664188,18.456815729385724,-2.0081513816641188,0.7759824602133982,0.2400395141408567,-0.11024205671544834
30.950058460235596,-10.080926868765006,18.440329919692307,-2.010406184653973,0.7803918737800564,0.24140350565413865,-0.1104448701327855
30.97533130645752,-10.083838017368175,18.41982162433447,-2.0131996149975606,0.7858361558137579,0.24308761951137212,-0.11064671426529306
31.00000238418579,-10.086756189233904,18.399664260463215,-2.0159319846451,0.7911615806602041,0.24473496653050844,-0.11080225940929217
31.025142669677734,-10.089805893959763,18.37900062933494,-2.01871841472029,0.7966101600488039,0.2464204097154455,-0.11091063641087864
31.050033569335938,-10.092904253491925,18.358403099334673,-2.0214802451879135,0.8020038386786011,0.24808887010483677,-0.11096376396321952
31.07508373260498,-10.096100580373388,18.33754731409095,-2.024259799648466,0.8074317862522373,0.24976793112124088,-0.11096880054245295
31.100013256072998,-10.099361307769955,18.31665836690669,-2.027027213517447,0.8128505596655041,0.2514441542371632,-0.11103533680927394
31.125099897384644,-10.102722658848837,18.295510296569358,-2.029812646161856,0.8183100585050285,0.2531329752042397,-0.111060959743665
31.15006422996521,-10.106149369357217,18.274330847920538,-2.0325851872969376,0.8237459751889463,0.25481450135543515,-0.11105531246026663
31.175105333328247,-10.109668916247644,18.252954237020777,-2.0353658129902548,0.8292069151992486,0.25650376812889397,-0.11101794239853945
31.200036764144897,-10.113255797111742,18.23153941755468,-2.0381331071379196,0.834649521435513,0.25818736360121125,-0.1109492139388956
31.22514772415161,-10.116951228656161,18.209846287025236,-2.0409173646443146,0.8401193222624972,0.2598793713465867,-0.1108552374606068
31.25006628036499,-10.120703328978008,18.18818353877904,-2.043679542878916,0.845533202920724,0.26155408095595073,-0.1108254852253712
31.277084589004517,-10.124866785731548,18.164550534340936,-2.0466732763724664,0.8513762843569075,0.2633615579299035,-0.1107673040741822
31.30005145072937,-10.128484278864203,18.144344079779156,-2.0492165621235725,0.8563322491594872,0.2648946175598638,-0.11069973178084351
31.325117588043213,-10.132515323632369,18.12216767901663,-2.051989953838994,0.8617429308028312,0.26656833759791976,-0.11058101155285519
31.35003113746643,-10.136608480296342,18.099997916522167,-2.0547431021632225,0.8671033478770646,0.26822650898202227,-0.11041594783317081
31.376126289367676,-10.140988233990683,18.076644391592136,-2.057621504513859,0.8727017797708602,0.2699583069808686,-0.11019798994197717
31.39997172355652,-10.145074721151419,18.055180811346215,-2.060248018704665,0.877816651248381,0.27154052220776864,-0.1100706705776516
31.425102472305298,-10.149467636092833,18.032441524893926,-2.063011623102039,0.8831966055618187,0.2732047371684295,-0.10989003872913104
31.450239658355713,-10.153951204573973,18.009572251127608,-2.065770536136607,0.888579858436875,0.2748699724938138,-0.10966553375623568
31.47830057144165,-10.15906537766915,17.983883559758347,-2.0688438768280157,0.8946007122506217,0.2767324409106481,-0.10934371345400626
31.503819942474365,-10.163815437097591,17.960383554817003,-2.071630312507331,0.900065914392079,0.2784230261158294,-0.1089838970355601
31.5252366065979,-10.167835465611764,17.940752821988866,-2.0739387081602794,0.9045875771501737,0.2798217403744782,-0.10863045673281227
31.550203561782837,-10.172689627181748,17.917349002366958,-2.076668406699867,0.9099212916202576,0.2814716516748096,-0.10828003790571879
31.574987411499023,-10.177559084345312,17.89418656464456,-2.079346449841168,0.9151539554280601,0.28309030434093035,-0.1078734841784959
31.600151538848877,-10.182596612792887,17.870541178083755,-2.0820548994015726,0.920453848036689,0.28472975331304257,-0.10738213396785401
31.62531352043152,-10.187726831451966,17.846775946323234,-2.084749278527151,0.9257436281935185,0.2863660741371088,-0.10678016972678188
31.650031566619873,-10.192858002730508,17.82330942090315,-2.0873800730501926,0.9309316280934087,0.28797091063687963,-0.10606842325827563
31.675081729888916,-10.198150616987656,17.799407028947957,-2.090027071817789,0.936174692696847,0.2895927806462512,-0.1052441693993231
31.699997425079346,-10.203506290080412,17.775517670559925,-2.0926403909714106,0.941370916926239,0.2912001612293731,-0.10453797400983181
31.72500205039978,-10.208974368227603,17.751421607010546,-2.0952447111486157,0.9465598005604696,0.29280527110022203,-0.10375206883949147
31.750003814697266,-10.21453428622385,17.727212005981666,-2.097828457356024,0.9517294397058063,0.2944044279527995,-0.1029293716145026
31.775094032287598,-10.220202919938169,17.7028173609234,-2.1003985858331298,0.9568968672251645,0.2960029006692624,-0.10209218200315416
31.800015926361084,-10.225933898547517,17.678436886596558,-2.102934109082062,0.9620078550233296,0.2975839145333051,-0.10125498352204178
31.82511615753174,-10.231795361849217,17.653781912009563,-2.10546642036417,0.9671221325371188,0.2991659460256843,-0.10052291873585649
31.8499915599823,-10.237697190028259,17.629231376516536,-2.107958104235034,0.9721671139682696,0.3007265417268424,-0.0997920723900657
31.8750102519989,-10.243725582720897,17.60442626557473,-2.1104458573978278,0.9772162678215164,0.3022884281094579,-0.09906494847044688
31.899999618530273,-10.249839191163845,17.579539322266566,-2.112912359041088,0.9822342047737974,0.30384065797259646,-0.09834039345302523
31.925869464874268,-10.256264802455334,17.55366173910917,-2.1154458804071523,0.9874041929386103,0.3054399227895543,-0.0975591811630775
31.950061559677124,-10.262363954808286,17.52935282910906,-2.1177964966183973,0.9922115557426584,0.3069270144326633,-0.0967884005644134
31.976595878601074,-10.26915328392794,17.50257172273156,-2.1203523861473346,0.9974445007965483,0.30854575409839763,-0.0958769330305137
32.000038862228394,-10.275240380768455,17.478799995551068,-2.1225924268213765,1.002036722215007,0.30996629470934256,-0.09517923264411751
32.0250027179718,-10.281810874992717,17.45338423467299,-2.1249582156046825,1.0068957837363959,0.31146937864045865,-0.09432914021681195
32.05006694793701,-10.288498831074856,17.427763692062346,-2.1273102163888127,1.011749632811915,0.3129708501730501,-0.09335722042457134
32.07509636878967,-10.295269341802403,17.402072787030868,-2.1296330091233253,1.0165783298593323,0.3144645412712698,-0.092263302511702
32.100117683410645,-10.302129815377791,17.376282244360365,-2.1319262391739056,1.021376698865734,0.3159488508066277,-0.09104095003172268
32.125133991241455,-10.309079121874603,17.35039517405394,-2.1341867084249593,1.0261337334471239,0.3174203741054328,-0.08970471393885307
32.14999055862427,-10.31607769715307,17.32455563846355,-2.136402649313017,1.030826136439353,0.3188719045099963,-0.08851839474197364
32.175026416778564,-10.323213124751387,17.29843949853896,-2.138602468220313,1.0355115412380267,0.32032127011952,-0.08722645176982308
32.2003915309906,-10.330533706071506,17.27187542943557,-2.140797244434984,1.0402239311626966,0.32177898320706705,-0.0858382856723772
32.22509217262268,-10.337740446554578,17.245941985329598,-2.1428969548161274,1.0447678377197738,0.3231845782793607,-0.08441146723218794
32.249987840652466,-10.345112614827089,17.219626879579163,-2.1449829029476315,1.0493109460026255,0.32458992641648887,-0.08289789466660274
32.27507042884827,-10.352615080635331,17.193058835001544,-2.147043311991082,1.0538281544985835,0.32598726281033535,-0.08140208056261307
32.29995512962341,-10.360145311316867,17.16659842434952,-2.1490526396338634,1.0582616865863337,0.3273587150567931,-0.08006818872852522
32.32511234283447,-10.367842756618211,17.13975491223764,-2.151052383090971,1.0626914567435906,0.3287290036017316,-0.07891241784538731
32.34999346733093,-10.375540111509343,17.113110493998047,-2.153005286287664,1.067008161019274,0.33006431676942855,-0.07806078087432368
32.37504863739014,-10.383374187519086,17.086189803226294,-2.154953386267705,1.0712918195192922,0.33138940768038405,-0.07745766619035561
32.4000346660614,-10.39126969855107,17.059252746613463,-2.156883102190432,1.0755006449498417,0.33269135000930594,-0.07702382186816488
32.42508912086487,-10.399271536632215,17.032146604280676,-2.158808638668354,1.0796597796086362,0.33397792118060393,-0.07667159921180111
32.450047731399536,-10.407324144683395,17.005059865201847,-2.1607184162976143,1.0837300659327516,0.3352370083401077,-0.07637078869556711
32.47514247894287,-10.41550436539741,16.977735185069257,-2.1626313488935165,1.0877286537557407,0.33647391655323394,-0.0760693896529902
32.500001668930054,-10.423688448833161,16.950585448745436,-2.1645179564661943,1.0915875553933554,0.3376676147638296,-0.07570255579375645
32.525070667266846,-10.43201647929573,16.923145843495625,-2.1664083246100123,1.0953670055484817,0.3388367357497687,-0.07520641633550672
32.55002784729004,-10.440397577518844,16.895717095179812,-2.1682783672720185,1.099028664666077,0.3399694196963817,-0.0745612563982718
32.57504153251648,-10.44887167878707,16.868167812116653,-2.170136255180756,1.1025929347017556,0.34107197766836966,-0.073984994087293
32.60174012184143,-10.458002365696515,16.83868466001117,-2.1721003084480506,1.1062938250462602,0.3422167972560949,-0.0731463484740488
32.625452280044556,-10.466185640245042,16.812432046525863,-2.1738224418634653,1.1094985232771581,0.34320812662983,-0.07210723747029878
32.65007734298706,-10.474755275713205,16.78510746426289,-2.1755798199050838,1.112735012488421,0.3442092901066179,-0.07063969426682878
32.67506766319275,-10.483528941743725,16.75730290446133,-2.17732239099409,1.1159346664472982,0.34519905910409826,-0.06878661491414723
32.69997310638428,-10.492344075986065,16.729533008903005,-2.1790095532057663,1.1190434999814487,0.34616073405081943,-0.06668351187313103
32.725066900253296,-10.501288087202571,16.701519016511146,-2.1806531342275166,1.1220722455817917,0.34709763489541157,-0.06442683680453061
32.74999213218689,-10.510256372275016,16.673584512648777,-2.1822349408217163,1.124985085748912,0.3479986819864673,-0.06238506425707935
32.77502107620239,-10.51932070219973,16.64550130015307,-2.1837697519987427,1.1278154312538058,0.34887421048701944,-0.060258850911227235
32.80000329017639,-10.528433524911211,16.61741269153855,-2.1852480863650174,1.1305444173860986,0.3497183848580646,-0.058083087001750494
32.82538199424744,-10.537752389811123,16.58883140952494,-2.1866930896258614,1.1332222490118282,0.35054673528523067,-0.05581454539254005
32.850024700164795,-10.546863595304412,16.56101884919969,-2.188040980605444,1.1357360041992997,0.35132433092019355,-0.05356553658184208
32.87533259391785,-10.55627856097465,16.532408431670408,-2.1893673056531884,1.1382232889637087,0.352093738293415,-0.051247425291737564
32.89999866485596,-10.565511261782017,16.50447254629478,-2.1906062279863283,1.1405654026004401,0.3528182389725529,-0.0491933572045724
32.925031423568726,-10.574933349411182,16.47608015780522,-2.191812127970271,1.1428643709882518,0.3535293932616379,-0.047155249586651196
32.95008373260498,-10.584415015034276,16.44762073646578,-2.1929690282060132,1.1450918824638676,0.3542184433365622,-0.04520726429149743
32.9751250743866,-10.59394278585786,16.41913056624088,-2.1940774964948826,1.147249373263773,0.3548858334773526,-0.04332911301055188
32.99996638298035,-10.603446207398857,16.39081500279016,-2.19513110248046,1.1493161535666339,0.3555251635720021,-0.04146952070245648
33.02508592605591,-10.613097495936392,16.36215728650035,-2.1961482797793987,1.1513198748876114,0.35614498723686805,-0.039534794429659556
33.05002188682556,-10.622725849998284,16.33366099208338,-2.197112426827564,1.153228853705969,0.3567355036100573,-0.03778699159391319
33.07501292228699,-10.63241701911759,16.305067722076906,-2.1980337435949533,1.1550689330345134,0.3573047068725679,-0.035945476257344636
33.100196838378906,-10.642224605343229,16.27621652948553,-2.1989145052407064,1.1568631820677078,0.35785973316279773,-0.03399967876722971
33.12511420249939,-10.651967950907254,16.24763420808869,-2.1997365739384995,1.158588673705863,0.3583934902974152,-0.03197960300870769
33.15006685256958,-10.66176105103169,16.21898072840415,-2.200508129575221,1.160259595149148,0.3589103668918982,-0.029865325736804973
33.17505717277527,-10.671606895570227,16.190242959913878,-2.2012276110615647,1.161871856873428,0.3594090979081349,-0.02770298167343167
33.19999074935913,-10.681461977473417,16.16154305908574,-2.2018938890828874,1.1634242387782567,0.3598893059248131,-0.02573884130908463
33.22509288787842,-10.691414451103606,16.132620176504474,-2.2025153471913583,1.164957131671393,0.3603634852834512,-0.02377827756562122
33.250914573669434,-10.701685257472034,16.102830807110585,-2.2031043977736315,1.1665067140368137,0.3608428273010717,-0.02184215854316603
33.275229692459106,-10.711383005674366,16.0747535559268,-2.203614594536098,1.1679481055606253,0.36128870196809365,-0.020126723766043818
33.29996728897095,-10.721278361683328,16.046149977807687,-2.2040925966975866,1.1694101520817548,0.36174096597479133,-0.018511692609584462
33.32507514953613,-10.731336734938436,16.01711857341043,-2.2045386170871546,1.1708821908447287,0.36219632094423687,-0.017049181140010715
33.349976778030396,-10.741356089403148,15.988239653022875,-2.2049471103447233,1.1723246501006566,0.3626425258995212,-0.01572762759852476
33.37505841255188,-10.751461226731072,15.959150485290337,-2.2053270651805392,1.1737423242443377,0.36308106392081313,-0.014571833840222427
33.39996409416199,-10.761519552661566,15.930230113964171,-2.2056774188539525,1.175139218302968,0.36351317390825755,-0.013560363826238538
33.42506980895996,-10.771673466340758,15.901066790037126,-2.206005702789875,1.1765510695237296,0.36394991068833576,-0.01260827779185142
33.44999575614929,-10.781789393201114,15.872042058256259,-2.206308403336286,1.1779404332368568,0.3643796912668456,-0.011662425137584316
33.47525596618652,-10.792054448129075,15.842617192324486,-2.206591998117191,1.1793244884077458,0.3648078297207392,-0.010791292794533662
33.499979734420776,-10.802121036985916,15.813786222242094,-2.206847396249704,1.1806569163550078,0.365219998002224,-0.009868269363487319
33.525012493133545,-10.812331155150856,15.784567168336059,-2.207080982785109,1.1820049847559806,0.3656370044432061,-0.00879538098449204
33.550105810165405,-10.822585817894801,15.755241321000671,-2.2072858066773713,1.1833646820706107,0.36605760812887794,-0.007527739133028381
33.575071573257446,-10.832803802208343,15.726037941225561,-2.2074551114519263,1.18470906484902,0.36647347447315065,-0.006035622290988348
33.60002088546753,-10.843031743021537,15.696820132501413,-2.2075841264862475,1.1860374620538912,0.36688439589984845,-0.004305638872081991
33.62508153915405,-10.853320542281743,15.667438671479989,-2.2076722107015163,1.1873713738668001,0.36729702319478674,-0.0027228558371904742
33.64999461174011,-10.863562123137678,15.638198351172969,-2.2077177143728126,1.1887111388524416,0.3677114610883029,-0.0009288950105143318
33.675065994262695,-10.87388139016766,15.608738351067922,-2.2077163070588637,1.190066658064176,0.3681307723352399,0.0010425189372951563
33.700692892074585,-10.884440879887142,15.578589909968217,-2.207662167036226,1.19145117603351,0.36855905394947486,0.0031840138530630944
33.725061655044556,-10.894482574856491,15.54991255080058,-2.2075583980185343,1.1927784797675391,0.368969637125989,0.00534078112008852
33.74998378753662,-10.90477557933202,15.520504987436693,-2.207395785714635,1.1941597295600628,0.36939690777462375,0.0077012280156348875
33.77536106109619,-10.915254827927434,15.490546612347734,-2.207168072969181,1.195580059303314,0.36983626726916186,0.010248088016086447
33.80027461051941,-10.92554653244757,15.461100176842152,-2.206884448375847,1.1969831659981607,0.37027029905027475,0.012525157298546086
33.82499146461487,-10.93576316590693,15.43183929111221,-2.206545009894162,1.198377799208896,0.37070170967548083,0.014937272400401139
33.84997820854187,-10.946090572680703,15.40222575283796,-2.2061397000014584,1.1998024022826963,0.3711423910661202,0.01750623384864642
33.87506413459778,-10.956455622565459,15.37246228162523,-2.205667021107637,1.201257017698331,0.37159235636241666,0.020190096987262755
33.90000581741333,-10.966762308667896,15.34281818609897,-2.2051289063531945,1.2027186205146294,0.3720444831151202,0.022957295964678232
33.925179958343506,-10.977160073059231,15.312856650878453,-2.2045188604795056,1.204207032605682,0.37250490294868105,0.02550796888009998
33.94997191429138,-10.98739379437862,15.2833070169035,-2.2038540547873713,1.205687094914827,0.3729627398919126,0.028121665573459815
33.97505021095276,-10.997736493563643,15.253374833970115,-2.2031158042819516,1.207191625144081,0.37342814565010596,0.030758532216228752
33.999982595443726,-11.008009154849928,15.223571196815271,-2.2023186844796543,1.208708393581046,0.37389733712973444,0.03318752090047411
34.02509164810181,-11.018342639003524,15.193510193492003,-2.201458051832636,1.2102677787846143,0.37437971152067107,0.03536883054216605
34.050007581710815,-11.028584352677846,15.16363029906773,-2.2005524025624776,1.2118361737971008,0.37486487297222587,0.03732626490636989
34.0750777721405,-11.03887387802416,15.133519399227529,-2.1995933427661565,1.2134284164127633,0.37535741135222084,0.03918934798243643
34.10180115699768,-11.049823344715794,15.101370658173076,-2.198521982483888,1.2151477647281475,0.3758892681343319,0.04100473798614395
34.12520909309387,-11.059399520666984,15.073159242773102,-2.1975434922627324,1.2166900244285517,0.37636634498612337,0.04260076270786149
34.150033950805664,-11.069541109761971,15.04318083221926,-2.1964633279123063,1.2183823851147804,0.3768898535158931,0.044398240507994964
34.17507863044739,-11.079749053500025,15.012895791972918,-2.1953270960238527,1.2201443093837403,0.377434880584363,0.046352603964188194
34.20151329040527,-11.090503608878208,14.980862668361903,-2.1940722906213614,1.2220472167570164,0.37802351883942176,0.04858040186565603
34.225096702575684,-11.100076013241514,14.95223569523279,-2.192905425380345,1.2237711486577274,0.37855679349068744,0.05038953761319431
34.250062227249146,-11.110187347340055,14.921873448102199,-2.191621931316747,1.2256165279107174,0.37912763621201845,0.05244286363222157
34.27506613731384,-11.12029235202359,14.891397037693299,-2.190284344953241,1.2274920108892189,0.37970779110729164,0.05453066980313792
34.29999399185181,-11.130339029349852,14.860957856890643,-2.188898530259664,1.2294080739730835,0.38030049890069667,0.056657061495605
34.32512307167053,-11.140436759858172,14.830217518280667,-2.187445553363651,1.231396596303778,0.38091562096671205,0.0590149509716381
34.35001015663147,-11.150412890506892,14.799695399910904,-2.18594364621442,1.233416041623642,0.38154030863462773,0.061662132002534634
34.37731647491455,-11.161322188385919,14.766135025189222,-2.184216054357511,1.2356854091974203,0.3822423063185276,0.06486900069831691
34.39998745918274,-11.170349835937285,14.738209821211965,-2.1827179270814066,1.23760996991819,0.3828376427391744,0.06728931754412049
34.4251651763916,-11.180339860646788,14.707136558203052,-2.180987332261,1.239787025883881,0.38351108509522747,0.0702094246198773
34.45005393028259,-11.190179923069199,14.67634411407685,-2.179202648210966,1.2419819795821134,0.3841900638689751,0.07321324961212308
34.47507381439209,-11.200034300478608,14.645311353722994,-2.1773307167978904,1.2442328952889514,0.3848863537213164,0.07641066581939304
34.499993562698364,-11.20980746098659,14.614329385117658,-2.175382076771074,1.2465148561172996,0.3855922469555198,0.07997940880725946
34.525092124938965,-11.21960495846162,14.583052110577201,-2.1733238666458603,1.2488440560694574,0.38631275296373435,0.08405172837435583
34.55005621910095,-11.229304854950055,14.55185665262555,-2.171178933673908,1.2511938333712203,0.38703962429237143,0.0877722954059965
34.57506465911865,-11.23896989299499,14.520530973624782,-2.168932678268721,1.2535783517640366,0.3877772423002761,0.09188240564733588
34.60001277923584,-11.2485595897683,14.489194298872643,-2.1665867852899465,1.2559891747870555,0.3885229972841786,0.0961672765418951
34.62650203704834,-11.258677074579753,14.455838068227461,-2.163979434548648,1.2585910925631274,0.3893278648048066,0.1007279438845231
34.65008854866028,-11.267630242952762,14.42605074093922,-2.1615573508821604,1.260941827704838,0.3900550324280733,0.10464852588399712
34.675060749053955,-11.277046969499514,14.394429852814437,-2.158896199523109,1.2634544561798438,0.3908322795300129,0.10848696766905175
34.699970722198486,-11.286374792215298,14.362794907447595,-2.156148011172045,1.2659779024063098,0.3916128729547598,0.11213674795127669
34.72502303123474,-11.295683276581611,14.330896492342077,-2.153295531733472,1.2685280990140981,0.39240174124249,0.11561005146261973
34.75006914138794,-11.304916690328605,14.298911275938426,-2.1503586075025964,1.2710960240183602,0.39319609356612845,0.11891135531743294
34.77509164810181,-11.314062977376306,14.26687033377294,-2.147344001340881,1.2736781154187313,0.39399482806979486,0.12208724949418369
34.799986124038696,-11.323087024411656,14.234888783057544,-2.1442656709263916,1.276252805038218,0.39479127293422533,0.12517575675819081
34.825119972229004,-11.332110620758396,14.202521412633846,-2.1410820189321123,1.278850440048702,0.3955948156401524,0.12823367041542807
34.85019016265869,-11.34102977601256,14.170126066745542,-2.137831323075159,1.2814419975046116,0.39639647833806135,0.131044339172462
34.87504744529724,-11.349783781259259,14.137919269858507,-2.1345401495929326,1.2840049645321352,0.3971892969797051,0.13376720552270555
34.89999985694885,-11.358481867997527,14.10549178692377,-2.131168993232197,1.286564949344246,0.39798119311397867,0.13641456250619194
34.925331592559814,-11.367214452215823,14.072483703822927,-2.1276810729452094,1.2891490290901142,0.39878054268501,0.1390091903495542
34.95005702972412,-11.375645034700977,14.040162898173262,-2.1242134928248695,1.291652863315102,0.39955506940651614,0.14143908977695782
34.975064754486084,-11.384071370016741,14.007386805304423,-2.120647291611555,1.2941559048596991,0.4003293509232327,0.14379020325605618
35.00000977516174,-11.392375119496773,13.974599844738565,-2.117033716561299,1.2966243196047134,0.40109292111517797,0.14595277922498126
35.024999380111694,-11.400591339554989,13.941654530992103,-2.113359628407369,1.2990751330121832,0.4018510465751493,0.14805193689639926
35.050039768218994,-11.408716409833026,13.908552999034908,-2.10962607025053,1.3015036006543184,0.40260225967958546,0.15013368354572337
35.07503271102905,-11.416716095412081,13.87542530439206,-2.1058472699722657,1.3038911736059344,0.40334082257329334,0.15226180418813898
35.099995613098145,-11.425015264872608,13.84249949666533,-2.101772604475673,1.3062351395773375,0.3647005792673662,0.17419134263830818
35.12505388259888,-11.434021107586279,13.809840011336247,-2.097157854894631,1.3085461159876421,0.32996521626027153,0.1943104948687891
35.15164661407471,-11.4442272885161,13.77549345560609,-2.0917313229264654,1.3109630512029642,0.29683668273573144,0.21359161736002696
35.174973011016846,-11.453641347559133,13.745625042803495,-2.0865677985539834,1.3130518423666597,0.270863139432128,0.22905819539408898
35.19997715950012,-11.46413803328474,13.713825645786319,-2.0806482318952955,1.3152476394492196,0.24558082510324988,0.24443201141605586
35.22510743141174,-11.475045261998032,13.682056246475483,-2.074328543664101,1.3174086383196169,0.2226400078896522,0.25865949694571455
35.250062465667725,-11.48617877699417,13.650639313216216,-2.067710597951632,1.3195141154353265,0.20204507443895398,0.27165096363469154
35.275038719177246,-11.497563947528347,13.619309418324837,-2.0607760384624596,1.3215649424492624,0.18338681615114932,0.28359608310909323
35.300042152404785,-11.509155611471153,13.588029537555883,-2.0535487028229165,1.3235577494132098,0.1664662721920846,0.29448005254930315
35.32502102851868,-11.520884711770801,13.556840629521423,-2.0460678348420167,1.32550525667849,0.15114834285263745,0.30451470207932546
35.35004734992981,-11.532746697658853,13.525624603591998,-2.038330124909005,1.3274222463222305,0.1372312071921364,0.31382349393677017
35.37503957748413,-11.544663860159845,13.494468499656861,-2.030380089946192,1.3292986392756443,0.12462725574882852,0.32242160584488017
35.39998936653137,-11.556600662861404,13.463357913408874,-2.0222367424345653,1.3311149691349642,0.11320671269415303,0.33033701118180475
35.425010204315186,-11.568579482709676,13.432137735417594,-2.013879512756054,1.3328755679681066,0.102807306503781,0.3376418452311144
35.45006799697876,-11.580551894732189,13.400845553112239,-2.0053369374659815,1.334593489232282,0.0933554538385946,0.3443213961080291
35.47503113746643,-11.592436830012424,13.369612819855202,-1.9966624437461704,1.3362634029425056,0.08480403532731275,0.3505201529196492
35.500067472457886,-11.604280861812324,13.338242908262156,-1.987813790279104,1.3378763818623227,0.07701626963288774,0.35645744386036254
35.5250608921051,-11.616004457179653,13.306877775791914,-1.978839199707036,1.3394096275279759,0.06995843763315628,0.36219722948817157
35.55007219314575,-11.627637801937976,13.275372640303381,-1.9697046154309337,1.3408768405983915,0.06353257553834131,0.3677182861522659
35.57505655288696,-11.639116005176412,13.24384354991166,-1.9604525351307494,1.3422768212953309,0.05770607065848696,0.372896089857567
35.60000276565552,-11.650425127154774,13.212275809468498,-1.9510905216340049,1.3436160593466577,0.05242055021793004,0.37761928543606654
35.6250262260437,-11.661598143730663,13.180524951909781,-1.9415872468950506,1.3449109718221937,0.0476041130689956,0.38197667416121106
35.65007400512695,-11.672596505759055,13.148649494653933,-1.931971551130235,1.3461475168358668,0.043224712679460105,0.38586104095174867
35.675050020217896,-11.683365681470638,13.116765251962661,-1.9222925200221193,1.3473071154967424,0.039257427818740365,0.3891547241840007
35.69996213912964,-11.693896901598583,13.084863617195904,-1.912564311495259,1.3483893233920463,0.03566165945186499,0.3917482030090012
35.72501611709595,-11.7042620116214,13.052687287384598,-1.902727240267571,1.3493979440576873,0.032375525695799885,0.3935506490771535
35.75002908706665,-11.714375128413879,13.020465731511212,-1.8928633109078572,1.3503312080368521,0.0293957059508005,0.39519073775069674
35.77506446838379,-11.724251316886944,12.988122173472512,-1.8829606471901883,1.3511989323845146,0.02668694192180921,0.3960504784710014
35.80005764961243,-11.733859788929381,12.955732183329182,-1.8730601028471707,1.3519964412063012,0.024230461195896575,0.3962449742981489
35.82514929771423,-11.74324472077423,12.923120472633704,-1.8631226984473306,1.3527212924327134,0.021990220968938427,0.3959032662307865
35.8500611782074,-11.75229990792321,12.890640862673303,-1.853267180868598,1.3533623131056847,0.019969974329592556,0.3951518848341233
35.87510442733765,-11.761128033529356,12.857910957929583,-1.8433855232536542,1.353928820010588,0.018125246778942988,0.39409419956989666
35.89997482299805,-11.769622730660625,12.82531317815749,-1.833594692224462,1.3544238644526427,0.016461291874904787,0.3931407230271553
35.925302505493164,-11.777987018445597,12.792034652128406,-1.8236520734537816,1.3548658428287699,0.014921800937046053,0.3919474447093757
35.950124740600586,-11.785899180996887,12.759347695210524,-1.8139416725473612,1.3552304724639874,0.013553784591194138,0.3905917589477358
35.975160360336304,-11.793591854753046,12.726303585219114,-1.8041847479376671,1.3555240473166368,0.012299851324413363,0.3890001792228061
36.00004529953003,-11.800952549845965,12.693371827871072,-1.7945248740647435,1.35574417274677,0.011167702775880995,0.3871728339061858
36.02509140968323,-11.808066321650031,12.660164477986699,-1.7848530730312622,1.3559056854475406,0.01013286705475056,0.38510967707167293
36.05005359649658,-11.814861397216859,12.627006289053993,-1.7752635699367523,1.3560227340755626,0.009196859541298813,0.38324327844989414
36.075151205062866,-11.821395887833216,12.593605716834379,-1.7656713627940053,1.3560849365412169,0.008342350788613659,0.381162119830286
36.100035667419434,-11.82757952540816,12.560429548258538,-1.7562139304362432,1.3560770218044378,0.007573384058963252,0.3789082657944789
36.12539577484131,-11.83357636209666,12.526572062672772,-1.7466379519783657,1.3559994283368828,0.006861748710330832,0.3764074101084956
36.15004062652588,-11.839112585507445,12.493605785692372,-1.7373905269899617,1.355872169403822,0.006234632085178183,0.3738070538482013
36.17506432533264,-11.844435481504053,12.460098999480454,-1.7280712875517021,1.3557085193066911,0.005656118007067993,0.37103142079006846
36.20001673698425,-11.849445999878656,12.4266470563085,-1.7188447622136702,1.35549760511686,0.005132608003837497,0.36851349232364505
36.225064277648926,-11.85417417274403,12.393055736776832,-1.7096550003243483,1.3552238144623658,0.004655886341143408,0.365838860876493
36.25042104721069,-11.858663922688933,12.358967414684512,-1.7004086102818037,1.3548870643055797,0.004217293555487807,0.3629825696006023
36.27506160736084,-11.86273297800076,12.325829811469015,-1.6914989003116754,1.3545066665510377,0.00383127210484481,0.3600647542169424
36.29999351501465,-11.86655787827397,12.292283850766838,-1.682560852149041,1.3540699048818248,0.0034763868342875303,0.35697030561427384
36.32510995864868,-11.870115856479137,12.25847320285134,-1.6736322808220165,1.3535965028779835,0.003151954941824899,0.3541340616516364
36.3533890247345,-11.87377087275095,12.220372357708293,-1.6636634255119738,1.3530461802376363,0.002820635400096316,0.35080803252067033
36.375101804733276,-11.876324803827515,12.191113848903447,-1.6560754740714,1.3525963892845223,0.002592973004234677,0.34822133712339853
36.40005588531494,-11.878992309986488,12.157468868120496,-1.647423094958991,1.3520280069949038,0.0023523005336180598,0.34514438548547666
36.42508411407471,-11.881380705669416,12.123725028267652,-1.6388252810328365,1.351422070035415,0.0021333115000586747,0.34196767540689527
36.45005440711975,-11.883480296890767,12.090049633182522,-1.630326051739462,1.3507769889428178,0.0019350732842693134,0.33871163159259315
36.47503900527954,-11.885299587825786,12.056358136593083,-1.621904390312039,1.350074654208133,0.0017550933311437822,0.3354232117767729
36.49998903274536,-11.886837828349535,12.022719631578754,-1.6135732820355095,1.349325674236558,0.0015920324973304092,0.3324289042837052
36.525123596191406,-11.888108538429538,11.988838325237172,-1.6052553950862272,1.3485294834377495,0.0014429747832140588,0.32943203277624233
36.550047397613525,-11.889094528925149,11.955247984677458,-1.5970796886810237,1.3476957704153678,0.0013089448086096285,0.32653261316935883
36.57509994506836,-11.889812668623696,11.921504864912214,-1.5889349325126023,1.3468126286572488,0.0011867182874203748,0.32370843196531995
36.59998536109924,-11.89025763506796,11.88800585862958,-1.58091341895076,1.345894918312664,0.001076614981684096,0.3210180310640915
36.62505555152893,-11.890437772942258,11.854298951402493,-1.5729030524692027,1.344946710977052,0.0009760270970986235,0.31844512727505264
36.650083780288696,-11.890351501630104,11.82063039681604,-1.5649578244509998,1.3439891024526096,0.0008848703755156137,0.31609756129081673
36.67505645751953,-11.890002435802185,11.787079731827689,-1.5570915417364986,1.343005452735838,0.0008024354977339712,0.3138604067666541
36.70046424865723,-11.889379914639209,11.752975727398606,-1.5491450230328914,1.3419578881420517,0.0007263565473565993,0.31165409254807214
36.72510027885437,-11.888520890180152,11.719940640114979,-1.5414933615311996,1.3408979954367675,0.000659561563338886,0.3095448203921603
36.7501220703125,-11.887393421391,11.686431715481596,-1.5337770990954949,1.3397797635361568,0.0005979565851135056,0.3073984885844806
36.77514171600342,-11.88601017655386,11.652943564122593,-1.526110601280205,1.3386240935508407,0.0005420616191788287,0.30525032219750464
36.79996848106384,-11.884387869016784,11.619761930570919,-1.5185560336369586,1.3374475029176844,0.0004917825969124855,0.3032921415305572
36.825013399124146,-11.882501160002631,11.586333361537786,-1.5109845858845958,1.3362493539904332,0.00044576484922893096,0.3013277758480273
36.85004639625549,-11.880366495731025,11.552968606252259,-1.5034662267375105,1.3350365406875477,0.0004040714421637772,0.2993868395281203
36.875059366226196,-11.877986777336822,11.519674654317344,-1.4960012029470338,1.333795025991594,0.00036629570141637885,0.2974838088506162
36.899956941604614,-11.875375386982995,11.486583786269133,-1.4886165875256039,1.332534170007905,0.00033220282378174044,0.29569422234577747
36.92506957054138,-11.872498659716504,11.453263658874583,-1.4812122377013428,1.331239386191928,0.00030101479228308506,0.29405121984402977
36.95004105567932,-11.869397553823175,11.420180807449357,-1.4738879113863903,1.3299314940257838,0.00027290543669802967,0.29254246349578467
36.97511672973633,-11.866044836859093,11.387020982643204,-1.4665697468199215,1.3286017094495874,0.0002473149216842886,0.2912021841366737
37.00029897689819,-11.862438048600403,11.35377498386869,-1.45925094420822,1.3272506178227224,0.00022401975792896113,0.290048021243874
37.025052309036255,-11.85866283092151,11.321174670490613,-1.4520874415066134,1.3259052926875636,0.0002032874807267397,0.2890779927844818
37.050052881240845,-11.854612956654156,11.288270959307319,-1.4448667680847629,1.3245262545676761,0.000184260420642281,0.2881982828617488
37.07504606246948,-11.850334585651122,11.25545921129164,-1.4376736338443503,1.3231340119318324,0.0001670267183244823,0.28736015002561166
37.1000030040741,-11.845833608956509,11.22276875461904,-1.4305129206079628,1.3217331209720542,0.00015142975236358402,0.2865718620931873
37.12509322166443,-11.841078645632068,11.189972830026317,-1.4233340615968988,1.3203112534887071,0.00013721260344118583,0.28577267758221664
37.15012001991272,-11.836106137421593,11.157322258057413,-1.4161923284281346,1.3188777972419705,0.00012435823505961127,0.2849218103670775
37.17510795593262,-11.830915467300091,11.124795913840988,-1.4090843631607075,1.3174365394530845,0.00011272584075530209,0.28399101591058085
37.200459718704224,-11.82541937024657,11.091868087395401,-1.4018966814798097,1.3159634031481313,0.00010202632041163601,0.282998353576619
37.22508263587952,-11.819861852658043,11.059961973052312,-1.394940116022227,1.314522252658661,9.261997183631008e-05,0.282024505940117
37.25003743171692,-11.814010016470188,11.027700736096001,-1.3879132830065788,1.3130545247675511,8.396507150558594e-05,0.2810992023815735
37.27499556541443,-11.807938977501127,10.995517201151062,-1.3809097458707313,1.3115821143384596,7.611852455609552e-05,0.2801548656757425
37.29997229576111,-11.80164476487375,10.963385083462478,-1.3739241969363576,1.3100759312027468,6.899720876362025e-05,0.27916510069485206
37.325047969818115,-11.79511145432873,10.931223959280494,-1.3669400525285567,1.3085137651313714,6.25172311394342e-05,0.2781076228698902
37.35003709793091,-11.788380048406154,10.899230253420992,-1.3600004024565757,1.3069471085894018,5.666049709240144e-05,0.2770481470841655
37.37505078315735,-11.781432235888055,10.867306740273332,-1.3530824600121791,1.305401596311207,5.1350695769496455e-05,0.27610752965239954
37.39997959136963,-11.774297106113917,10.835576401223488,-1.3462104246788273,1.3038798988318947,4.655526214473888e-05,0.2752323388242957
37.42502045631409,-11.766919414376238,10.803789774987097,-1.3393270408524462,1.302364712430138,4.218841392683851e-05,0.27453426388986835
37.45023822784424,-11.759278093259471,10.771868484062407,-1.332410837710371,1.3008502682793572,3.820362426198353e-05,0.27399126553877323
37.47510528564453,-11.75153729380465,10.740483924924334,-1.3256040620011498,1.2993694902522501,3.464609530075999e-05,0.27354280464042774
37.500041484832764,-11.743569439110786,10.70909937466914,-1.3187891844353774,1.2978662194903323,3.1410170121373585e-05,0.27308187840407155
37.5251350402832,-11.735345423359403,10.677608909888614,-1.3119440253414978,1.2963270075870683,2.8457334449927323e-05,0.27252386767502096
37.55007076263428,-11.726968868239407,10.646405724966607,-1.3051546091800839,1.2947908466482765,2.579837359637728e-05,0.2719901461393976
37.57514691352844,-11.718347226784037,10.61513987033093,-1.2983459119799847,1.2932437184637964,2.3375584399580806e-05,0.2713214421358378
37.60007929801941,-11.709566632847453,10.584120029458969,-1.291588217803103,1.2916733644580798,2.119029902225066e-05,0.2705146320040885
37.62514400482178,-11.700544060015396,10.553048587267885,-1.2848195758430883,1.2900591088185511,1.919914585538783e-05,0.26958237424507364
37.65011692047119,-11.691357647185017,10.52219139545297,-1.278099994173669,1.2884386053682166,1.740152331509717e-05,0.26857832504522416
37.67511343955994,-11.681967534973746,10.491406706817578,-1.2713995796761997,1.286783011275447,1.577024993349908e-05,0.2675427572776349
37.70068144798279,-11.672163276028662,10.460026309635218,-1.2645722322744253,1.2850380102543513,1.4257589627821892e-05,0.26654044291938545
37.72511124610901,-11.662606938587627,10.430140455274655,-1.258071331883902,1.28334107569948,1.2950260791669038e-05,0.2656008362219089
37.75720977783203,-11.64982244944585,10.39116760246944,-1.2495936346228493,1.2810991706186698,1.1396025834825638e-05,0.2644462572981717
37.77508473396301,-11.642498872486586,10.369330663520266,-1.2448422333715121,1.2798190774812677,1.0626189317213125e-05,0.26385285143017967
37.80041289329529,-11.632024624640648,10.338681071929049,-1.2381700047906692,1.2779763343372554,9.615571357900577e-06,0.2630446645438085
37.82514691352844,-11.621614987800184,10.308863472692106,-1.2316743024160859,1.2761481685966989,8.722341513876078e-06,0.26227309339363036
37.85008883476257,-11.610934734331977,10.278899362526209,-1.2251411050531138,1.2742876495793753,7.904943927621441e-06,0.2615292066088164
37.87786936759949,-11.598828670051251,10.245661325232,-1.2178868221966224,1.2721752889439473,7.07977430978993e-06,0.2606820599634449
37.900028228759766,-11.589016024625003,10.219255909582959,-1.2121186939600694,1.2704524806920738,6.489961111475521e-06,0.2599542917905304
37.92512798309326,-11.577734140996833,10.189458475336666,-1.2056059968230688,1.2684773286154385,5.877518135251281e-06,0.25901555986735963
37.95012640953064,-11.566323226935577,10.159900686899459,-1.1991446927865965,1.2664793091093114,5.324955301533266e-06,0.25793759649918435
37.975117921829224,-11.554743072878637,10.130470571482725,-1.1927136710676123,1.2644424690255813,4.824290049208185e-06,0.2567078382367275
38.00005745887756,-11.543017749791371,10.101223058932993,-1.1863256032798888,1.2623815080135719,4.371519918580372e-06,0.2555532808840101
38.02508735656738,-11.53108334817305,10.071995642922,-1.1799455745793326,1.260295526368767,3.959724874368804e-06,0.2542563056728628
38.05012273788452,-11.518980293364743,10.042885896734267,-1.1735979013697122,1.2581887908109224,3.586559919931777e-06,0.2528404469723184
38.07548809051514,-11.506730761994604,10.013941645233084,-1.16729569816258,1.2560644477706708,3.248960629840201e-06,0.2513125625069847
38.1000440120697,-11.494360165452477,9.985214704532067,-1.161052649967067,1.2539367782523598,2.944072116041862e-06,0.24969194314314402
38.125115633010864,-11.481757950761317,9.956445534661563,-1.1548120641339057,1.251785816906511,2.666136311709359e-06,0.24817584246906577
38.150134801864624,-11.469033330082924,9.927881120328994,-1.1486268473589667,1.2496271466152098,2.415077612154613e-06,0.246597323544328
38.175071239471436,-11.456180659286796,9.899500817949443,-1.142493362488565,1.2474647688868032,2.1880864821780274e-06,0.245005646670824
38.20035696029663,-11.4430050268705,9.870877391522807,-1.1363193899485824,1.2452722405006122,1.979717204457662e-06,0.24340937538301205
38.227946043014526,-11.42845100901027,9.839787664413805,-1.1296265848795488,1.2428570546251219,1.7739491357036691e-06,0.24169663067032873
38.25009512901306,-11.41663956313174,9.814946705704507,-1.1242881686501922,1.240905068667982,1.6258703009490466e-06,0.2403555962970185
38.27520442008972,-11.403111490779063,9.786907112094513,-1.1182714453926317,1.2387010956825562,1.4720401965984836e-06,0.2388589319650868
38.30101561546326,-11.389061634633707,9.7582328298535,-1.1121269369283482,1.236446442935853,1.3289462455196361e-06,0.23743012571414984
38.325101137161255,-11.375809665626859,9.731587587262714,-1.1064231613640823,1.2343514313286272,1.208331586613088e-06,0.23614061076784176
38.35019612312317,-11.36186409366519,9.703951428118032,-1.100512288052243,1.2321747853741618,1.0940668824853217e-06,0.23483786992869307
38.37718892097473,-11.346710442640665,9.674372413610456,-1.0941907979894951,1.2298360496370282,9.827987895850153e-07,0.23345383142834825
38.39998126029968,-11.333794684839056,9.649518782164934,-1.0888828669114823,1.2278663383556467,8.983908398008545e-07,0.23229588330834808
38.425124168395996,-11.319464799813826,9.622314529398606,-1.0830763210674068,1.2257112471466103,8.135645421425199e-07,0.23105065792765453
38.45012593269348,-11.30499806642574,9.595232079647477,-1.0772979860709906,1.2235680384085463,7.367269356470608e-07,0.22988861373268585
38.47585964202881,-11.290182423178992,9.567879821368622,-1.0714625803165427,1.221406396716972,6.661162272420192e-07,0.22876651619277513
38.49999690055847,-11.27582948489701,9.541739092762135,-1.0658847783896976,1.2193459069803976,6.048065227986739e-07,0.22774488000232435
38.525078535079956,-11.260975145880451,9.515043052279896,-1.0601864142715496,1.217250567009721,5.476919953271854e-07,0.22673642096938898
38.55002737045288,-11.24606883665231,9.488607630938443,-1.0545407654000845,1.2151872575271303,4.962321346719163e-07,0.22576362839367486
38.575050830841064,-11.23099906130819,9.462231200225384,-1.048904010660128,1.2131414687668385,4.4949062817598273e-07,0.22482399447218002
38.60006380081177,-11.21581063516726,9.435990849426599,-1.043291500908701,1.2111173952283463,4.0716882987132013e-07,0.22394244977074756
38.62501049041748,-11.200540603871744,9.409946667391733,-1.0377149039235067,1.2090997777907226,3.689297586066758e-07,0.22310266764454842
38.650063037872314,-11.18508836525049,9.38392544676364,-1.0321361239924765,1.2070783252177388,3.3414069310775426e-07,0.222296739291151
38.675087690353394,-11.169534241264646,9.358061625747906,-1.0265839405214603,1.2050658023948682,3.026667068095127e-07,0.22145398623327106
38.70002746582031,-11.153917356468082,9.332415713942988,-1.021074077237604,1.20305687932199,2.742537278391401e-07,0.22043419794426589
38.72515344619751,-11.138068695114221,9.30670948301043,-1.0155522664758774,1.2010576282634813,2.483215499721689e-07,0.21914956389547852
38.75005793571472,-11.122242064503537,9.28135126393876,-1.010108346866301,1.199116460231848,2.250489773009932e-07,0.21797173270706927
38.7749719619751,-11.10629589999682,9.256107710111657,-1.00469423485214,1.1972091260563915,2.0395274113042885e-07,0.21654695006805355
38.79998302459717,-11.09018028786,9.23089873751535,-0.9992984880202547,1.195308900062429,1.8476595329290637e-07,0.21491840200680667
38.82525825500488,-11.073920753509961,9.205763666917646,-0.9939339232434514,1.1934212631089611,1.673493796017775e-07,0.21315006932076516
38.85006594657898,-11.057584797017707,9.180803568954131,-0.9886249749132886,1.1915542830022978,1.516068916258803e-07,0.21130318528883263
38.87516927719116,-11.04108420959692,9.15588093384211,-0.9833441384270599,1.1896831898430418,1.3729457195799502e-07,0.2094055322718831
38.89995503425598,-11.024688305057213,9.131395311520066,-0.9781745535129893,1.1878398896908646,1.2449622214470527e-07,0.20768303824421933
38.92501521110535,-11.008013276789775,9.10676950036555,-0.9729927979516699,1.185983484214674,1.1276602524847815e-07,0.20591669255430478
38.95003342628479,-10.991262465422322,9.082304418607192,-0.9678629722145959,1.184129976233046,1.0215646188610872e-07,0.20414191983371366
38.974984884262085,-10.97446067955148,9.05803140344412,-0.9627919761479079,1.1822773997386835,9.257141622873741e-08,0.20235289257814393
38.9999635219574,-10.957542713043795,9.033852467519733,-0.9577597778460292,1.1804241863173972,8.387520366351457e-08,0.2005483375895619
39.0250141620636,-10.940483507239817,9.009730201493735,-0.9527588761170187,1.178582534964118,7.597514689385537e-08,0.19874861898528584
39.0500602722168,-10.923332004652938,8.98573177682768,-0.9478014670112899,1.1767665171331034,6.882090913630846e-08,0.197097597989802
39.07500147819519,-10.906162143566876,8.961956137453566,-0.9429060346792658,1.1749627744590474,6.236790322964549e-08,0.19546444759207976
39.09999132156372,-10.888869854976909,8.938255503243203,-0.9380418473150229,1.1731440592382332,5.6508032059965124e-08,0.1938423466985462
39.12510132789612,-10.87140885525361,8.914566054166244,-0.9331956540099391,1.171303152153332,5.1173314581923505e-08,0.1922255937658803
39.15001201629639,-10.853994676169938,8.891176417434538,-0.9284261143720706,1.1694649179800538,4.6378207625955366e-08,0.19063625227087944
39.17508101463318,-10.836388785203388,8.867763003033737,-0.9236664550866951,1.1676108623686305,4.200534172608278e-08,0.18908625709085233
39.199994802474976,-10.818811019254426,8.84461554567872,-0.9189735402005801,1.165766608399537,3.806934034589395e-08,0.18766587117322298
39.225003480911255,-10.801085683144242,8.821499396140432,-0.9142969883241695,1.1639068926309764,3.448822366804403e-08,0.1863448865694522
39.250036001205444,-10.783262089745765,8.798478220316923,-0.9096467299781082,1.162035614058144,3.124014133105416e-08,0.18516194349013373
39.27501559257507,-10.765399172016414,8.77562567104887,-0.9050343620636622,1.1601670417577923,2.8304134950978603e-08,0.18410712063850382
39.29998183250427,-10.747470652257014,8.752905295152997,-0.900449714202871,1.1583036084661802,2.564562442564274e-08,0.18315582154644558
39.325068950653076,-10.729395237142857,8.730213357535343,-0.8958697647134616,1.1564388655654099,2.3227267265966055e-08,0.18226984568688534
39.35003423690796,-10.711306425237705,8.70771594580178,-0.891326515316791,1.1545858369996347,2.1044321238341214e-08,0.18144449589203251
39.375012159347534,-10.693147786631922,8.68534013667793,-0.8868044659928321,1.152739811777294,1.9066903539927153e-08,0.18062933965594957
39.40004277229309,-10.674882061303682,8.66303896391349,-0.8822946344781324,1.1508933273390891,1.7271818909169718e-08,0.17976558863742123
39.42522406578064,-10.656555566971814,8.64086776416224,-0.8778099134604791,1.1490456686260047,1.5646541636731568e-08,0.17881620869404805
39.45003867149353,-10.638180289090192,8.61883880997715,-0.8733551710906957,1.1472005645621142,1.4175814140383395e-08,0.17776709331410845
39.475035667419434,-10.61972853314261,8.596916884482068,-0.8689259010471515,1.1453602031880172,1.2842749967931004e-08,0.17661496092601098
39.49997019767761,-10.60125553457514,8.575165146103428,-0.8645351692990457,1.1435311878593253,1.1638050649385294e-08,0.1755500605049181
39.52510333061218,-10.582575552169969,8.553364545254517,-0.8601391283708364,1.1416842134782683,1.0537979754976814e-08,0.1743716465946443
39.55009150505066,-10.563930381417226,8.531796020452044,-0.8557969832886866,1.1398369741937107,9.547062804263518e-09,0.17310518087605734
39.57504320144653,-10.545251968092987,8.510376884635026,-0.8514942304681528,1.1379858087041725,8.650660499791615e-09,0.17176209866326383
39.59995651245117,-10.526541590906328,8.489105683572987,-0.8472321570826191,1.136135181534109,7.839645582504502e-09,0.17037584015997959
39.62501287460327,-10.507662838970733,8.467826413646772,-0.8429803986700146,1.1342691382854952,7.10036673109802e-09,0.1689685352236459
39.65002679824829,-10.48876006771333,8.446700785325415,-0.8387702315729958,1.1323973427489744,6.431954090678591e-09,0.16767147857648843
39.674981355667114,-10.469845329240824,8.425739149848093,-0.8346024926485075,1.1305268983030883,5.827867082378676e-09,0.1663689979103581
39.70006489753723,-10.450777092855867,8.404783427444286,-0.8304462189358139,1.1286451469318037,5.277672891008467e-09,0.16504182960952907
39.725090742111206,-10.43169855552127,8.38398975453126,-0.8263333079493903,1.126756554558943,4.780510995383174e-09,0.16367143176949575
39.75004529953003,-10.412621790435084,8.363367950867428,-0.8222670792112631,1.1248558229483352,4.331382396264559e-09,0.1622386287580894
39.77504920959473,-10.393453985893078,8.342815438729325,-0.8182290371182838,1.1229392643227927,3.923544465839976e-09,0.16073500883030392
39.79999566078186,-10.374279493718555,8.322420555000075,-0.8142359996516827,1.1210213387393524,3.5549020771016786e-09,0.15935254273508181
39.82501459121704,-10.35500376050442,8.302080848679555,-0.8102674337354139,1.1190974446550146,3.219962175773604e-09,0.15789592248528825
39.85014867782593,-10.335598160350761,8.281765779551343,-0.8063194162238324,1.117147614195258,2.915225579135576e-09,0.15636050337522825
39.8750638961792,-10.31630627203625,8.26172730467429,-0.8024427761371404,1.1151860352306426,2.6415062488817283e-09,0.15475710736697118
39.89998650550842,-10.296968364790652,8.241795456294412,-0.7986063548138325,1.113210958706738,2.3934123782873595e-09,0.15308449899428583
39.925023794174194,-10.277502017886494,8.221884138829013,-0.794795207750829,1.1112175353476528,2.16758785428064e-09,0.15136334584456315
39.95007562637329,-10.257987098012759,8.20207393666863,-0.7910238002279127,1.1092132335158074,1.9629589627174276e-09,0.14978094339891704
39.97514581680298,-10.238417243748987,8.182356535222434,-0.7872892888650797,1.1071972641994376,1.7774728324293046e-09,0.14817053943553096
40.00006890296936,-10.218922504543263,8.162859780262997,-0.7836158636799666,1.105185453837923,1.610458123347311e-09,0.14659579186871477
40.0251407623291,-10.199277376597227,8.143356106127577,-0.7799590697187172,1.1031491308482402,1.4582265993328122e-09,0.14512019881466526
40.050122022628784,-10.179668954599162,8.124029796589445,-0.77635031146308,1.1011062639467124,1.3208601989796378e-09,0.14380611460981693
40.075135707855225,-10.160000313744794,8.10478305596134,-0.7727677225623368,1.0990575750991662,1.1962532327975546e-09,0.14262553081698934
40.10005593299866,-10.140375656097179,8.0857156959436,-0.7692271668832682,1.097018052464648,1.0838319514357516e-09,0.1415377786876892
40.12506890296936,-10.120662032927957,8.06669681188073,-0.7657024775681537,1.0949771933351415,9.816748759862262e-10,0.14051515255359362
40.1500461101532,-10.100909989913239,8.047774373112777,-0.7622016495234358,1.0929325511624182,8.891011316496987e-10,0.1395063668516965
40.17503476142883,-10.081141724980812,8.028968152250478,-0.7587283516702045,1.0908818042615873,8.053019963589841e-10,0.13848942677885215
40.20000147819519,-10.061365480532771,8.010284225096866,-0.7552838639346079,1.088834799449238,7.29475104677152e-10,0.13747558747621294
40.225322246551514,-10.041276916348089,7.991436214719387,-0.7518154158464126,1.0867569430189676,6.597968544737404e-10,0.13646110730327513
40.25002908706665,-10.021650294568387,7.97314721590497,-0.748455013736045,1.084722999595524,5.982948889582552e-10,0.13554231322026905
40.27501726150513,-10.001778935264824,7.954754800777222,-0.7450799902345866,1.0826647630899102,5.418988194372737e-10,0.13461518766757966
40.30009436607361,-9.981813062795712,7.93639942262571,-0.741716313946701,1.0806182780059008,4.906450333009411e-10,0.13368456336390827
40.3251268863678,-9.96185820884425,7.918177112261394,-0.738381725152956,1.0785825310681407,4.4432063163599175e-10,0.1327560945530661
40.35011291503906,-9.941917855029356,7.900089080099082,-0.7350765123384209,1.0765397466417197,4.024421657876725e-10,0.13182845288793543
40.3750364780426,-9.92199589017939,7.882136859113729,-0.7318012050047935,1.0745016788866169,3.645854627362723e-10,0.13088760660520216
40.399964809417725,-9.902058043393499,7.864287883818119,-0.728549295489765,1.0724688415402397,3.302983316070484e-10,0.13001423768295628
40.42498445510864,-9.882027863410682,7.846473060072261,-0.7253080825112503,1.070450215954677,2.99128376860499e-10,0.12909183941161123
40.45014500617981,-9.861862686410182,7.828654803203966,-0.7220722930851132,1.0684237590685173,2.7073796815113583e-10,0.1281013861350868
40.47505021095276,-9.841886645071947,7.811117418339559,-0.718894796845872,1.0664107151312459,2.453037252146865e-10,0.12708798377931985
40.499958515167236,-9.82188765069331,7.793671671476294,-0.7157411842655906,1.0644128809816191,2.2225540325351566e-10,0.1261177026702051
40.52505564689636,-9.801735468045441,7.776203861962843,-0.7125893828539119,1.0623950836707057,2.0122911298740955e-10,0.12523365828417496
40.550010204315186,-9.781652939697524,7.758906367713717,-0.7094722789253615,1.0603585097754866,1.8226745264729334e-10,0.12441243766999695
40.57504105567932,-9.76150780176289,7.741663816425777,-0.7063673032179716,1.0583024623215715,1.650489145636037e-10,0.12367321214947588
40.599971532821655,-9.74142998319697,7.724586084975304,-0.7032924270906799,1.0562632719717393,1.4952048342699163e-10,0.12300418918198902
40.625109910964966,-9.721174152128969,7.7074641576921765,-0.70020865127003,1.0542046222228727,1.3533723386599968e-10,0.12237766142771982
40.65008783340454,-9.701033347478392,7.690545071771574,-0.6971596726367582,1.0521479925354087,1.2257842637836543e-10,0.12177515044672003
40.67504167556763,-9.68089303686391,7.673730583118703,-0.6941277860566171,1.0500946944781013,1.1102936140332999e-10,0.12115899986360154
40.70020365715027,-9.660583967193483,7.656879577178671,-0.6910873154880522,1.0480341443681123,1.0048736180304367e-10,0.1205758457706948
40.725361347198486,-9.640259914870063,7.640119967296314,-0.6880615406196217,1.0459743094248424,9.094421824685824e-11,0.11994392695179674
40.75003790855408,-9.620315950910634,7.623773676797347,-0.6851102955797816,1.043951835476458,8.247236693730359e-11,0.1192432786777373
40.7750518321991,-9.600091682334918,7.607297549421712,-0.6821380511503473,1.0419148771873186,7.46862751161963e-11,0.11842039564140326
40.800029277801514,-9.579887656835249,7.590937147283108,-0.679192109681043,1.0399045252140648,6.764681735521056e-11,0.11748499554618747
40.825111389160156,-9.559590375649798,7.574599820437193,-0.676256510423979,1.0379118542681354,6.124566269871608e-11,0.11661727285353093
40.85006880760193,-9.539382272785131,7.558431193376608,-0.6733578713820765,1.0359499808989268,5.547908388284526e-11,0.11565900745806579
40.875070095062256,-9.519128854295664,7.542322059818601,-0.6704786538828691,1.0340076204732693,5.024689864779984e-11,0.1146415907683397
40.90001821517944,-9.49891261789914,7.5263367883108305,-0.6676314867292034,1.0320999738578343,4.551994681537389e-11,0.11360759853785471
40.925023555755615,-9.478641008550758,7.510401011018058,-0.6648034733411076,1.030234796783536,4.1229454653308396e-11,0.11257940229774854
40.94999384880066,-9.458386428912682,7.49457062046565,-0.6620043787591852,1.0284308039766807,3.7350282482832865e-11,0.11157801538881296
40.97509503364563,-9.438026378875566,7.47874921176883,-0.6592166655886755,1.026670278137003,3.3821002985194304e-11,0.11061007559310919
41.00013971328735,-9.417694607098003,7.463040020725731,-0.6564573190514839,1.0249597355728977,3.0632408081394025e-11,0.1097239504708244
41.025028705596924,-9.397481096950385,7.447510460908326,-0.6537367685829313,1.0233275154169215,2.7764323657778082e-11,0.1088881050332304
41.050116300582886,-9.37709866065606,7.431939129089518,-0.6510153472220103,1.0217498624327792,2.5146036716498503e-11,0.10809348039040381
41.07510042190552,-9.356788283828775,7.416509708595946,-0.6483243673452787,1.0202443628677411,2.2785747081236326e-11,0.10734123232719597
41.10002136230469,-9.336511419889941,7.401191236659163,-0.6456577793046271,1.0188200573593784,2.065332463457218e-11,0.1066204810655835
41.12502956390381,-9.316155355429107,7.385897881447537,-0.6429997663971645,1.017452363315947,1.8715252815333267e-11,0.10595838524524018
41.15006685256958,-9.295763706731083,7.370662202222213,-0.6403553066895036,1.0161259927898592,1.695782904501304e-11,0.10530737167677533
41.17504596710205,-9.275402433028054,7.355532608272899,-0.637732802376118,1.0148406618323362,1.536942874310136e-11,0.10465903827940588
41.20007085800171,-9.254991052923,7.340448520770457,-0.6351220597502828,1.0136027782628119,1.3927932833772191e-11,0.1039977263763044
41.225146532058716,-9.234524198027913,7.325405710670314,-0.6325230739203624,1.0124208370063323,1.2619747673115514e-11,0.10330689019211227
41.25011587142944,-9.214127131088802,7.310495243195542,-0.6299526016062481,1.0112918027748627,1.1439888792299863e-11,0.10257995278855525
41.2751145362854,-9.193690693589875,7.295636205547623,-0.6273977712192778,1.0102113673548394,1.0369604259960684e-11,0.1018183542268973
41.30006694793701,-9.173274263522197,7.280870945715714,-0.6248656374884178,1.0091849580782117,9.40165282389828e-12,0.10112520050347344
41.32498002052307,-9.152872384197575,7.266194415235959,-0.6223549352693436,1.0082079711131782,8.5257986848823e-12,0.10041062598481407
41.35016465187073,-9.132232991841816,7.251425658542498,-0.6198353903462346,1.0072824464357732,7.723458494133352e-12,0.09967983392827548
41.3751277923584,-9.111756027600327,7.236850376497304,-0.6173561788720823,1.0064342466383753,7.003465928153453e-12,0.09894862289098141
41.39996886253357,-9.09136069187583,7.222408780850789,-0.614907299328592,1.0056487578821625,6.354167759012049e-12,0.09821975009956412
41.42526841163635,-9.070567228747887,7.207762017644394,-0.6124314279043628,1.0049030516510156,5.7544699777421286e-12,0.09749635277993618
41.450063705444336,-9.05017032765871,7.193468996949648,-0.6100221577770492,1.0042204571594608,5.222504243353992e-12,0.09685300645866293
41.47505807876587,-9.029586181226856,7.179118643102636,-0.6076090703956595,1.0035917936452754,4.736066053233663e-12,0.09623278951346792
41.49997901916504,-9.00903810667818,7.164866661999402,-0.6052178908016436,1.0030390579415176,4.29650040959817e-12,0.0956433470231524
41.525126218795776,-8.988285838099662,7.150546523314801,-0.6028203722651947,1.0025667592585066,3.894561569121815e-12,0.09506677688676594
41.5500545501709,-8.967683949555877,7.136402430775821,-0.6004567029930309,1.0021886162327052,3.5336193298511886e-12,0.09455331415424471
41.57610774040222,-8.946811392876517,7.122145207923976,-0.5980787999418878,1.0018896026237372,3.202520848094366e-12,0.09397717308658314
41.599992513656616,-8.926339547930407,7.1082320381353465,-0.5957630504293322,1.0016658695311136,2.908799770463073e-12,0.09346992876208116
41.62501049041748,-8.905578452810117,7.094192712741852,-0.5934307532838272,1.0014996942152623,2.638781237448709e-12,0.09294362035052876
41.65009021759033,-8.884745524268375,7.080175376756353,-0.5911072228489537,1.0014123049873485,2.3935234692868465e-12,0.09239625741353402
41.67507743835449,-8.863950558689725,7.066253341014574,-0.5888054712357518,1.0014161672938415,2.1719987940791318e-12,0.09181962250831971
41.699978828430176,-8.84319470427017,7.052426234233649,-0.586526400058326,1.0015074737405103,1.971843033533114e-12,0.0912132180267508
41.72531819343567,-8.822044227133885,7.038406092558652,-0.5842236499921357,1.0016996500696123,1.787161800241646e-12,0.09057301533965564
41.75008273124695,-8.801335768171537,7.024746490603191,-0.5819877592756222,1.0019791143887302,1.6237095366583658e-12,0.09001585247687964
41.77502179145813,-8.780435758761813,7.011027540808936,-0.5797494730968085,1.002338712073688,1.4742154447948197e-12,0.08943068777173419
41.799983501434326,-8.759485200732573,6.997342209268365,-0.5775247512507441,1.002770297955888,1.3385049136516978e-12,0.08882855584685984
41.825451612472534,-8.738070946213405,6.983422300473737,-0.5752707621352539,1.0032947327514405,1.2129038808324796e-12,0.08820741154727814
41.85014486312866,-8.71726692980116,6.9699644372598994,-0.5731003519756751,1.0038898632374165,1.102649124232162e-12,0.08761431303214427
41.87513327598572,-8.696166350596439,6.956379778334423,-0.570918075533645,1.0045678606963968,1.0012692383807458e-12,0.08703970995120211
41.90030074119568,-8.674868896380312,6.942734046079473,-0.5687337925054226,1.0053144848150655,9.086043178873389e-13,0.08652494816300166
41.92498445510864,-8.653933715839274,6.929384043817874,-0.566603461164055,1.0060989178170487,8.261659481686787e-13,0.08605092145396588
41.95011830329895,-8.632579516859717,6.915831137221729,-0.5644468633837962,1.006963293196128,7.499211130410331e-13,0.08559896720544234
41.97545552253723,-8.611002100432536,6.902201847790551,-0.5622836657592738,1.0079100837971264,6.801975485598546e-13,0.08518175980654207
42.00001001358032,-8.590033127423629,6.889019145226853,-0.5601956790085444,1.0088901772686987,6.189200906301243e-13,0.0848341314978842
42.025060415267944,-8.568613612430678,6.875615989001396,-0.5580757470383281,1.0099594175921298,5.621352931805154e-13,0.08454713930277773
42.050102949142456,-8.547120380700635,6.862229956487912,-0.5559603440518486,1.0111022010173405,5.105438700177204e-13,0.08430019119008814
42.07520627975464,-8.525535993749832,6.8488504092807725,-0.5538467489789805,1.0123066714753028,4.636316285079409e-13,0.0841065803280045
42.10004162788391,-8.504123897397347,6.835639833804563,-0.5517592969008662,1.013550403075613,4.214974580932557e-13,0.08397654705542289
42.12514853477478,-8.482428914518191,6.822317467990393,-0.5496516236209883,1.014867135169299,3.8280670057475545e-13,0.08395027649208125
42.15002393722534,-8.460866390966247,6.809138679871115,-0.5475614039537912,1.016234085563015,3.479939867063353e-13,0.0840465825974605
42.175060749053955,-8.439115009693555,6.795907068143494,-0.5454551195916957,1.0176586270964354,3.1616905687252325e-13,0.08421739035580808
42.19998836517334,-8.417400099286628,6.782760151451842,-0.5433537918772998,1.019117403205319,2.873917592031597e-13,0.0843860521233441
42.22504711151123,-8.395520474536985,6.769576473821328,-0.5412382147386922,1.020618197172865,2.611152866123922e-13,0.08454261151259626
42.25038933753967,-8.373311916645855,6.75625899782352,-0.5390937674560774,1.0221846422374357,2.3695967900650084e-13,0.0846252796578239
42.27521729469299,-8.35150382439152,6.743244518506992,-0.5369935745554946,1.023771130949962,2.1550571752050844e-13,0.08456893124861282
42.29994559288025,-8.329711041521467,6.73030101055883,-0.5349049255448592,1.0253934722294293,1.9607023191403426e-13,0.08428794106102094
42.325056314468384,-8.307543406610524,6.717197766914643,-0.5327930033708974,1.0270795702514022,1.7814087702197893e-13,0.08404363616675173
42.350003719329834,-8.285426241245453,6.704187023156257,-0.5307012012263842,1.0287948700947291,1.6194081182051702e-13,0.08354918538854371
42.37501668930054,-8.263201665287607,6.691175446780304,-0.5286200658943617,1.0305619165184927,1.4719198465104037e-13,0.08286784181320488
42.400290966033936,-8.240922942006044,6.678194074399969,-0.5265576889056814,1.032385556674048,1.338004487382671e-13,0.08213472086133018
42.425419330596924,-8.21821831886541,6.665027422206491,-0.5244794090383659,1.0342893398448347,1.2143706502777114e-13,0.08151276167275517
42.450114727020264,-8.196078008032913,6.65224838321532,-0.5224713055012952,1.0361812907678274,1.1053252812688693e-13,0.08112914063732451
42.476994037628174,-8.171895464882134,6.638358006062983,-0.520291835831897,1.0383045822476578,9.972955679306002e-14,0.08099364098255588
42.499987840652466,-8.151152055697146,6.626498721573309,-0.518430628252268,1.040180245257319,9.140184359831519e-14,0.08090723048148159
42.52502202987671,-8.128496993299377,6.613604894584347,-0.5164025492002036,1.0422699806874076,8.309336701528595e-14,0.08111102032130849
42.550092697143555,-8.105739786421173,6.6007141191834515,-0.5143631289836901,1.0444027087229986,7.553275740914674e-14,0.08159876767676118
42.57535529136658,-8.08274248127009,6.587749648450345,-0.5122948311484218,1.0466106942897941,6.861352746178e-14,0.08222193846634199
42.5999755859375,-8.060235709527902,6.575122445211855,-0.5102635123311913,1.0488320278693979,6.248636649956326e-14,0.08271463824226578
42.62510824203491,-8.037196866396759,6.562258964502107,-0.5081819478673417,1.0511469575658043,5.679546688880123e-14,0.08294622092574601
42.65005016326904,-8.01425156760939,6.5495101470836286,-0.5061100687135349,1.0534781491149958,5.166265810544858e-14,0.08317440201059431
42.67502737045288,-7.991198905406687,6.536764203161472,-0.5040333007271383,1.0558383170831083,4.69885993085919e-14,0.08312307485775582
42.700098276138306,-7.96798089194113,6.523989791780507,-0.5019529375716846,1.0582561084719302,4.272319651572206e-14,0.08284060945401116
42.72510099411011,-7.944745886459246,6.5112687178211495,-0.49988722829913235,1.060724828497412,3.885743944647271e-14,0.08240197058640839
42.75004291534424,-7.92148437589255,6.49859526971679,-0.49783823953949924,1.063225275807635,3.5350716801449244e-14,0.081884705028474
42.775044441223145,-7.898087556043803,6.485910076360516,-0.4957976820413595,1.06575912236828,3.2153685679618576e-14,0.08134659809573053
42.79999566078186,-7.874656007886761,6.473267597821696,-0.4937737900833299,1.0683088701675472,2.92520229618747e-14,0.0808758626127774
42.82497525215149,-7.851116615992141,6.46062823251514,-0.4917592833316754,1.0709032244219807,2.6610188100817712e-14,0.08041720923976978
42.85012435913086,-7.827339631480738,6.447922964403762,-0.4897427530704965,1.0735657081118846,2.419222748393085e-14,0.07999040367247345
42.87513566017151,-7.803602622015178,6.435300210314211,-0.4877465618925851,1.0762477895544416,2.200605051870937e-14,0.07963379795536746
42.900020599365234,-7.779896969210155,6.422754502772527,-0.48576741179156263,1.0789398834842445,2.002742864844666e-14,0.07940089157954457
42.9250545501709,-7.755982154758782,6.410158713559358,-0.48378188226492613,1.081664269729034,1.8217438943664572e-14,0.07931457794594705
42.95001578330994,-7.732023994501839,6.397600713998076,-0.4818016588909658,1.0843994946385116,1.6574056092734974e-14,0.07925475118056867
42.97504281997681,-7.707928601451334,6.385031600767152,-0.47981713061591574,1.0871669288106383,1.5075979767091107e-14,0.07931999451465997
43.00000333786011,-7.683818540994935,6.372515585583841,-0.4778358279414967,1.0899629268709339,1.3717752503765558e-14,0.07946986825958872
43.02510643005371,-7.659477258582318,6.359940945183519,-0.47583843494435807,1.0928047303397865,1.2474774959974158e-14,0.07966339737400163
43.05011224746704,-7.635143233826367,6.347431521923668,-0.47384389693801277,1.0956706640353593,1.1349166488853803e-14,0.07986946858543745
43.07510590553284,-7.610731206395124,6.334943559465147,-0.471845210751841,1.0985767098182617,1.032591175730036e-14,0.08006833365443494
43.10029339790344,-7.586037710417998,6.322374139278008,-0.46982586463373316,1.1015361160932753,9.387829914284432e-15,0.08027213068040867
43.125059604644775,-7.561685612344675,6.310039883700179,-0.4678370819977384,1.1044641141633238,8.549996519016066e-15,0.0804472937861245
43.150099992752075,-7.536937884909689,6.2975674759264635,-0.4658193825145246,1.107445432880025,7.777429835870308e-15,0.08059498001168675
43.17505764961243,-7.512200633657442,6.285162798599118,-0.46380671428350606,1.110427420397984,7.077606803924553e-15,0.08071033563149117
43.199979305267334,-7.4874007632365815,6.2727891255964074,-0.46179403663610247,1.11341416825403,6.441500399029609e-15,0.08078392167360093
43.225006103515625,-7.462402925618278,6.26037961745027,-0.45977076678944384,1.1164228460313412,5.8600953649327e-15,0.08087106204733245
43.250049114227295,-7.437305246921603,6.2479838134573695,-0.4577452491318475,1.1194420742660651,5.331024440813537e-15,0.08091753619323516
43.27531838417053,-7.411883548223836,6.235492272753945,-0.45570029509432547,1.1224946800855267,4.845290809951964e-15,0.08094174253350754
43.29999804496765,-7.386958132685184,6.223307080175524,-0.4537025487979997,1.1255001779659313,4.4141139990545205e-15,0.08092539953907012
43.32507061958313,-7.361567393494889,6.210957639885187,-0.45167677986582194,1.128584761483794,4.015523272884124e-15,0.08079920568739585
43.35006403923035,-7.336124163049572,6.19864624344957,-0.44965711732111857,1.1316720659892767,3.65352349935816e-15,0.08070425447158457
43.37511587142944,-7.310551085785304,6.186335665514902,-0.4476406533458334,1.134755651081782,3.3236504233157853e-15,0.08031926193955584
43.4000289440155,-7.285015130355731,6.174106015399189,-0.44564341112753886,1.1378129493163558,3.0250485946396337e-15,0.07998836291676237
43.42510747909546,-7.25928355337409,6.161845785949726,-0.443647154814146,1.1408648661709022,2.752120957383417e-15,0.07960158228508528
43.45011782646179,-7.233402790985261,6.14957772269108,-0.4416562860980335,1.1439119639157285,2.503235709183559e-15,0.07921414560032326
43.47504949569702,-7.207567921545586,6.137394030364802,-0.43968513716320917,1.1469331512747403,2.2780375199623562e-15,0.0788742305630257
43.500001192092896,-7.181629116767898,6.1252236579596975,-0.43772033258827103,1.1499346639832018,2.0729512329551586e-15,0.07863233775368933
43.52515530586243,-7.155389259305345,6.112975041289587,-0.43574536308017353,1.1529282576304616,1.8847581166961415e-15,0.07842590049666633
43.550076723098755,-7.129294181818683,6.100856374127218,-0.43379124073353786,1.1558619714885607,1.7151297570489033e-15,0.07838235107467989
43.57575035095215,-7.102316784789595,6.088392957766048,-0.43177678779587597,1.1588648835024398,1.556055012118938e-15,0.07852656164130739
43.600130796432495,-7.0766084138502965,6.076577102196061,-0.42985845909872855,1.1617041657511242,1.4189875079165165e-15,0.07880923919335497
43.625070333480835,-7.050251280238086,6.064525049443353,-0.42788993354588734,1.164584025103007,1.2912299824685042e-15,0.0791984098187394
43.65004849433899,-7.023719015654643,6.052456275724798,-0.4259045383031014,1.1674377985620843,1.1745517570802627e-15,0.07964480100700395
43.675025939941406,-6.997119640567079,6.040420809959568,-0.4239094076766099,1.170250574396098,1.0684604984141323e-15,0.08010563838602212
43.69996953010559,-6.970469530549085,6.028426522792558,-0.42190587260058504,1.173022833833074,9.720496998964375e-16,0.08053973710604327
43.72500133514404,-6.943637946606028,6.016415436401002,-0.41988458235522397,1.1757798930129628,8.8400385970161865e-16,0.08095876101245478
43.750035762786865,-6.91671294585122,6.004427974781982,-0.41785272733215767,1.1785989293487449,8.039536255407883e-16,0.08135142648132442
43.77504205703735,-6.8897331928921375,5.992481875596566,-0.415813972974635,1.1815215836328687,7.313101278855864e-16,0.08172304321744234
43.80001425743103,-6.862699287256664,5.980577763430044,-0.41376889349646284,1.1845123479516593,6.653597793910866e-16,0.08208634177874274
43.82510447502136,-6.835442917912627,5.968642486466741,-0.41170508775144277,1.1875738182701927,6.050960890886901e-16,0.08244152120237393
43.85002374649048,-6.8082722734703065,5.956811438655687,-0.4096459324292097,1.190663010773244,5.50672922788289e-16,0.08280921852324247
43.874995946884155,-6.7809507650147385,5.944981786510276,-0.40757305953716827,1.1937907863380581,5.0105401705560595e-16,0.08320515861980153
43.900094985961914,-6.75339014750208,5.933116731865562,-0.40547861890443754,1.1969711479338072,4.556819425529175e-16,0.08367129441475439
43.92507290840149,-6.725896520450883,5.9213487176671995,-0.40338322084171524,1.2001671271710472,4.146749482384071e-16,0.0842856837754443
43.950061321258545,-6.698236378267476,5.909578308366472,-0.4012648896550625,1.203386014123449,3.7726783414996053e-16,0.08509135628548714
43.97587776184082,-6.669773157783833,5.897538583137829,-0.3990696911398691,1.206688234142544,3.4236936406077387e-16,0.08609902904992227
44.00000786781311,-6.642709097012462,5.886159207769421,-0.396966797228131,1.2098135226646143,3.123645697237832e-16,0.086987786159019
44.025007247924805,-6.6147633974056275,5.874479623523631,-0.3947783063039192,1.2130218884033221,2.841909791491069e-16,0.08807635088726697
44.050060987472534,-6.586661500276288,5.86280747777927,-0.3925562981875791,1.2162243147116973,2.5850226803151525e-16,0.08931169455159868
44.075045585632324,-6.5585361443893095,5.851199220791669,-0.3903081198199673,1.2194108182612498,2.3519616440650287e-16,0.09065405670031486
44.09999179840088,-6.53036253533847,5.839645604255536,-0.3880294741822902,1.2225845388557548,2.1402739722440737e-16,0.09208382016916761
44.12510538101196,-6.501886888499611,5.828044729165763,-0.38569775900326614,1.2257577802846111,1.9462082243810126e-16,0.09358234188229211
44.15003228187561,-6.473522463103695,5.816566522455327,-0.3833474767248234,1.2288781848017993,1.7709949010886426e-16,0.09495801268638679
44.174997091293335,-6.445020794254153,5.805111284124295,-0.38095940123579003,1.2319840835425717,1.6113066470982816e-16,0.09635794926365583
44.199984073638916,-6.416395031794676,5.793686117184335,-0.37853386974012015,1.2350794567959948,1.4658664166048409e-16,0.09779097264031476
44.22505283355713,-6.387590150846989,5.782271105610664,-0.37606421915446375,1.2381293552304442,1.3331191932848328e-16,0.09934137875012736
44.25003147125244,-6.35876145199721,5.770929511686032,-0.37356038516629086,1.241082840560083,1.2126113266386131e-16,0.10103589534186379
44.27502727508545,-6.329829956593894,5.7596317757738,-0.3710122844674071,1.2439652868881517,1.102902806387747e-16,0.10283951926178063
44.30152487754822,-6.299315471412333,5.747808510308976,-0.3682871810929217,1.24694028558141,9.979530266735146e-17,0.1045867768382068
44.325007915496826,-6.271697189992846,5.737190314218189,-0.36578870460941665,1.2495673383783563,9.122569321855018e-17,0.1062170591530271
44.350078105926514,-6.242399662165757,5.726013555006084,-0.3631044405380949,1.252271422770945,8.293528766693504e-17,0.10794952680591782
44.375070571899414,-6.213095662536689,5.714924922919239,-0.3603859112061015,1.254891421288296,7.541547983560489e-17,0.10958755650687835
44.39998650550842,-6.183788043096283,5.703926428967872,-0.3576371645832523,1.2574259714357663,6.859322023122138e-17,0.11101944908330533
44.42498016357422,-6.154305455236587,5.692955331737714,-0.3548477178554128,1.2598893262865085,6.236572661821038e-17,0.11219881537073534
44.450040102005005,-6.1246549282789795,5.68201641741066,-0.3520222520692073,1.2622896384029523,5.668487105029816e-17,0.11328988898804859
44.475013732910156,-6.095024115024517,5.671180046793986,-0.3491827013584298,1.2646185554643679,5.153721873781277e-17,0.1141351734087269
44.50003981590271,-6.06524147058559,5.660384364104749,-0.34631829106125084,1.2669028709670416,4.6844467622536424e-17,0.1147655230419921
44.525009632110596,-6.0354438304253,5.649679843638736,-0.34344679711558984,1.2691357459863388,4.258721482992286e-17,0.11523283740646015
44.550069093704224,-6.005458323954326,5.639005300828449,-0.3405549593095229,1.2713187589038881,3.87013362506828e-17,0.1155822831718581
44.575035095214844,-5.975500436763505,5.628438054946808,-0.3376664278855575,1.273433028729372,3.5181080685988256e-17,0.11580864869900889
44.59996700286865,-5.945502825351606,5.617954157163622,-0.3347761869294167,1.2754898288139218,3.19838153443788e-17,0.11602669652260264
44.62499713897705,-5.91530931126525,5.607499887383856,-0.3318706008368935,1.2774925348508093,2.906422785036261e-17,0.11612999909969118
44.650044441223145,-5.8850205163934115,5.597111147402733,-0.328961698691995,1.2794371131914397,2.640824985357532e-17,0.116151316469075
44.67504334449768,-5.854715339721381,5.586815136778806,-0.3260572433024258,1.2813302667484503,2.3998748187728936e-17,0.1162279431313454
44.69998240470886,-5.824404835835052,5.576615380139365,-0.323153692883125,1.2831680062907544,2.1813128530596253e-17,0.11660509273012727
44.72509694099426,-5.7938157123460385,5.566421199576818,-0.3202156326810666,1.2849478323279124,1.9811936693552376e-17,0.11740755350732714
44.75001835823059,-5.763383710927144,5.55637858452588,-0.3172803246654651,1.2866384823571309,1.8006793283952967e-17,0.11813979197287894
44.774988651275635,-5.732823459255717,5.546393476414592,-0.3143167907001286,1.2882779665498925,1.6362205805574923e-17,0.11921112252405162
44.80034804344177,-5.7017208234350125,5.536334347285974,-0.3112779421973157,1.2898996020898563,1.484415132066673e-17,0.12046418124254626
44.82506465911865,-5.6713529147789785,5.526613884028813,-0.30828671616166514,1.2914189192519547,1.3501804315421287e-17,0.1216921329804437
44.850050926208496,-5.6405594594505954,5.516859769116641,-0.3052301323001781,1.2928907472726507,1.2265700447247184e-17,0.12285376479513388
44.875033140182495,-5.609720076136783,5.507195168004663,-0.3021480911707976,1.2943079711062515,1.114295389264166e-17,0.12387530934282727
44.899998903274536,-5.578839823653088,5.497622561955939,-0.29904381412475745,1.2956760878815632,1.0123320413180509e-17,0.12481172564463003
44.92498421669006,-5.547872465340419,5.48812863678957,-0.29591573546570055,1.2970022701148658,9.195915571734364e-18,0.12557751874428968
44.95002818107605,-5.516767088161353,5.478699175564026,-0.29276278283674984,1.2982627956992243,8.35091685587377e-18,0.12617447488693315
44.975035667419434,-5.485656707179305,5.469375338102,-0.2896022417070604,1.2994466026797025,7.58444924307883e-18,0.12662086964892363
44.999961137771606,-5.454588007328526,5.4601709034677945,-0.2864424080467593,1.3005695284146335,6.890226648342945e-18,0.12692029714885797
45.025015354156494,-5.423301622128515,5.45100980259197,-0.2832601909562652,1.3016329486161367,6.255934012178398e-18,0.12709062355666514
45.05004000663757,-5.392000864499391,5.441952541151954,-0.28007787202014595,1.3026299678306827,5.68046916812567e-18,0.127248317846526
45.075032472610474,-5.360691539045768,5.433000659726656,-0.27689711752534124,1.303569072508446,5.1584364360891135e-18,0.12731781326149164
45.10063719749451,-5.328562332889572,5.423926183324051,-0.27363743512428995,1.3044903528874827,4.672597658145624e-18,0.1273222828416092
45.125056982040405,-5.297879202018863,5.415365513053607,-0.2705301536178899,1.3053427685619827,4.252911982697742e-18,0.12725274950392643
45.15005350112915,-5.266397000064873,5.406688495226636,-0.2673495879785676,1.3061598506257437,3.86139291350705e-18,0.12709652051949547
45.175045013427734,-5.2348936404114905,5.398113240771416,-0.26417650267409337,1.3069142732632668,3.506032560201866e-18,0.12685761322188754
45.1999614238739,-5.203435441960196,5.389657152989851,-0.26101809178472685,1.307628015569861,3.1842002229571104e-18,0.12664418379351225
45.22498393058777,-5.171802416098994,5.3812612297641085,-0.2578529359546114,1.3083101477659762,2.8906126365619276e-18,0.12634340318022375
45.25022029876709,-5.139855743440499,5.372890530802348,-0.2546691997138005,1.3089518973285685,2.6217187915963634e-18,0.12596959261361923
45.27503705024719,-5.108400356013818,5.364754442082112,-0.2515480286263619,1.309544873397319,2.3818305043463968e-18,0.12557326223743387
45.29998254776001,-5.076742127001995,5.356671327268204,-0.2484208440289556,1.3101044965701003,2.162698438478321e-18,0.12515088936690932
45.32509469985962,-5.044837310310333,5.348631603584643,-0.24528457707441118,1.3106204175056835,1.9623466025605867e-18,0.12465882567485005
45.35002660751343,-5.013116344778246,5.340743362756916,-0.242181646223896,1.311093057960907,1.7817581966860556e-18,0.12421613484570414
45.37505841255188,-4.981241782476317,5.332921861937338,-0.23907932617325134,1.3115332455410371,1.6171357099394249e-18,0.123686958220287
45.39998435974121,-4.949462681499827,5.325227789080071,-0.23600355539451415,1.3119559352546843,1.4683139323267728e-18,0.12309978069523492
45.42512536048889,-4.91738040479973,5.317564883964716,-0.2329170613171408,1.3123800815178222,1.3320412189604488e-18,0.12246817356802955
45.45004844665527,-4.8855287798864495,5.310060215922293,-0.22987212362359785,1.312910245299082,1.2095378293061294e-18,0.12181411054333001
45.47505211830139,-4.853547067693119,5.302627480826374,-0.2268352591194724,1.3136288465122594,1.0981351926002404e-18,0.12111769673560863
45.50002884864807,-4.82154877171606,5.295292922426183,-0.2238171189494968,1.3144891784332104,9.971800402786228e-19,0.12050495781899452
45.52508234977722,-4.789421654971301,5.288030693772609,-0.22080697540926084,1.3154616964126276,9.05339467677028e-19,0.11984345701314111
45.55020070075989,-4.757156483380722,5.280839137884552,-0.21780498050887645,1.3165197202460335,8.217713334831803e-19,0.11917419601707767
45.57502865791321,-4.7252185237597395,5.273820232467848,-0.21485386124605585,1.3176238311186206,7.468307509797959e-19,0.1185516051370298
45.59997272491455,-4.6930818968578825,5.266857020215571,-0.2119021261500697,1.3187732046129843,6.784232266311842e-19,0.11810842230108122
45.625067949295044,-4.660740224134841,5.259949393649963,-0.20894034478629575,1.3199544653978985,6.159916859975298e-19,0.11821049011111204
45.65002965927124,-4.628446522052378,5.253151853054997,-0.20598489984927587,1.321150018192428,5.594831388651052e-19,0.11831418747525312
45.675023555755615,-4.596098541369962,5.246442845361119,-0.2030148565241157,1.3223562126552535,5.08154293352904e-19,0.11934308655226965
45.69999432563782,-4.563733540707196,5.239831031981354,-0.20000943488815603,1.323564111881882,4.615818769510808e-19,0.1213865885291653
45.72506070137024,-4.531219260613965,5.233291595842598,-0.19693326598310426,1.3247783663752741,4.191480784647557e-19,0.12425496569799953
45.75003361701965,-4.498722703342374,5.2268608399789445,-0.1937857518569684,1.3259904452896571,3.806952741228572e-19,0.12760784198307643
45.77503943443298,-4.466162496305138,5.220525388840567,-0.19055038309821062,1.3271958991944584,3.4575336232884723e-19,0.13117676836003925
45.79997491836548,-4.433638827473697,5.214307500610645,-0.18723855471747466,1.328389042285985,3.141004724321107e-19,0.13442823874817786
45.82507276535034,-4.400969415398718,5.208175382194197,-0.18383440999538078,1.329579764738707,2.852591403284831e-19,0.13777963472864208
45.85003662109375,-4.368202440483775,5.202141853213078,-0.18034167860636308,1.3307637224898479,2.5902624690638515e-19,0.14110783282042305
45.87504053115845,-4.335439017362897,5.196228506372824,-0.17677336158220125,1.331929458981386,2.3524166900330186e-19,0.14428101613450575
45.900004148483276,-4.302688101726231,5.190439201582677,-0.17313568069708665,1.333070518201324,2.1367815887299763e-19,0.14720600350862037
45.92507290840149,-4.269787359344895,5.184748144977633,-0.16941715280594588,1.3341935733314498,1.9402768338965826e-19,0.14984511587815902
45.95004463195801,-4.236878110392067,5.17918258010666,-0.1656400360444584,1.3352992184340449,1.762038127389662e-19,0.152253792767648
45.97502589225769,-4.203956341519388,5.173743626909468,-0.16181078120610193,1.336385612449373,1.6003244945414579e-19,0.1543447458586848
45.99997591972351,-4.171022357139097,5.168432890923418,-0.1579379469410931,1.3374460228119507,1.4535803458268157e-19,0.1560719907422505
46.025062799453735,-4.1378881070681395,5.163222430715889,-0.15400821253425304,1.338481404911208,1.3196390275530789e-19,0.15744160659711004
46.053784132003784,-4.0998471980431725,5.157405398035669,-0.14946617982838178,1.339628794060227,1.1801867828410767e-19,0.15864706045718246
46.075000524520874,-4.071724496440428,5.1532188862980615,-0.14609312824867474,1.3404480007532737,1.0881077435021493e-19,0.1592990461465094
46.09994649887085,-4.038620614239114,5.148415221379925,-0.14211034708570044,1.3413822683241456,9.882627032351833e-20,0.1600119403519033
46.12515425682068,-4.005128255053696,5.143692294421504,-0.13807074560005703,1.342294661024996,8.966088168012439e-20,0.16050220788227648
46.150185346603394,-3.9718303577359,5.139133596940069,-0.13404963388722535,1.3431658904828763,8.140180682688661e-20,0.1608013067688513
46.17504262924194,-3.9387219170377805,5.134736032506705,-0.13005039738823174,1.3439953402768672,7.395295727047856e-20,0.1609603642617806
46.19996452331543,-3.905489153030057,5.130457365428675,-0.12603784517038338,1.3447891228258952,6.716605022899286e-20,0.16102784115377478
46.2250542640686,-3.872030994174806,5.126286497879246,-0.12200128152611181,1.345549562416812,6.096518234298782e-20,0.16105524005919217
46.25000810623169,-3.838656702710846,5.122262597009798,-0.11797833901893948,1.3462748117553596,5.535542128165716e-20,0.16108447681506255
46.2750039100647,-3.8052262978588165,5.118368366254045,-0.1139520147600191,1.3469707040389278,5.0257277914181277e-20,0.16110845514848926
46.29999899864197,-3.771754281962484,5.11460585200339,-0.10992395492324934,1.3476357810966146,4.562631630289234e-20,0.16113381966766344
46.32507085800171,-3.738182457298586,5.110969145853652,-0.10588702158896676,1.3482717235094432,4.1412497517381115e-20,0.1611570647661174
46.35003614425659,-3.7046720065621632,5.107475718485298,-0.10186058864240041,1.348875536724661,3.759737698111187e-20,0.16117044113746878
46.37503480911255,-3.6711129799205953,5.1041138037423535,-0.0978318350090977,1.349448568330127,3.413084757630978e-20,0.16114919253879056
46.399956703186035,-3.6376294057994554,5.100895427957061,-0.09381585575678383,1.3499921979968663,3.0992912238517103e-20,0.1611329219509104
46.425023794174194,-3.6039222596090004,5.097792513886015,-0.08977750871676918,1.3505134787747743,2.8126121884017e-20,0.16104371750665558
46.45010733604431,-3.5701789909269315,5.094823618346981,-0.08574113312310094,1.3510168663085511,2.552330243305603e-20,0.1608699461867608
46.47504949569702,-3.5365896528401466,5.092004402549126,-0.08173138136888251,1.3515049233207035,2.317358528203033e-20,0.16061495002444662
46.50056004524231,-3.5022209736126784,5.08925994325611,-0.07763919697383084,1.351986753347919,2.0991907438774952e-20,0.16026071683004794
46.52547764778137,-3.4686241024697306,5.086713675183642,-0.07365126013664271,1.3524412726421335,1.9061065611516317e-20,0.1598357090759391
46.550052881240845,-3.4354614129084196,5.084332216192957,-0.06972716518594758,1.352877430353339,1.733140480611506e-20,0.15945843909036048
46.57503128051758,-3.4017384319270705,5.082044415371547,-0.06574927151739933,1.3533070425370775,1.5732912017365713e-20,0.1590252412326232
46.599984645843506,-3.368031586372311,5.07989211274283,-0.06178692819586232,1.3537185137113392,1.4283186402910866e-20,0.15854694741500416
46.625091552734375,-3.3341071402444444,5.07786103244135,-0.05781426097653511,1.354118208819943,1.295913217099978e-20,0.15798285725669484
46.65004777908325,-3.30035785844983,5.075974330278595,-0.05387933596819593,1.3545027469731454,1.1764529850178348e-20,0.1573304433764981
46.67508411407471,-3.2664899139258154,5.074214565371288,-0.049949676180316274,1.3548698629141553,1.0676620375658762e-20,0.1566113227884645
46.699992179870605,-3.2327739151453967,5.07259489786776,-0.04605646323779497,1.355216737374967,9.69406298106212e-21,0.15596384946676622
46.726113080978394,-3.197451764773077,5.071038824314935,-0.041997438226825036,1.3555671140240515,8.759746045581446e-21,0.15524229469068873
46.75007128715515,-3.1649493499500427,5.069733552900841,-0.03828068117721447,1.3558786674218275,7.983145545611424e-21,0.15457046039670544
46.77504110336304,-3.1311092687894417,5.0685028008999,-0.03442969025690884,1.3561865976622776,7.246447592187169e-21,0.1538576327476475
46.79999399185181,-3.0972862820511846,5.06740271418752,-0.030600310776671063,1.3564704607795186,6.578190106604154e-21,0.1531021663811088
46.82507801055908,-3.0632714532240026,5.066426784495941,-0.02677005869542486,1.3567284474522452,5.968189434190041e-21,0.1522927372110478
46.8500394821167,-3.029411814319648,5.065584445515483,-0.022977581647895574,1.3569619712786216,5.4173430460954e-21,0.15156224115168027
46.875043869018555,-2.9954830055435857,5.064868929385135,-0.019196922856496445,1.3571743198185025,4.916364185697343e-21,0.1508043100759036
46.90005135536194,-2.961550930815057,5.064281350525337,-0.015435428193845756,1.3573634340140175,4.461694323545262e-21,0.15006687577818134
46.92506766319275,-2.9276320465858787,5.063821277443867,-0.01169358165377707,1.3574522267316094,4.04900403201792e-21,0.14939711534706224
46.9500527381897,-2.893681990012621,5.063487619824898,-0.007963886750209018,1.3573883819303747,3.673747549724079e-21,0.1488360762034688
46.975184202194214,-2.859580858822426,5.063279738221949,-0.004229708099861071,1.3571993737221966,3.331425638244093e-21,0.14841396387758626
46.99998641014099,-2.8259130872968683,5.063199260310545,-0.0005524778085140211,1.356913786747999,3.0246759247147912e-21,0.14802342526352139
47.02498984336853,-2.7919860367262155,5.063243269652827,0.0031459553652490634,1.3565448304258152,2.7437951774215338e-21,0.14777393498932603
47.050053119659424,-2.757995733738831,5.063413121225003,0.006847768456528094,1.356104961440199,2.488314918689772e-21,0.14765125451284727
47.08027362823486,-2.717026801062308,5.063785091971806,0.011311305324130314,1.3554944841490022,2.208825532015736e-21,0.14776318413171244
47.09998178482056,-2.6903172232088552,5.064126159328314,0.014227808516213082,1.355055800318056,2.0469231732786425e-21,0.1481861044416116
47.125123262405396,-2.6562678870447436,5.064674224013775,0.01796676889784048,1.3544547385450423,1.8555357346196343e-21,0.1493067291989355
47.15329718589783,-2.6181191983599694,5.065440180821881,0.022189893311684427,1.353734750016487,1.6609999575915774e-21,0.15043373421686124
47.17502999305725,-2.588710355409138,5.0661411034971024,0.025473403457459295,1.3531535390096552,1.5266334471946714e-21,0.15170558166836542
47.19997262954712,-2.554979580790937,5.067064631690658,0.02927933294240515,1.3524623158666833,1.3848917633569805e-21,0.1534614673679448
47.22533059120178,-2.5210870702530546,5.068122800234962,0.03315104961240085,1.351744534295809,1.2555906199785517e-21,0.15530347109794276
47.25004768371582,-2.4873304726774026,5.069308117758528,0.03705524407824086,1.3510124109864596,1.138739459419782e-21,0.15709721557065126
47.275028705596924,-2.4536143746467673,5.070624543168565,0.04100153288045398,1.3502684618177108,1.0328072229190098e-21,0.1588323548127548
47.30002808570862,-2.419903896362188,5.072074749598993,0.04499125747776959,1.3495125678937954,9.366681682499854e-22,0.16039841993824946
47.325085163116455,-2.386178971462242,5.073661139580651,0.04902439992591662,1.3487459053348883,8.49369425270333e-22,0.16192796775406082
47.35011529922485,-2.3524308333475323,5.0753858001995225,0.05310105729248469,1.3479735297864854,7.700887330515539e-22,0.16340154621519376
47.37512993812561,-2.318786700634551,5.077243140263032,0.05720407000047829,1.3472000526713463,6.983711811586684e-22,0.1647837613818983
47.400044441223145,-2.2852808171641437,5.079231109336225,0.06132650427630548,1.3464248407836026,6.335450105930258e-22,0.16604734339983152
47.42507266998291,-2.2516836299598286,5.081364283138693,0.06549369082262094,1.3456475744834036,5.7452722602231095e-22,0.1671892898520239
47.450090646743774,-2.2180794802106267,5.083639078008539,0.06969252468641056,1.3448744871873675,5.20952396951519e-22,0.1682231261144953
47.47538781166077,-2.1841712700234486,5.086078663915099,0.07395778667665749,1.3440969344981322,4.718923702612216e-22,0.16914611093485601
47.50002837181091,-2.151136912863151,5.088595645420502,0.0781375485879555,1.3433400392309787,4.285591585481883e-22,0.16990610723683075
47.52512836456299,-2.1175430999792857,5.091298094525594,0.08240952204628772,1.3425824489994158,3.8850679366168446e-22,0.17055035640773195
47.55013418197632,-2.0841021332804592,5.0941320779376476,0.08668086219508331,1.3418485162185056,3.523353206794825e-22,0.17110104770745738
47.57562327384949,-2.05004524508855,5.097166478081341,0.0910483591122895,1.3411166230485654,3.189006852519872e-22,0.17160773762629025
47.59996938705444,-2.017530066245444,5.100203724022201,0.09523340272689193,1.3404289695548488,2.899839169457199e-22,0.17203894048757934
47.62496471405029,-1.9841916647225903,5.103460692643629,0.09953908821028581,1.3397343615241892,2.6300110306823953e-22,0.17246621343665858
47.65004301071167,-1.9507806005970487,5.1068704616743075,0.10386904536004797,1.3390519157351641,2.3845501305671135e-22,0.17290091718848288
47.675057888031006,-1.917482827274196,5.110414425502323,0.10819987770580555,1.3383856736868407,2.162563708312995e-22,0.17338046279480096
47.70002222061157,-1.8842809621745884,5.114093747217546,0.11253574597590973,1.3377318566908345,1.961644805864632e-22,0.1739700710831061
47.7250862121582,-1.85098095338007,5.117930730628051,0.11690522648498454,1.3370839069025284,1.7786863328299458e-22,0.174700175377668
47.75000262260437,-1.8179056952471906,5.121888204650143,0.12126674123644995,1.3364459668368143,1.6137546439404875e-22,0.17535140516993306
47.774994134902954,-1.78476974600266,5.126000105907905,0.12565815535561373,1.3358152597252428,1.4637004803617996e-22,0.1760999011521579
47.80000281333923,-1.751642114801597,5.130259147676801,0.13007181851072783,1.3351952417347739,1.3275046294779185e-22,0.17685899720138368
47.82510709762573,-1.7184280678058774,5.1346789918837965,0.13452010970782768,1.334587600552818,1.2035437395199396e-22,0.1775749736496834
47.850043058395386,-1.6854631603043189,5.139214814633432,0.1389566776563411,1.3340004083129526,1.0918971331583729e-22,0.1782231786084057
47.875030755996704,-1.652467568436093,5.1439045276863595,0.14341794249994533,1.333425059946596,9.904153909226548e-23,0.17884489312753893
47.900015354156494,-1.6195142331430803,5.148738551269789,0.14789301401964527,1.3328600225954819,8.98391346081056e-23,0.17940295196121883
47.925009965896606,-1.5865829035159194,5.1537202645321445,0.1523847981702363,1.3323109274113965,8.148924795802644e-23,0.18003257903034356
47.9500732421875,-1.5535960885733593,5.158862535194484,0.15690677006735534,1.3317786343550726,7.389534381490939e-23,0.18081354326401944
47.97504949569702,-1.520760423796592,5.164133525078217,0.161434235277066,1.331260780956907,6.703366359037586e-23,0.18173135882377137
47.99998641014099,-1.4880074749757974,5.169543742725569,0.16597882899252295,1.3307537123596886,6.081828434375733e-23,0.18269448574196565
48.02500820159912,-1.4551879008699309,5.175118949423564,0.17056158261426402,1.3302565875870975,5.51617462066871e-23,0.18362681408096101
48.050026178359985,-1.422411743691718,5.180841810240614,0.1751657697892923,1.3297717907483306,5.003259998288231e-23,0.1844679373375607
48.075018882751465,-1.3897055184088274,5.18670803614978,0.1797859116613589,1.3293006464413988,4.538528703066298e-23,0.18525718237589042
48.09999370574951,-1.3570595265840129,5.192719540365095,0.18442171369318405,1.3288436479011496,4.117281858806804e-23,0.18596348261328133
48.125046730041504,-1.3243642789783843,5.198897452652528,0.18908621573759452,1.3283967472346399,3.7341261348046135e-23,0.18654254717949398
48.15004372596741,-1.291759135942511,5.2052161011603975,0.1937563456158641,1.327967276230588,3.3872024469323256e-23,0.18698643417591718
48.175039291381836,-1.2592048301026713,5.211682929580512,0.1984345487788249,1.3275578792917158,3.072659018338528e-23,0.18731076996955312
48.20002007484436,-1.2267198170340414,5.218294171952802,0.20311628399977866,1.3271642567177022,2.787609975427983e-23,0.1876015379388751
48.22509741783142,-1.1941407749941666,5.225083986279958,0.207823370848232,1.326788411226987,2.5279669823958802e-23,0.18778091661993174
48.25007343292236,-1.1617346564567892,5.231996827162907,0.2125150732956784,1.3264361116530325,2.2934985374234285e-23,0.18789554080310597
48.275108337402344,-1.129300181918251,5.239075198507118,0.21722001765167176,1.3261004429490413,2.080346942006398e-23,0.18803296122200713
48.30006289482117,-1.0970071127605703,5.246281873285744,0.22191499051417163,1.3257085091098828,1.887515214366561e-23,0.18824759276940123
48.32517647743225,-1.0645581499744419,5.253684047510102,0.22664602092387173,1.3252034199016227,1.711323177336143e-23,0.18857259070650287
48.350170612335205,-1.032299089034296,5.261203416652517,0.23136392768505024,1.3246177898392222,1.552176559110186e-23,0.18884746292790375
48.37513732910156,-1.0001412506912306,5.268859338841476,0.2360829574491253,1.3239717891105354,1.4079902025765287e-23,0.18925417714145085
48.40012860298157,-0.9680045885259525,5.2766709203138555,0.24081841927839748,1.3232876922372037,1.2770327534154816e-23,0.18979209582429032
48.425124406814575,-0.9358994708774555,5.284636340128029,0.24557224876869438,1.3225835501125178,1.1581541655910969e-23,0.19045522029190629
48.45008325576782,-0.9039077434353807,5.292735414604868,0.25033537377895476,1.3218547336268542,1.0505153421599676e-23,0.19122346935083862
48.47540497779846,-0.8719298283171053,5.3009936909778315,0.2551230890723954,1.3210945228890056,9.527261332566681e-24,0.1919071276876721
48.50030255317688,-0.8397091556009855,5.309480505623581,0.25997450766942454,1.3203029513500077,8.631859613172484e-24,0.192686271029542
48.525073766708374,-0.8081619555984648,5.317952576664598,0.2647532490224642,1.3195079470122602,7.835949294137281e-24,0.19350572883003023
48.550023555755615,-0.776384513171875,5.32665060487992,0.26959696363088376,1.31869104083522,7.106681062330656e-24,0.19435728781458347
48.575143814086914,-0.7444880484510012,5.33554834998402,0.27448983860496684,1.3178582184458871,6.441441495961099e-24,0.19521173409888784
48.60002136230469,-0.7129644348644832,5.344508105176357,0.2793559129117638,1.3170357843486102,5.8443309272047515e-24,0.19602183827581418
48.62531542778015,-0.6809840783886276,5.353767842234102,0.28432219452631063,1.3162106721404545,5.293649593432662e-24,0.19676527176723255
48.65012550354004,-0.6496682500078352,5.363002691046634,0.2892125947298672,1.315408438760046,4.804233806784935e-24,0.19741577922766998
48.675161838531494,-0.61813725101354,5.372469865465574,0.2941620902590228,1.3146049066153969,4.356105937027068e-24,0.19798500079498627
48.7000949382782,-0.5867968288714895,5.38204907525207,0.2991054549836938,1.3138208325783796,3.951430293269787e-24,0.19849298561707815
48.725247383117676,-0.5552556173433146,5.391861352162526,0.30410374460505746,1.3130494500903815,3.5812645938606805e-24,0.19899271455400325
48.75008296966553,-0.5241715737764809,5.401701233944492,0.30905274487523215,1.3122992653932481,3.2499553021137162e-24,0.19950785523606282
48.77514886856079,-0.4928775468386154,5.411779247050335,0.3140598128807064,1.311552046146484,2.946632795651776e-24,0.2000990197966352
48.79997992515564,-0.46192585134458636,5.421917832136748,0.31903676836982026,1.3108192429775072,2.6740468660262853e-24,0.2006209663428611
48.825056076049805,-0.4307700995573889,5.432296247003398,0.3240726955162448,1.3100981876032074,2.424529720246105e-24,0.20130295653331684
48.85012698173523,-0.3996565569592567,5.442835368666815,0.32913253396354136,1.3093960733319892,2.1981278797708584e-24,0.20217294132695432
48.87515473365784,-0.3686788918837368,5.453503705512407,0.33420527407437184,1.3087064269449835,1.9933169704603062e-24,0.20318817231211053
48.90006756782532,-0.3379121682379209,5.4642743356224734,0.3392811607926373,1.3080411031321952,1.8084611901472082e-24,0.20427544280769255
48.925193309783936,-0.30696023143079343,5.475287681577859,0.344425472843992,1.3073940244805646,1.6393797729031422e-24,0.20526465242896352
48.950087785720825,-0.2763566010479845,5.486354418952453,0.34954851526970104,1.3067673832759708,1.487493732841917e-24,0.2062645388804497
48.975653409957886,-0.2450066850679163,5.497875870141457,0.35483459633292913,1.3061364068686057,1.3459971921781348e-24,0.20726835283815256
49.000473499298096,-0.2146393591468815,5.509216539864145,0.35999131955800895,1.305545839178584,1.2216936432313555e-24,0.20819879595314555
49.02511525154114,-0.18457072063264468,5.520622412711583,0.3651317957356643,1.3049839922988105,1.1097333643092996e-24,0.20907941358357415
49.05004525184631,-0.15421499229407956,5.532317484306497,0.37035546491133464,1.3044320026292058,1.0068281441159639e-24,0.20993155236964434
49.075063943862915,-0.12382726378000666,5.544208239093223,0.37561826043527047,1.3038918676705389,9.1314684200792e-25,0.2107395225851731
49.10614514350891,-0.08618421642910792,5.559195259810113,0.38218241620092763,1.3032366450513135,8.076219439077795e-25,0.21164262353973345
49.12506723403931,-0.06334581774624064,5.56842820444203,0.3861882147521944,1.3028523135749759,7.508517110776431e-25,0.21213794845802722
49.150047302246094,-0.033216513603784074,5.580772237435193,0.3914987659368489,1.302365084068633,6.810846961479904e-25,0.21277441054493967
49.17506241798401,-0.0031389680831512036,5.593282375572729,0.39682993205943423,1.3019052950414802,6.17760074219584e-25,0.21342894144079608
49.20001149177551,0.026777402134287982,5.605913008960511,0.40216331113215154,1.3014737058900403,5.604950528345084e-25,0.21414526481112042
49.22507190704346,0.05675010308573188,5.618756935780767,0.4075377716469008,1.3010564385229224,5.083112242413352e-25,0.21479443369433332
49.250020265579224,0.08651315669553762,5.631700679552276,0.4129058931736791,1.3006543348933688,4.6119759246901795e-25,0.21552240600910447
49.27508616447449,0.11633506551445207,5.64486161160122,0.41831808784989877,1.300261354536302,4.182554085179849e-25,0.21631791492945213
49.29998159408569,0.14587694395383805,5.658090157167174,0.42371401085361804,1.2998929710958251,3.795793940671853e-25,0.21713545425165828
49.32507681846619,0.1755700701135659,5.671580373039583,0.42917284259045146,1.2995462390492158,3.4421043046200912e-25,0.21795133390981272
49.35003304481506,0.20502209628535153,5.685155331312901,0.434622400076103,1.2992285320458847,3.123163130157533e-25,0.21874864630865434
49.376161336898804,0.2357674010289875,5.6995352235804635,0.44034899751241924,1.2989313689530797,2.8202909949791087e-25,0.2196057598654772
49.3999719619751,0.2637087319484884,5.712790850445022,0.44558648161059233,1.2986856506471622,2.5710834349189663e-25,0.22031137031763617
49.42508578300476,0.29309535996872865,5.726926673546183,0.45112913766916424,1.2984426592276723,2.3315153664822934e-25,0.22112026165566953
49.450050354003906,0.3222253496173591,5.741138181294539,0.4566600586079679,1.298222959389576,2.115585130439182e-25,0.22198832569842125
49.475048303604126,0.3513111475374819,5.7555283703869105,0.4622210300654775,1.2980321030451056,1.9194285977087633e-25,0.22292023017174337
49.49997329711914,0.38023145817909765,5.770037579993303,0.4677905030949518,1.2978652644193942,1.7419879272469574e-25,0.22391588057613424
49.52503180503845,0.4092123577926919,5.784780766170498,0.4734137401400551,1.2977178222510601,1.5801615477081521e-25,0.22496510335109463
49.55002021789551,0.4380318916631827,5.799646647216018,0.47904740283571373,1.2975878422166363,1.433767473178265e-25,0.22591583616117014
49.57502555847168,0.46678290302650755,5.814683360769463,0.48470892059510406,1.297471223353221,1.3008634865159365e-25,0.22690095952917996
49.60313653945923,0.49899435358947614,5.831777898921582,0.4911025610866599,1.2973682521448433,1.165351041840485e-25,0.22805028418165652
49.625088691711426,0.5240729915113982,5.845271025771586,0.49611849179709183,1.297313767282544,1.0705622376386247e-25,0.22895815696348296
49.65004920959473,0.5525099968293203,5.860768613463714,0.5018470061545893,1.2972738205462369,9.715482514096681e-26,0.2299815047112524
49.675050020217896,0.5808892722079202,5.8764468447734295,0.5076070213778491,1.2972640520136163,8.816098854732067e-26,0.23095651909945702
49.700026512145996,0.6091698762333106,5.892284269670099,0.5133887475476941,1.297288608269445,8.000412587310769e-26,0.23184779841256495
49.72544884681702,0.6378523844045602,5.90856766384331,0.519294178818669,1.2973404249115776,7.247370461503308e-26,0.2327154298277979
49.75061845779419,0.6661545036842094,5.924856150032451,0.5251618425863361,1.297412734180084,6.572126003184791e-26,0.23353153310978897
49.77502799034119,0.6935104610395921,5.9408116110516085,0.5308710378761069,1.2975098663356566,5.978440752438595e-26,0.23427313960884882
49.799978733062744,0.7213815591976651,5.95728422410657,0.5367252192970788,1.2975734255409006,5.426233190075712e-26,0.23497897593589212
49.82505440711975,0.7492716699874066,5.97398993774091,0.5426208822997298,1.297547155638492,4.9225975171233205e-26,0.23563479827648975
49.85004138946533,0.7770070169158928,5.990826005208886,0.5485204593112243,1.2974509143132562,4.4663602469085517e-26,0.23621575570507705
49.87515616416931,0.8047551930101097,6.007895433014182,0.5544586248498927,1.2972992567504549,4.0505041962014704e-26,0.2367423849448777
49.90061688423157,0.8327862315067617,6.025371024215877,0.5604928033540703,1.2971161880755313,3.667975859224185e-26,0.23719144009100734
49.925084352493286,0.8596149922501587,6.042318487164202,0.566300185940982,1.2969278454401092,3.3351152179120445e-26,0.23753418794477757
49.95004987716675,0.8868881222632929,6.059771506007414,0.5722347747793743,1.2967220486898172,3.0262195555849174e-26,0.23783532278166045
49.975133657455444,0.9141738500589299,6.077462366247442,0.5782037855864824,1.2965041668905943,2.744657434956579e-26,0.23816424945050224
49.999950647354126,0.9410701726445709,6.095128644545624,0.5841191605322714,1.2962946416244223,2.491927592614681e-26,0.23845700721511026
50.024977684020996,0.9680759762706131,6.113097496417053,0.5900913340516756,1.2960960961767123,2.2606144205353582e-26,0.23883539612900825
50.05024003982544,0.9952245934974591,6.131397546303519,0.5961307988901297,1.2959150961312929,2.0488126110088187e-26,0.23929857462298504
50.07522416114807,1.0219602725014076,6.149653951444304,0.6021140526006188,1.2957644379583113,1.85901826181647e-26,0.23968233031683436
50.10014224052429,1.0485165304995863,6.168021597372258,0.608086096499698,1.2956362487806026,1.687267450885162e-26,0.23960611884747254
50.12506723403931,1.074947561071042,6.186536866525349,0.6140534823043504,1.2955240770426912,1.5314778341268618e-26,0.23953774970626923
50.15004849433899,1.1013571148651342,6.2052732585532775,0.6200300047867982,1.2954227383759918,1.389591700454386e-26,0.23867243054111834
50.17503595352173,1.1276467351980801,6.224161205682247,0.6259751239166741,1.2953302031427103,1.2608877136879063e-26,0.23713000557404368
50.199971437454224,1.1537639486356137,6.243160673411372,0.6318678180160402,1.2952598140956721,1.1443844580691475e-26,0.23553316331678234
50.22508239746094,1.1799211809618801,6.262425977618874,0.6377629753339051,1.2952159437949264,1.0380430859844498e-26,0.23455101532423062
50.250152826309204,1.2059811554846984,6.281857388091131,0.6436490691133293,1.2951893518639184,9.41531775708729e-27,0.23449776230015024
50.27504563331604,1.23171527355399,6.3012817095549005,0.6494967462765593,1.295176478319059,8.54714517740932e-27,0.23531138500331936
50.299983739852905,1.2573822085042357,6.320892592341355,0.6553746195890289,1.295188225455389,7.757721341710133e-27,0.23605618694214095
50.32508850097656,1.2830982473217774,6.340782753834868,0.6613177071847511,1.295236452292222,7.036784773576262e-27,0.2374863752956354
50.349974632263184,1.3084831238195986,6.360658792400429,0.667251822910144,1.295317467919972,6.388473837868264e-27,0.23932541583337344
50.37643885612488,1.3353411078340602,6.381955846519195,0.6736129441412887,1.2954480367109464,5.762958722727624e-27,0.24146789370724564
50.39997458457947,1.3591178456810515,6.4010444376326685,0.6793181962297082,1.2956093507446103,5.26126003212233e-27,0.24335005003865878
50.425100326538086,1.3843816749495457,6.421574084804112,0.6854553232547146,1.295822879597472,4.772476229492153e-27,0.24519854676335223
50.4500298500061,1.4093316722899862,6.442104177857902,0.6915897355437102,1.2960681324463041,4.3325968044112015e-27,0.246888519908921
50.47507572174072,1.4342709313311648,6.46288474687666,0.6977910636952241,1.2963408851920752,3.931548842674983e-27,0.24834393249230208
50.499979734420776,1.4589527049748838,6.483711456712643,0.7039915985467952,1.2966484180180144,3.5696840376907094e-27,0.24950709322342624
50.52507162094116,1.4836865252944924,6.504847550282181,0.7102620242495798,1.2970012865281046,3.2388761573038086e-27,0.25036986284214846
50.5500922203064,1.508225229205057,6.526084598827383,0.7165320326346578,1.2973982079513233,2.939670601757582e-27,0.25088327589503334
50.5750777721405,1.5326081124050417,6.5474556834013145,0.7228021619006,1.2978402563104101,2.6685336521930527e-27,0.25099732869116387
50.59997487068176,1.5567812178743712,6.568911985518228,0.7290534454330629,1.2983164001124505,2.42332449476596e-27,0.2511152613226518
50.625051498413086,1.5809809682511144,6.590664777183367,0.7353424326010773,1.2988354772744253,2.199302171798795e-27,0.25084336079512487
50.650102376937866,1.6050606965735683,6.612584873133375,0.7416224401926531,1.2993993112217515,1.9959973426925508e-27,0.25024989081893706
50.675167083740234,1.629017771806081,6.634669677232325,0.747885605066793,1.3000102782487886,1.811516682865324e-27,0.24940602631317074
50.69997549057007,1.6525999332834165,6.656681739765169,0.754060573844243,1.3006604382865419,1.645891940169882e-27,0.24840817683544078
50.72506380081177,1.6763046851938739,6.679084616045194,0.7602744956600377,1.3013552456914463,1.4938660261245071e-27,0.24732067051408377
50.75005316734314,1.6998227625205327,6.701588427944592,0.7664468457003489,1.3020791611940696,1.3562673872977378e-27,0.2463548703852906
50.77503776550293,1.7231971703076319,6.724232129347186,0.7725901239881994,1.3028265993894428,1.231460704115804e-27,0.24537094138842747
50.800089597702026,1.7465020072647828,6.747087409920841,0.7787241439543634,1.303601452010358,1.1178859935058477e-27,0.2444278708905191
50.82508587837219,1.7696041031848522,6.770022559755984,0.7848153478551714,1.3044017032752264,1.015148373839826e-27,0.24356486388301074
50.85007882118225,1.7926375669753063,6.793169720463873,0.7909010575880184,1.3052272333270336,9.216367667437285e-28,0.2427786835462682
50.87505865097046,1.815503100760214,6.816428828284871,0.7969568707507069,1.3060690697612272,8.369045261981859e-28,0.24205645434920176
50.899975538253784,1.8381842808501068,6.839780853785426,0.8029802435720185,1.3069232304556144,7.601675497317253e-28,0.2414194390291099
50.92504954338074,1.8608685483390912,6.863419734571658,0.8090223447541429,1.3077957809815703,6.900731166645305e-28,0.24079146271293853
50.95010590553284,1.883430483265331,6.887216949414753,0.815049620244857,1.3088175815302496,6.264996149075972e-28,0.24014229471122725
50.97506904602051,1.906108046614779,6.910766001012722,0.8212635850579187,1.310076126610005,-0.03634882597060647,0.25769418642042075
51.000025510787964,1.929286054844006,6.93388952464875,0.8278957127551524,1.3115213425427505,-0.06945007561692643,0.2738092527681143
51.0251202583313,1.9530435078942734,6.9567886384316395,0.834951923098896,1.313120579977432,-0.09981474583010326,0.28864423161880004
51.05024862289429,1.9772405237154256,6.979436278241214,0.8423788649168338,1.3148361437601788,-0.12757892772022764,0.3024818998116515
51.0781831741333,2.004562092667888,7.004354382741177,0.8510304603528775,1.316846052376908,-0.1557964609937658,0.31682406549701725
51.100112438201904,2.0262753720906237,7.02376161281601,0.858090795254514,1.318480719670729,-0.17581356514271576,0.32713037480025786
51.12508225440979,2.051246567608976,7.045747689185119,0.8663950139654403,1.3203836929623447,-0.19691982185879497,0.33807066548424336
51.15006732940674,2.0764689456084504,7.067672967069661,0.8749688002624607,1.322310799515575,-0.21625807050542886,0.3481585159234914
51.175025939941406,2.1018552716981658,7.089531567244089,0.8837741831952781,1.324245434955857,-0.23394167066057056,0.35748406165984636
51.1999785900116,2.1274005231370157,7.111383389993959,0.8928015887260713,1.3261785807929913,-0.250133582377629,0.3660516058782161
51.22558259963989,2.1537438982868173,7.133830709866822,0.9022769285523824,1.3281660026888022,-0.2653506223127721,0.37422792826139145
51.25004768371582,2.179025467749968,7.155343630505668,0.9115226746916327,1.3300451806985631,-0.2786372484581034,0.38149368551777996
51.27619004249573,2.2061172695324003,7.178418969637981,0.9215909843599017,1.3319695254680888,-0.2916516413264336,0.38874345823657225
51.299962759017944,2.23079886845765,7.199503313525544,0.9309047596766566,1.3335906374382414,-0.3024137733065711,0.3948290322034675
51.32506322860718,2.2568510138276583,7.2218645970702,0.9408775788184094,1.3351476043083466,-0.3128212734907205,0.40071106047794314
51.34997582435608,2.2827666130145525,7.244253864180769,0.9509396307135034,1.3365165568546167,-0.3222539775760417,0.4061087730858837
51.375062704086304,2.3088020760267276,7.266928516174644,0.9611900404343073,1.3376503098197206,-0.3308762207017314,0.41118408877462714
51.4007465839386,2.3354032004897216,7.290319294521721,0.9718161841766689,1.3383732282617289,-0.3388346806945935,0.4163388888151817
51.425312519073486,2.3607723328335255,7.312868911726469,0.9821108808415224,1.3385048424363948,-0.3456207625089787,0.42168022895124463
51.45005011558533,2.3862106585958904,7.3357484871172955,0.9926189478817236,1.3380405699214146,-0.35169412380378356,0.42780746887007376
51.47506523132324,2.4117887075363997,7.359055380704156,1.0033859220153576,1.3370037534575316,-0.3571166230903488,0.43324720080917595
51.49995470046997,2.4370920875874527,7.382439483882683,1.0142497265931683,1.3354448019216543,-0.3618495135710703,0.4393729601013207
51.52507472038269,2.462425762397523,7.406208438013252,1.0253645423675837,1.3332355340386866,-0.36596712384891256,0.445675080849938
51.550066232681274,2.487418309310276,7.4300376048051255,1.0365735167047738,1.3302113672920983,-0.36939138719059006,0.4512148252845479
51.57505965232849,2.512162717579525,7.454031978682494,1.0479017721306376,1.3262472678552228,-0.37214559754909043,0.45524007722940424
51.599987745285034,2.5365685528077098,7.47811772309775,1.0592776887082052,1.3213885751872436,-0.37426366563880614,0.4573747994386772
51.625107526779175,2.5608522643194833,7.502523374913326,1.0707835331597941,1.3156037126273676,-0.37579895388970347,0.45884038683945744
51.650066614151,2.5846644471377345,7.526907391053019,1.082234749096428,1.3090625151885475,-0.37678097611788014,0.4585444749886683
51.6750168800354,2.608119755164931,7.551387874715914,1.0936535958639304,1.3017902819953298,-0.3772618731765172,0.4567382522394501
51.700031042099,2.631269746822457,7.576021775560084,1.1050389268330034,1.2935881418542126,-0.3772144870913753,0.4535641698489969
51.725101947784424,2.654084011928132,7.600778553110089,1.1163537595897595,1.2842448762770942,-0.3765950517747872,0.44910929047662673
51.75008988380432,2.6764202189180724,7.625498292631172,1.1275093553061069,1.273722229016371,-0.3753990464781309,0.44364773026874205
51.7750461101532,2.698304246607334,7.650198830798056,1.138510585392752,1.2621339353565886,-0.3736821064352483,0.4378370378317536
51.80022692680359,2.7199358280907275,7.675101385668252,1.1494605938056157,1.2494415653078752,-0.3714647787257241,0.43183275807625254
51.82502794265747,2.7407879395475243,7.699583305854806,1.1601010791575197,1.2359188323308443,-0.36880613552539937,0.4262155284863781
51.85038232803345,2.7613966757178043,7.724258371738675,1.1707228438573754,1.2210601603678137,-0.3656080830031397,0.4210278002096854
51.87507200241089,2.7814357659703117,7.74872758891717,1.1811758387173605,1.2049465956417642,-0.3618859351774367,0.4160412623796108
51.899972677230835,2.8009155638469494,7.7729839366132225,1.1914694783994006,1.1875513811468887,-0.35764537552894643,0.4106053118642411
51.92506551742554,2.8200128475487483,7.797233855752589,1.2016940220776342,1.1688163698090548,-0.3528887963936752,0.40464087070478505
51.95012974739075,2.838569334282115,7.821262282747622,1.2117527379260646,1.1491361203932697,-0.3477368969193426,0.39765359661200295
51.9750280380249,2.856463099449645,7.844885054091786,1.221553006272951,1.1286985799926017,-0.3422516190151834,0.38943521250436985
51.999983072280884,2.8738556220141342,7.868288541629095,1.2311582301560609,1.1071025557527197,-0.33632735843269934,0.3802518010136185
52.02506375312805,2.8907678283430904,7.891479510791694,1.2405706394110434,1.08411847885474,-0.3299022986669673,0.37079944852123414
52.050047874450684,2.9070763826535604,7.914262864452189,1.2497294882346972,1.0598599871262906,-0.323013491287399,0.36181145938914816
52.07507371902466,2.9228290594804496,7.936676626311665,1.2586825894179592,1.034263276774353,-0.31564958377866476,0.35367584566597093
52.100128412246704,2.938021430304812,7.958687786324378,1.267436304922089,1.007490420227566,-0.3078656669578792,0.34505397685541467
52.12502360343933,2.9525425831889223,7.980104054686117,1.2759355526314105,0.9801645385296994,-0.2998549798183655,0.3376511833139374
52.15006232261658,2.966571746299678,8.00116134655452,1.2843110776039008,0.9524372172616836,-0.29167375456619854,0.33132945693755095
52.17505955696106,2.980013454173292,8.021691725661476,1.2925255208282709,0.924892420657478,-0.2835034228690942,0.32589557165014554
52.19995045661926,2.992855439453387,8.041647604860422,1.300576302057458,0.8978924263731564,-0.2754597343874437,0.320871692272494
52.22505521774292,3.0052643368031586,8.061264704635985,1.3085622117777476,0.8713532040712054,-0.2675243413849413,0.31579517022752324
52.25002884864807,3.017112606952973,8.080318658845707,1.3163846286147642,0.8455984870483337,-0.2597980971248888,0.3103508283353073
52.278172969818115,3.029873887728197,8.101213409309887,1.325029174420689,0.8174303008595654,-0.2513227302561251,0.3038906609835013
52.299948930740356,3.0393385267184163,8.116972678372601,1.3315880943910297,0.7963761995520917,-0.24497035372121487,0.29849644875438425
52.32512092590332,3.04985302212991,8.134754898341955,1.33901610603909,0.7729989204721751,-0.237903938027541,0.29188464328524255
52.35007643699646,3.059855408147738,8.15195145472486,1.3462136068184758,0.7509134323158889,-0.23121558502937747,0.2849750556012554
52.37504816055298,3.0694644463719785,8.168740564505176,1.353239959217664,0.7298190365790403,-0.22481643691251865,0.2777817416035603
52.39996385574341,3.0786739207606115,8.185089016097557,1.3600742522517166,0.7097249156993811,-0.21871116651365538,0.2708496557444659
52.42510366439819,3.0876039202100483,8.201191698312497,1.3667931304411574,0.6905162652234517,-0.2128671482591243,0.26380956162883284
52.45006084442139,3.0961346295673327,8.216813456096084,1.3732911795616036,0.6725740375035865,-0.20740217911805842,0.25693573824639176
52.47507357597351,3.1043692909893754,8.23212284953341,1.3796333153527798,0.6557929998350407,-0.20228604209794954,0.2502277288189133
52.50000834465027,3.112285685815643,8.247060829592227,1.3857908447983536,0.6403336977406664,-0.19756925132014508,0.24380724848780286
52.525097131729126,3.119979550515041,8.261792870922866,1.391831748818784,0.6259472575720932,-0.19317668114576275,0.23786440376555326
52.55006003379822,3.1273817813410383,8.276172229142063,1.3976960660421063,0.6121148486875766,-0.18894860853189283,0.2319631427463025
52.57496213912964,3.1345219271863938,8.290239809928627,1.403397652384205,0.5981898288998305,-0.18468633092998898,0.22583061431391982
52.59995460510254,3.141442071066947,8.30406455110715,1.408960988197291,0.5840197580159694,-0.18034355126653506,0.2194179590465746
52.625073194503784,3.1481511694690214,8.31765205497413,1.4143857460401912,0.5698132152495462,-0.17598517244326506,0.21289423003175953
52.65005683898926,3.1546018635393875,8.330892197998828,1.419627522121058,0.5560172542445968,-0.17174950911222103,0.20648439523186232
52.67517566680908,3.160859081548162,8.343904525541337,1.424736522069518,0.5422281448447671,-0.16751254783362216,0.20025094042751337
52.69994783401489,3.1668127891113556,8.356444568477157,1.429618929684184,0.5283607229398338,-0.16324794978052165,0.1938666422251027
52.72507572174072,3.17263149023185,8.368853703485481,1.4344038788442952,0.5140861002074946,-0.15885499797406802,0.18706842942915589
52.75003361701965,3.1781980330270585,8.380870255146606,1.4389849898082832,0.4997339947408636,-0.1544354489147808,0.18001432665350145
52.775036573410034,3.183563753625011,8.392590354458394,1.4433955929465592,0.48539467247120366,-0.15001761887085346,0.17282233346811338
52.79995942115784,3.188709819007583,8.40395929719569,1.4476143233319338,0.47145763554161213,-0.1457220777354537,0.16576786287498765
52.825093269348145,3.1937020582010134,8.41511065659898,1.451692341509015,0.45749259930672304,-0.14141620159791482,0.15879069432388287
52.85003995895386,3.1984659035229352,8.425865770114832,1.4555703871992913,0.4433774883237745,-0.13706226896020468,0.1520982479983322
52.874955892562866,3.2030342386926507,8.43628552469388,1.4592779205132926,0.4290846992226653,-0.1326519862248972,0.14550987878669594
52.90003061294556,3.207443056903329,8.446441278430783,1.4628454797556436,0.41454334234493506,-0.12816364063234645,0.13904673127476205
52.925082206726074,3.211661215980399,8.456250917136563,1.466250362245967,0.4000010542819161,-0.12367386145769796,0.1328312378424048
52.9500629901886,3.215687850510303,8.465701245169166,1.4694949894933964,0.38574176468535354,-0.11927055958535202,0.12695907613435403
52.97503590583801,3.2195405461417597,8.474823184918117,1.4725966713450063,0.37200606538623526,-0.11502826879764103,0.12149145565761486
52.99996256828308,3.22322317478796,8.483616494614365,1.4755607401616773,0.35886713730544256,-0.11096972981457229,0.11637564235373615
53.02498483657837,3.2267634825001834,8.492139183715093,1.4784114701287316,0.34566601876228864,-0.10689129973244343,0.11142819175951357
53.05005145072937,3.2301511412595016,8.500358859991321,1.481142952262961,0.3320161158699276,-0.10267348707867137,0.10651761077715778
53.075066328048706,3.233373999473948,8.508238084165452,1.4837476609948572,0.3182384634496382,-0.0984156166860084,0.10174428871881339
53.1000189781189,3.236434184137068,8.515774075034448,1.4862294222602093,0.30471473551214223,-0.09423578402964584,0.09721825808139954
53.125091552734375,3.239360016705445,8.523029647398364,1.4886131249974226,0.2916143841432383,-0.09018647327195387,0.0929708532955316
53.15004873275757,3.24213189883839,8.529949701707181,1.4908828993599352,0.2790942097013268,-0.08631621409302628,0.08892066985863434
53.17506670951843,3.2447760103388807,8.536593418986072,1.4930600502891733,0.2671476279498454,-0.08262303660921788,0.08516718152685188
53.20020389556885,3.247304429697244,8.542986058810971,1.4951553233801453,0.25541715948637705,-0.07899642580733912,0.08154669639884954
53.2251250743866,3.2496850501318804,8.549041029237676,1.4971408497223364,0.24331869674839895,-0.07525574051466369,0.0777679380171654
53.250123500823975,3.25194289702837,8.55481652917764,1.4990335289857475,0.23050491738255133,-0.07129359610721096,0.07361006551150018
53.275177240371704,3.254069612147402,8.560286197727626,1.5008204705325379,0.21713907322003995,-0.06716049980513059,0.06907088795806932
53.30002737045288,3.25604424424646,8.565390704160112,1.5024808045312428,0.20346251434022355,-0.06293111133034043,0.06449217818849222
53.32505178451538,3.2578917501842355,8.57018943633723,1.504032769706547,0.18938219893623706,-0.05857668163168018,0.05962674562161782
53.3501079082489,3.2596031598263258,8.574654492549328,1.5054649442001888,0.17501056052856948,-0.054131999054366824,0.054625385551060966
53.37511658668518,3.2611691661029245,8.57875694351799,1.506768732010627,0.16047528336420697,-0.049636569726668,0.049653307582900055
53.400007486343384,3.262587997827108,8.582487689103736,1.507944396436589,0.1458485760304464,-0.04511274307499219,0.044802020024775846
53.42522192001343,3.263882150050239,8.585902097092431,1.5090124544696089,0.1309124591225593,-0.040493114139767895,0.0399459394416444
53.45004749298096,3.265017185777433,8.588905751530165,1.5099464681853867,0.11609867475275717,-0.035911229743430924,0.035270819496409256
53.47535300254822,3.2660308262280346,8.591595326110392,1.5107798534090366,0.10092791092143742,-0.03121885036729969,0.03060055671787027
53.50026321411133,3.26688829135619,8.593875812595348,1.5114856678245907,0.085930222333992,-0.026579933119686473,0.026062250571821377
53.525179386138916,3.267606653810621,8.595790110323229,1.5120787992211393,0.0708828000642678,-0.021925571638541055,0.02155046530936313
53.55010199546814,3.2681864184374336,8.59733759108344,1.5125597379563798,0.055786887646398116,-0.017256158079419024,0.01703163578407572
53.57511615753174,3.268628636040517,8.598519462015789,1.5129287540350767,0.040605482128104865,-0.012560253249235894,0.012465604858943715
53.59995985031128,3.2689296714275593,8.599324769499331,1.5131814796862761,0.025496437899726946,-0.007886690696426151,0.007866259016558904
53.625067710876465,3.269093784450692,8.599764053253844,1.513320055337688,0.01022552421782505,-0.0031630228110560194,0.003173904908678713
53.65007710456848,3.269093784450692,8.599764053253844,1.513320055337688,0.0,-0.0,0.0
53.67508792877197,3.269093784450692,8.599764053253844,1.513320055337688,0.0,-0.0,0.0
53.70000386238098,3.269093784450692,8.599764053253844,1.513320055337688,0.0,-0.0,0.0
53.72505474090576,3.269093784450692,8.599764053253844,1.513320055337688,0.0,-0.0,0.0
53.75005578994751,3.269093784450692,8.599764053253844,1.513320055337688,0.0,-0.0,0.0
53.77503561973572,3.269093784450692,8.599764053253844,1.513320055337688,0.0,-0.0,0.0
53.8000283241272,3.269093784450692,8.599764053253844,1.513320055337688,0.0,-0.0,0.0
53.825217485427856,3.269093784450692,8.599764053253844,1.513320055337688,0.0,-0.0,0.0
53.85006928443909,3.269093784450692,8.599764053253844,1.513320055337688,0.0,-0.0,0.0
53.87504839897156,3.269093784450692,8.599764053253844,1.513320055337688,0.0,-0.0,0.0
53.89999842643738,3.269093784450692,8.599764053253844,1.513320055337688,0.0,-0.0,0.0
53.9251024723053,3.269093784450692,8.599764053253844,1.513320055337688,0.0,-0.0,0.0
53.950233697891235,3.269093784450692,8.599764053253844,1.513320055337688,0.0,-0.0,0.0
53.97498941421509,3.269093784450692,8.599764053253844,1.513320055337688,0.0,-0.0,0.0
53.99995970726013,3.269093784450692,8.599764053253844,1.513320055337688,0.0,-0.0,0.0
54.02539896965027,3.269093784450692,8.599764053253844,1.513320055337688,0.0,-0.0,0.0
54.05000376701355,3.269093784450692,8.599764053253844,1.513320055337688,0.0,-0.0,0.0
54.07504749298096,3.269093784450692,8.599764053253844,1.513320055337688,0.0,-0.0,0.0
54.10000967979431,3.269093784450692,8.599764053253844,1.513320055337688,0.0,-0.0,0.0
54.12516808509827,3.269093784450692,8.599764053253844,1.513320055337688,0.0,-0.0,0.0
54.15004754066467,3.269093784450692,8.599764053253844,1.513320055337688,0.0,-0.0,0.0
54.17506718635559,3.269093784450692,8.599764053253844,1.513320055337688,0.0,-0.0,0.0
54.20000076293945,3.269093784450692,8.599764053253844,1.513320055337688,0.0,-0.0,0.0
54.22507166862488,3.269093784450692,8.599764053253844,1.513320055337688,0.0,-0.0,0.0
54.25010299682617,3.269093784450692,8.599764053253844,1.513320055337688,0.0,-0.0,0.0
54.27497744560242,3.269093784450692,8.599764053253844,1.513320055337688,0.0,-0.0,0.0
54.29998540878296,3.269093784450692,8.599764053253844,1.513320055337688,0.0,-0.0,0.0
54.32509469985962,3.269093784450692,8.599764053253844,1.513320055337688,0.0,-0.0,0.0
54.35004758834839,3.269093784450692,8.599764053253844,1.513320055337688,0.0,-0.0,0.0
54.37507128715515,3.269093784450692,8.599764053253844,1.513320055337688,0.0,-0.0,0.0
54.399978160858154,3.269093784450692,8.599764053253844,1.513320055337688,0.0,-0.0,0.0
54.42507219314575,3.269093784450692,8.599764053253844,1.513320055337688,0.0,-0.0,0.0
54.45033621788025,3.269093784450692,8.599764053253844,1.513320055337688,0.0,-0.0,0.0
54.475032329559326,3.269093784450692,8.599764053253844,1.513320055337688,0.0,-0.0,0.0
54.499972105026245,3.269093784450692,8.599764053253844,1.513320055337688,0.0,-0.0,0.0
54.52511787414551,3.269093784450692,8.599764053253844,1.513320055337688,0.0,-0.0,0.0
54.550079345703125,3.269093784450692,8.599764053253844,1.513320055337688,0.0,-0.0,0.0
54.5749785900116,3.269093784450692,8.599764053253844,1.513320055337688,0.0,-0.0,0.0
54.60001587867737,3.269093784450692,8.599764053253844,1.513320055337688,0.0,-0.0,0.0
54.625075340270996,3.269093784450692,8.599764053253844,1.513320055337688,0.0,-0.0,0.0
54.6500198841095,3.269093784450692,8.599764053253844,1.513320055337688,0.0,-0.0,0.0
54.67502784729004,3.269093784450692,8.599764053253844,1.513320055337688,0.0,-0.0,0.0
54.69999146461487,3.269093784450692,8.599764053253844,1.513320055337688,0.0,-0.0,0.0
54.725098848342896,3.269093784450692,8.599764053253844,1.513320055337688,0.0,-0.0,0.0
54.75635075569153,3.269093784450692,8.599764053253844,1.513320055337688,0.0,-0.0,0.0
54.77506732940674,3.269093784450692,8.599764053253844,1.513320055337688,0.0,-0.0,0.0
54.79996180534363,3.269093784450692,8.599764053253844,1.513320055337688,0.0,-0.0,0.0
54.825005531311035,3.269093784450692,8.599764053253844,1.513320055337688,0.0,-0.0,0.0
54.85372304916382,3.269093784450692,8.599764053253844,1.513320055337688,0.0,-0.0,0.0
54.875096797943115,3.269093784450692,8.599764053253844,1.513320055337688,0.0,-0.0,0.0
54.900049924850464,3.269093784450692,8.599764053253844,1.513320055337688,0.0,-0.0,0.0
54.92506742477417,3.269093784450692,8.599764053253844,1.513320055337688,0.0,-0.0,0.0
54.950050592422485,3.269093784450692,8.599764053253844,1.513320055337688,0.0,-0.0,0.0
54.97505593299866,3.269093784450692,8.599764053253844,1.513320055337688,0.0,-0.0,0.0
54.99996995925903,3.269093784450692,8.599764053253844,1.513320055337688,0.0,-0.0,0.0
55.02509546279907,3.269093784450692,8.599764053253844,1.513320055337688,0.0,-0.0,0.0
55.05007314682007,3.269093784450692,8.599764053253844,1.513320055337688,0.0,-0.0,0.0
55.07991814613342,3.269093784450692,8.599764053253844,1.513320055337688,0.0,-0.0,0.0
55.09997844696045,3.269093784450692,8.599764053253844,1.513320055337688,0.0,-0.0,0.0
55.12502884864807,3.269093784450692,8.599764053253844,1.513320055337688,0.0,-0.0,0.0
55.15008044242859,3.269093784450692,8.599764053253844,1.513320055337688,0.0,-0.0,0.0
55.17505407333374,3.269093784450692,8.599764053253844,1.513320055337688,0.0,-0.0,0.0
55.199986934661865,3.269093784450692,8.599764053253844,1.513320055337688,0.0,-0.0,0.0
55.22508192062378,3.269093784450692,8.599764053253844,1.513320055337688,0.0,-0.0,0.0
55.250073194503784,3.269093784450692,8.599764053253844,1.513320055337688,0.0,-0.0,0.0
55.275025844573975,3.269093784450692,8.599764053253844,1.513320055337688,0.0,-0.0,0.0
55.29996371269226,3.269093784450692,8.599764053253844,1.513320055337688,0.0,-0.0,0.0
55.32507586479187,3.269093784450692,8.599764053253844,1.513320055337688,0.0,-0.0,0.0
55.35012650489807,3.269093784450692,8.599764053253844,1.513320055337688,0.0,-0.0,0.0
55.37506103515625,3.269093784450692,8.599764053253844,1.513320055337688,0.0,-0.0,0.0
55.39997887611389,3.269093784450692,8.599764053253844,1.513320055337688,0.0,-0.0,0.0
55.42501258850098,3.269093784450692,8.599764053253844,1.513320055337688,0.0,-0.0,0.0
55.45004391670227,3.269093784450692,8.599764053253844,1.513320055337688,0.0,-0.0,0.0
55.47505736351013,3.269093784450692,8.599764053253844,1.513320055337688,0.0,-0.0,0.0
55.50005602836609,3.269093784450692,8.599764053253844,1.513320055337688,0.0,-0.0,0.0
55.52514910697937,3.269093784450692,8.599764053253844,1.513320055337688,0.0,-0.0,0.0
55.55009579658508,3.269093784450692,8.599764053253844,1.513320055337688,0.0,-0.0,0.0
55.57499384880066,3.269093784450692,8.599764053253844,1.513320055337688,0.0,-0.0,0.0
55.59999704360962,3.269093784450692,8.599764053253844,1.513320055337688,0.0,-0.0,0.0
55.626039028167725,3.269093784450692,8.599764053253844,1.513320055337688,0.0,-0.0,0.0
55.6500985622406,3.269093784450692,8.599764053253844,1.513320055337688,0.0,-0.0,0.0
55.67504262924194,3.269093784450692,8.599764053253844,1.513320055337688,0.0,-0.0,0.0
55.70000767707825,3.269093784450692,8.599764053253844,1.513320055337688,0.0,-0.0,0.0
55.72505068778992,3.269093784450692,8.599764053253844,1.513320055337688,0.0,-0.0,0.0
55.75017523765564,3.269093784450692,8.599764053253844,1.513320055337688,0.0,-0.0,0.0
55.775166749954224,3.269093784450692,8.599764053253844,1.513320055337688,0.0,-0.0,0.0
55.799996852874756,3.269093784450692,8.599764053253844,1.513320055337688,0.0,-0.0,0.0
55.82507038116455,3.269093784450692,8.599764053253844,1.513320055337688,0.0,-0.0,0.0
55.85006237030029,3.269093784450692,8.599764053253844,1.513320055337688,0.0,-0.0,0.0
55.8752121925354,3.269093784450692,8.599764053253844,1.513320055337688,0.0,-0.0,0.0
55.89996314048767,3.269093784450692,8.599764053253844,1.513320055337688,0.0,-0.0,0.0
55.92505502700806,3.269093784450692,8.599764053253844,1.513320055337688,0.0,-0.0,0.0
55.95005702972412,3.269093784450692,8.599764053253844,1.513320055337688,0.0,-0.0,0.0
55.975051403045654,3.269093784450692,8.599764053253844,1.513320055337688,0.0,-0.0,0.0
55.99998617172241,3.269093784450692,8.599764053253844,1.513320055337688,0.0,-0.0,0.0
56.025070905685425,3.269093784450692,8.599764053253844,1.513320055337688,0.0,-0.0,0.0
56.05008006095886,3.269093784450692,8.599764053253844,1.513320055337688,0.0,-0.0,0.0
56.075058937072754,3.269093784450692,8.599764053253844,1.513320055337688,0.0,-0.0,0.0
56.09999418258667,3.269093784450692,8.599764053253844,1.513320055337688,0.0,-0.0,0.0
56.12506127357483,3.269093784450692,8.599764053253844,1.513320055337688,0.0,-0.0,0.0
56.15003323554993,3.269093784450692,8.599764053253844,1.513320055337688,0.0,-0.0,0.0
56.175028562545776,3.269093784450692,8.599764053253844,1.513320055337688,0.0,-0.0,0.0
56.2000093460083,3.269093784450692,8.599764053253844,1.513320055337688,0.0,-0.0,0.0
56.22509431838989,3.269093784450692,8.599764053253844,1.513320055337688,0.0,-0.0,0.0
56.250067472457886,3.269093784450692,8.599764053253844,1.513320055337688,0.0,-0.0,0.0
56.27508735656738,3.269093784450692,8.599764053253844,1.513320055337688,0.0,-0.0,0.0
56.30001997947693,3.269093784450692,8.599764053253844,1.513320055337688,0.0,-0.0,0.0
56.32501983642578,3.269093784450692,8.599764053253844,1.513320055337688,0.0,-0.0,0.0
56.35004186630249,3.269093784450692,8.599764053253844,1.513320055337688,0.0,-0.0,0.0
56.375155210494995,3.269093784450692,8.599764053253844,1.513320055337688,0.0,-0.0,0.0
56.39997696876526,3.269093784450692,8.599764053253844,1.513320055337688,0.0,-0.0,0.0
56.42529058456421,3.269093784450692,8.599764053253844,1.513320055337688,0.0,-0.0,0.0
56.450122594833374,3.269093784450692,8.599764053253844,1.513320055337688,0.0,-0.0,0.0
56.4750599861145,3.269093784450692,8.599764053253844,1.513320055337688,0.0,-0.0,0.0
56.49999189376831,3.269093784450692,8.599764053253844,1.513320055337688,0.0,-0.0,0.0
56.5253791809082,3.269093784450692,8.599764053253844,1.513320055337688,0.0,-0.0,0.0
56.550047397613525,3.269093784450692,8.599764053253844,1.513320055337688,0.0,-0.0,0.0
56.57504105567932,3.269093784450692,8.599764053253844,1.513320055337688,0.0,-0.0,0.0
56.59996843338013,3.269093784450692,8.599764053253844,1.513320055337688,0.0,-0.0,0.0
56.625102281570435,3.269093784450692,8.599764053253844,1.513320055337688,0.0,-0.0,0.0
56.65014600753784,3.269093784450692,8.599764053253844,1.513320055337688,0.0,-0.0,0.0
56.675071239471436,3.269093784450692,8.599764053253844,1.513320055337688,0.0,-0.0,0.0
56.699949502944946,3.269093784450692,8.599764053253844,1.513320055337688,0.0,-0.0,0.0
56.72511672973633,3.269093784450692,8.599764053253844,1.513320055337688,0.0,-0.0,0.0
56.75006699562073,3.269093784450692,8.599764053253844,1.513320055337688,0.0,-0.0,0.0
56.77522587776184,3.269093784450692,8.599764053253844,1.513320055337688,0.0,-0.0,0.0
56.800015687942505,3.269093784450692,8.599764053253844,1.513320055337688,0.0,-0.0,0.0
56.82507133483887,3.269093784450692,8.599764053253844,1.513320055337688,0.0,-0.0,0.0
56.85029673576355,3.269093784450692,8.599764053253844,1.513320055337688,0.0,-0.0,0.0
56.87503528594971,3.269093784450692,8.599764053253844,1.513320055337688,0.0,-0.0,0.0
56.8998863697052,3.269093784450692,8.599764053253844,1.513320055337688,0.0,-0.0,0.0
56.92520570755005,3.269093784450692,8.599764053253844,1.513320055337688,0.0,-0.0,0.0
56.950050354003906,3.269093784450692,8.599764053253844,1.513320055337688,0.0,-0.0,0.0
56.97507691383362,3.269093784450692,8.599764053253844,1.513320055337688,0.0,-0.0,0.0
56.999979734420776,3.269093784450692,8.599764053253844,1.513320055337688,0.0,-0.0,0.0
57.02508330345154,3.269093784450692,8.599764053253844,1.513320055337688,0.0,-0.0,0.0
57.05009722709656,3.269093784450692,8.599764053253844,1.513320055337688,0.0,-0.0,0.0
57.07505512237549,3.269093784450692,8.599764053253844,1.513320055337688,0.0,-0.0,0.0
57.10027241706848,3.269093784450692,8.599764053253844,1.513320055337688,0.0,-0.0,0.0
57.125078439712524,3.269093784450692,8.599764053253844,1.513320055337688,0.0,-0.0,0.0
57.150065898895264,3.269093784450692,8.599764053253844,1.513320055337688,0.0,-0.0,0.0
57.175055503845215,3.269093784450692,8.599764053253844,1.513320055337688,0.0,-0.0,0.0
57.20000243186951,3.269093784450692,8.599764053253844,1.513320055337688,0.0,-0.0,0.0
57.22511553764343,3.269093784450692,8.599764053253844,1.513320055337688,0.0,-0.0,0.0
57.2500741481781,3.269093784450692,8.599764053253844,1.513320055337688,0.0,-0.0,0.0
57.27503943443298,3.269093784450692,8.599764053253844,1.513320055337688,0.0,-0.0,0.0
57.301496744155884,3.269093784450692,8.599764053253844,1.513320055337688,0.0,-0.0,0.0
57.32505965232849,3.269093784450692,8.599764053253844,1.513320055337688,0.0,-0.0,0.0
57.350017070770264,3.269093784450692,8.599764053253844,1.513320055337688,0.0,-0.0,0.0
57.37501335144043,3.269093784450692,8.599764053253844,1.513320055337688,0.0,-0.0,0.0
57.400031328201294,3.269093784450692,8.599764053253844,1.513320055337688,0.0,-0.0,0.0
57.4250693321228,3.269093784450692,8.599764053253844,1.513320055337688,0.0,-0.0,0.0
57.450037479400635,3.269093784450692,8.599764053253844,1.513320055337688,0.0,-0.0,0.0
57.47503423690796,3.269093784450692,8.599764053253844,1.513320055337688,0.0,-0.0,0.0
57.499964237213135,3.269093784450692,8.599764053253844,1.513320055337688,0.0,-0.0,0.0
57.52500057220459,3.269093784450692,8.599764053253844,1.513320055337688,0.0,-0.0,0.0
57.55033850669861,3.269093784450692,8.599764053253844,1.513320055337688,0.0,-0.0,0.0
57.57507133483887,3.269093784450692,8.599764053253844,1.513320055337688,0.0,-0.0,0.0
57.60001277923584,3.269093784450692,8.599764053253844,1.513320055337688,0.0,-0.0,0.0
57.62510561943054,3.269093784450692,8.599764053253844,1.513320055337688,0.0,-0.0,0.0
57.65006756782532,3.269093784450692,8.599764053253844,1.513320055337688,0.0,-0.0,0.0
57.6750066280365,3.269093784450692,8.599764053253844,1.513320055337688,0.0,-0.0,0.0
57.699960231781006,3.269093784450692,8.599764053253844,1.513320055337688,0.0,-0.0,0.0
57.72511577606201,3.269093784450692,8.599764053253844,1.513320055337688,0.0,-0.0,0.0
57.75008487701416,3.269093784450692,8.599764053253844,1.513320055337688,0.0,-0.0,0.0
57.77506637573242,3.269093784450692,8.599764053253844,1.513320055337688,0.0,-0.0,0.0
57.79996705055237,3.269093784450692,8.599764053253844,1.513320055337688,0.0,-0.0,0.0
57.82507014274597,3.269093784450692,8.599764053253844,1.513320055337688,0.0,-0.0,0.0
57.850125551223755,3.269093784450692,8.599764053253844,1.513320055337688,0.0,-0.0,0.0
57.875157833099365,3.269093784450692,8.599764053253844,1.513320055337688,0.0,-0.0,0.0
57.8999764919281,3.269093784450692,8.599764053253844,1.513320055337688,0.0,-0.0,0.0
57.92507362365723,3.269093784450692,8.599764053253844,1.513320055337688,0.0,-0.0,0.0
57.95006227493286,3.269093784450692,8.599764053253844,1.513320055337688,0.0,-0.0,0.0
57.97504281997681,3.269093784450692,8.599764053253844,1.513320055337688,0.0,-0.0,0.0
58.00007677078247,3.269093784450692,8.599764053253844,1.513320055337688,0.0,-0.0,0.0
58.02506613731384,3.269093784450692,8.599764053253844,1.513320055337688,0.0,-0.0,0.0
58.05007767677307,3.269093784450692,8.599764053253844,1.513320055337688,0.0,-0.0,0.0
58.075029134750366,3.269093784450692,8.599764053253844,1.513320055337688,0.0,-0.0,0.0
58.09999179840088,3.269093784450692,8.599764053253844,1.513320055337688,0.0,-0.0,0.0
58.12541747093201,3.269093784450692,8.599764053253844,1.513320055337688,0.0,-0.0,0.0
58.1501145362854,3.269093784450692,8.599764053253844,1.513320055337688,0.0,-0.0,0.0
58.17502522468567,3.269093784450692,8.599764053253844,1.513320055337688,0.0,-0.0,0.0
58.20002007484436,3.269093784450692,8.599764053253844,1.513320055337688,0.0,-0.0,0.0
58.2249915599823,3.269093784450692,8.599764053253844,1.513320055337688,0.0,-0.0,0.0
58.250070571899414,3.269093784450692,8.599764053253844,1.513320055337688,0.0,-0.0,0.0
58.27502131462097,3.269093784450692,8.599764053253844,1.513320055337688,0.0,-0.0,0.0
58.30008625984192,3.269093784450692,8.599764053253844,1.513320055337688,0.0,-0.0,0.0
58.32512640953064,3.269093784450692,8.599764053253844,1.513320055337688,0.0,-0.0,0.0
58.35007643699646,3.269093784450692,8.599764053253844,1.513320055337688,0.0,-0.0,0.0
58.375144958496094,3.269093784450692,8.599764053253844,1.513320055337688,0.0,-0.0,0.0
58.400057315826416,3.269093784450692,8.599764053253844,1.513320055337688,0.0,-0.0,0.0
58.42501354217529,3.269093784450692,8.599764053253844,1.513320055337688,0.0,-0.0,0.0
58.45011496543884,3.269093784450692,8.599764053253844,1.513320055337688,0.0,-0.0,0.0
58.47515821456909,3.269093784450692,8.599764053253844,1.513320055337688,0.0,-0.0,0.0
58.499996185302734,3.269093784450692,8.599764053253844,1.513320055337688,0.0,-0.0,0.0
58.525105476379395,3.269093784450692,8.599764053253844,1.513320055337688,0.0,-0.0,0.0
58.550071716308594,3.269093784450692,8.599764053253844,1.513320055337688,0.0,-0.0,0.0
58.57726287841797,3.269093784450692,8.599764053253844,1.513320055337688,0.0,-0.0,0.0
58.60020852088928,3.269093784450692,8.599764053253844,1.513320055337688,0.0,-0.0,0.0
58.62507915496826,3.269093784450692,8.599764053253844,1.513320055337688,0.0,-0.0,0.0
58.6500678062439,3.269093784450692,8.599764053253844,1.513320055337688,0.0,-0.0,0.0
58.67504286766052,3.269093784450692,8.599764053253844,1.513320055337688,0.0,-0.0,0.0
58.70000338554382,3.269093784450692,8.599764053253844,1.513320055337688,0.0,-0.0,0.0
58.72525501251221,3.269093784450692,8.599764053253844,1.513320055337688,0.0,-0.0,0.0
58.7533917427063,3.269093784450692,8.599764053253844,1.513320055337688,0.0,-0.0,0.0
58.775107622146606,3.269093784450692,8.599764053253844,1.513320055337688,0.0,-0.0,0.0
58.80002021789551,3.269093784450692,8.599764053253844,1.513320055337688,0.0,-0.0,0.0
58.82507348060608,3.269093784450692,8.599764053253844,1.513320055337688,0.0,-0.0,0.0
58.85009407997131,3.269093784450692,8.599764053253844,1.513320055337688,0.0,-0.0,0.0
58.87506151199341,3.269093784450692,8.599764053253844,1.513320055337688,0.0,-0.0,0.0
58.900147914886475,3.269093784450692,8.599764053253844,1.513320055337688,0.0,-0.0,0.0
58.92508602142334,3.269093784450692,8.599764053253844,1.513320055337688,0.0,-0.0,0.0
58.950032234191895,3.269093784450692,8.599764053253844,1.513320055337688,0.0,-0.0,0.0
58.975117206573486,3.269093784450692,8.599764053253844,1.513320055337688,0.0,-0.0,0.0
58.999961376190186,3.269093784450692,8.599764053253844,1.513320055337688,0.0,-0.0,0.0
59.025107860565186,3.269093784450692,8.599764053253844,1.513320055337688,0.0,-0.0,0.0
59.050119161605835,3.269093784450692,8.599764053253844,1.513320055337688,0.0,-0.0,0.0
59.08003115653992,3.269093784450692,8.599764053253844,1.513320055337688,0.0,-0.0,0.0
59.09998798370361,3.269093784450692,8.599764053253844,1.513320055337688,0.0,-0.0,0.0
59.12508726119995,3.269093784450692,8.599764053253844,1.513320055337688,0.0,-0.0,0.0
59.1501190662384,3.269093784450692,8.599764053253844,1.513320055337688,0.0,-0.0,0.0
59.175609827041626,3.269093784450692,8.599764053253844,1.513320055337688,0.0,-0.0,0.0
59.19996905326843,3.269093784450692,8.599764053253844,1.513320055337688,0.0,-0.0,0.0
59.225053548812866,3.269093784450692,8.599764053253844,1.513320055337688,0.0,-0.0,0.0
59.250046730041504,3.269093784450692,8.599764053253844,1.513320055337688,0.0,-0.0,0.0
59.27503561973572,3.269093784450692,8.599764053253844,1.513320055337688,0.0,-0.0,0.0
59.30011296272278,3.269093784450692,8.599764053253844,1.513320055337688,0.0,-0.0,0.0
59.325003147125244,3.269093784450692,8.599764053253844,1.513320055337688,0.0,-0.0,0.0
59.35005021095276,3.269093784450692,8.599764053253844,1.513320055337688,0.0,-0.0,0.0
59.375049352645874,3.269093784450692,8.599764053253844,1.513320055337688,0.0,-0.0,0.0
59.400115966796875,3.269093784450692,8.599764053253844,1.513320055337688,0.0,-0.0,0.0
59.4250590801239,3.269093784450692,8.599764053253844,1.513320055337688,0.0,-0.0,0.0
59.45000505447388,3.269093784450692,8.599764053253844,1.513320055337688,0.0,-0.0,0.0
59.47499394416809,3.269093784450692,8.599764053253844,1.513320055337688,0.0,-0.0,0.0
59.500004529953,3.269093784450692,8.599764053253844,1.513320055337688,0.0,-0.0,0.0
59.52514839172363,3.269093784450692,8.599764053253844,1.513320055337688,0.0,-0.0,0.0
59.5500648021698,3.269093784450692,8.599764053253844,1.513320055337688,0.0,-0.0,0.0
59.575008153915405,3.269093784450692,8.599764053253844,1.513320055337688,0.0,-0.0,0.0
59.599976778030396,3.269093784450692,8.599764053253844,1.513320055337688,0.0,-0.0,0.0
59.625030517578125,3.269093784450692,8.599764053253844,1.513320055337688,0.0,-0.0,0.0
59.65055203437805,3.269093784450692,8.599764053253844,1.513320055337688,0.0,-0.0,0.0
59.67504835128784,3.269093784450692,8.599764053253844,1.513320055337688,0.0,-0.0,0.0
59.69998073577881,3.269093784450692,8.599764053253844,1.513320055337688,0.0,-0.0,0.0
59.72511053085327,3.269093784450692,8.599764053253844,1.513320055337688,0.0,-0.0,0.0
59.75001311302185,3.269093784450692,8.599764053253844,1.513320055337688,0.0,-0.0,0.0
59.77508783340454,3.269093784450692,8.599764053253844,1.513320055337688,0.0,-0.0,0.0
59.80000901222229,3.269093784450692,8.599764053253844,1.513320055337688,0.0,-0.0,0.0
59.82510042190552,3.269093784450692,8.599764053253844,1.513320055337688,0.0,-0.0,0.0
59.8500702381134,3.269093784450692,8.599764053253844,1.513320055337688,0.0,-0.0,0.0
59.87509489059448,3.269093784450692,8.599764053253844,1.513320055337688,0.0,-0.0,0.0
59.89998984336853,3.269093784450692,8.599764053253844,1.513320055337688,0.0,-0.0,0.0
59.9250226020813,3.269093784450692,8.599764053253844,1.513320055337688,0.0,-0.0,0.0
59.950045347213745,3.269093784450692,8.599764053253844,1.513320055337688,0.0,-0.0,0.0
59.97503662109375,3.269093784450692,8.599764053253844,1.513320055337688,0.0,-0.0,0.0
59.99997854232788,3.269093784450692,8.599764053253844,1.513320055337688,0.0,-0.0,0.0
60.02502679824829,3.269093784450692,8.599764053253844,1.513320055337688,0.0,-0.0,0.0
60.05004024505615,3.269093784450692,8.599764053253844,1.513320055337688,0.0,-0.0,0.0
60.075084924697876,3.269093784450692,8.599764053253844,1.513320055337688,0.0,-0.0,0.0
60.10005736351013,3.269093784450692,8.599764053253844,1.513320055337688,0.0,-0.0,0.0
60.1251323223114,3.269093784450692,8.599764053253844,1.513320055337688,0.0,-0.0,0.0
60.15011215209961,3.269093784450692,8.599764053253844,1.513320055337688,0.0,-0.0,0.0
60.17505502700806,3.269093784450692,8.599764053253844,1.513320055337688,0.0,-0.0,0.0
60.19998788833618,3.269093784450692,8.599764053253844,1.513320055337688,0.0,-0.0,0.0
60.22526264190674,3.269093784450692,8.599764053253844,1.513320055337688,0.0,-0.0,0.0
60.250115633010864,3.269093784450692,8.599764053253844,1.513320055337688,0.0,-0.0,0.0
60.275089263916016,3.269093784450692,8.599764053253844,1.513320055337688,0.0,-0.0,0.0
60.299978733062744,3.269093784450692,8.599764053253844,1.513320055337688,0.0,-0.0,0.0
60.325095653533936,3.269093784450692,8.599764053253844,1.513320055337688,0.0,-0.0,0.0
60.350069522857666,3.269093784450692,8.599764053253844,1.513320055337688,0.0,-0.0,0.0
60.37505769729614,3.269093784450692,8.599764053253844,1.513320055337688,0.0,-0.0,0.0
60.40000247955322,3.269093784450692,8.599764053253844,1.513320055337688,0.0,-0.0,0.0
60.425023555755615,3.269093784450692,8.599764053253844,1.513320055337688,0.0,-0.0,0.0
60.45008373260498,3.269093784450692,8.599764053253844,1.513320055337688,0.0,-0.0,0.0
60.475210666656494,3.269093784450692,8.599764053253844,1.513320055337688,0.0,-0.0,0.0
60.50013589859009,3.269093784450692,8.599764053253844,1.513320055337688,0.0,-0.0,0.0
60.52664351463318,3.269093784450692,8.599764053253844,1.513320055337688,0.0,-0.0,0.0
60.55009698867798,3.269093784450692,8.599764053253844,1.513320055337688,0.0,-0.0,0.0
60.57509708404541,3.269093784450692,8.599764053253844,1.513320055337688,0.0,-0.0,0.0
60.60000419616699,3.269093784450692,8.599764053253844,1.513320055337688,0.0,-0.0,0.0
60.62511658668518,3.269093784450692,8.599764053253844,1.513320055337688,0.0,-0.0,0.0
60.65008473396301,3.269093784450692,8.599764053253844,1.513320055337688,0.0,-0.0,0.0
60.67496156692505,3.269093784450692,8.599764053253844,1.513320055337688,0.0,-0.0,0.0
60.70001530647278,3.269093784450692,8.599764053253844,1.513320055337688,0.0,-0.0,0.0
60.725098848342896,3.269093784450692,8.599764053253844,1.513320055337688,0.0,-0.0,0.0
60.75011229515076,3.269093784450692,8.599764053253844,1.513320055337688,0.0,-0.0,0.0
60.7750723361969,3.269093784450692,8.599764053253844,1.513320055337688,0.0,-0.0,0.0
60.80001187324524,3.269093784450692,8.599764053253844,1.513320055337688,0.0,-0.0,0.0
60.82500958442688,3.269093784450692,8.599764053253844,1.513320055337688,0.0,-0.0,0.0
60.850059270858765,3.269093784450692,8.599764053253844,1.513320055337688,0.0,-0.0,0.0
60.87514138221741,3.269093784450692,8.599764053253844,1.513320055337688,0.0,-0.0,0.0
60.90000915527344,3.269093784450692,8.599764053253844,1.513320055337688,0.0,-0.0,0.0
60.92509150505066,3.269093784450692,8.599764053253844,1.513320055337688,0.0,-0.0,0.0
60.95008111000061,3.269093784450692,8.599764053253844,1.513320055337688,0.0,-0.0,0.0
60.97506284713745,3.269093784450692,8.599764053253844,1.513320055337688,0.0,-0.0,0.0
61.00010871887207,3.269093784450692,8.599764053253844,1.513320055337688,0.0,-0.0,0.0
61.025147914886475,3.269093784450692,8.599764053253844,1.513320055337688,0.0,-0.0,0.0
61.050121784210205,3.269093784450692,8.599764053253844,1.513320055337688,0.0,-0.0,0.0
61.07501673698425,3.269093784450692,8.599764053253844,1.513320055337688,0.0,-0.0,0.0
61.099985122680664,3.269093784450692,8.599764053253844,1.513320055337688,0.0,-0.0,0.0
61.12501573562622,3.269093784450692,8.599764053253844,1.513320055337688,0.0,-0.0,0.0
61.150285959243774,3.269093784450692,8.599764053253844,1.513320055337688,0.0,-0.0,0.0
61.175081968307495,3.269093784450692,8.599764053253844,1.513320055337688,0.0,-0.0,0.0
61.199960231781006,3.269093784450692,8.599764053253844,1.513320055337688,0.0,-0.0,0.0
61.22507190704346,3.269093784450692,8.599764053253844,1.513320055337688,0.0,-0.0,0.0
61.25009632110596,3.269093784450692,8.599764053253844,1.513320055337688,0.0,-0.0,0.0
61.275060415267944,3.269093784450692,8.599764053253844,1.513320055337688,0.0,-0.0,0.0
61.29996466636658,3.269093784450692,8.599764053253844,1.513320055337688,0.0,-0.0,0.0
61.32508158683777,3.269093784450692,8.599764053253844,1.513320055337688,0.0,-0.0,0.0
61.35003733634949,3.269093784450692,8.599764053253844,1.513320055337688,0.0,-0.0,0.0
61.377366065979004,3.269093784450692,8.599764053253844,1.513320055337688,0.0,-0.0,0.0
61.399970054626465,3.269093784450692,8.599764053253844,1.513320055337688,0.0,-0.0,0.0
61.42498803138733,3.269093784450692,8.599764053253844,1.513320055337688,0.0,-0.0,0.0
61.450040340423584,3.269093784450692,8.599764053253844,1.513320055337688,0.0,-0.0,0.0
61.47511959075928,3.269093784450692,8.599764053253844,1.513320055337688,0.0,-0.0,0.0
61.50009608268738,3.269093784450692,8.599764053253844,1.513320055337688,0.0,-0.0,0.0
61.52511024475098,3.269093784450692,8.599764053253844,1.513320055337688,0.0,-0.0,0.0
61.55006527900696,3.269093784450692,8.599764053253844,1.513320055337688,0.0,-0.0,0.0
61.575087547302246,3.269093784450692,8.599764053253844,1.513320055337688,0.0,-0.0,0.0
61.6000292301178,3.269093784450692,8.599764053253844,1.513320055337688,0.0,-0.0,0.0
61.62509346008301,3.269093784450692,8.599764053253844,1.513320055337688,0.0,-0.0,0.0
61.65026521682739,3.269093784450692,8.599764053253844,1.513320055337688,0.0,-0.0,0.0
61.67653465270996,3.269093784450692,8.599764053253844,1.513320055337688,0.0,-0.0,0.0
61.70000457763672,3.269093784450692,8.599764053253844,1.513320055337688,0.0,-0.0,0.0
61.724998235702515,3.269093784450692,8.599764053253844,1.513320055337688,0.0,-0.0,0.0
61.75005006790161,3.269093784450692,8.599764053253844,1.513320055337688,0.0,-0.0,0.0
61.77504777908325,3.269093784450692,8.599764053253844,1.513320055337688,0.0,-0.0,0.0
61.80006170272827,3.269093784450692,8.599764053253844,1.513320055337688,0.0,-0.0,0.0
61.825111627578735,3.269093784450692,8.599764053253844,1.513320055337688,0.0,-0.0,0.0
61.85004377365112,3.269093784450692,8.599764053253844,1.513320055337688,0.0,-0.0,0.0
61.87729787826538,3.269093784450692,8.599764053253844,1.513320055337688,0.0,-0.0,0.0
61.899999141693115,3.269093784450692,8.599764053253844,1.513320055337688,0.0,-0.0,0.0
61.92560052871704,3.269093784450692,8.599764053253844,1.513320055337688,0.0,-0.0,0.0
61.950047969818115,3.269093784450692,8.599764053253844,1.513320055337688,0.0,-0.0,0.0
61.975088119506836,3.269093784450692,8.599764053253844,1.513320055337688,0.0,-0.0,0.0
61.99998116493225,3.269093784450692,8.599764053253844,1.513320055337688,0.0,-0.0,0.0
62.02498149871826,3.269093784450692,8.599764053253844,1.513320055337688,0.0,-0.0,0.0
62.05006718635559,3.269093784450692,8.599764053253844,1.513320055337688,0.0,-0.0,0.0
62.075026988983154,3.269093784450692,8.599764053253844,1.513320055337688,0.0,-0.0,0.0
62.105329513549805,3.269093784450692,8.599764053253844,1.513320055337688,0.0,-0.0,0.0
62.12507247924805,3.269093784450692,8.599764053253844,1.513320055337688,0.0,-0.0,0.0
62.150065660476685,3.269093784450692,8.599764053253844,1.513320055337688,0.0,-0.0,0.0
62.17508840560913,3.269093784450692,8.599764053253844,1.513320055337688,0.0,-0.0,0.0
62.200103998184204,3.269093784450692,8.599764053253844,1.513320055337688,0.0,-0.0,0.0
62.22504901885986,3.269093784450692,8.599764053253844,1.513320055337688,0.0,-0.0,0.0
62.25003099441528,3.269093784450692,8.599764053253844,1.513320055337688,0.0,-0.0,0.0
62.27511525154114,3.269093784450692,8.599764053253844,1.513320055337688,0.0,-0.0,0.0
62.300769329071045,3.269093784450692,8.599764053253844,1.513320055337688,0.0,-0.0,0.0
62.32507276535034,3.269093784450692,8.599764053253844,1.513320055337688,0.0,-0.0,0.0
62.35007834434509,3.269093784450692,8.599764053253844,1.513320055337688,0.0,-0.0,0.0
62.375134229660034,3.269093784450692,8.599764053253844,1.513320055337688,0.0,-0.0,0.0
62.40011477470398,3.269093784450692,8.599764053253844,1.513320055337688,0.0,-0.0,0.0
62.425119161605835,3.269093784450692,8.599764053253844,1.513320055337688,0.0,-0.0,0.0
62.450132608413696,3.269093784450692,8.599764053253844,1.513320055337688,0.0,-0.0,0.0
62.476499795913696,3.269093784450692,8.599764053253844,1.513320055337688,0.0,-0.0,0.0
62.50011134147644,3.269093784450692,8.599764053253844,1.513320055337688,0.0,-0.0,0.0
62.52511715888977,3.269093784450692,8.599764053253844,1.513320055337688,0.0,-0.0,0.0
62.55012893676758,3.269093784450692,8.599764053253844,1.513320055337688,0.0,-0.0,0.0
62.57510542869568,3.269093784450692,8.599764053253844,1.513320055337688,0.0,-0.0,0.0
62.59997057914734,3.269093784450692,8.599764053253844,1.513320055337688,0.0,-0.0,0.0
62.624987840652466,3.269093784450692,8.599764053253844,1.513320055337688,0.0,-0.0,0.0
62.65006351470947,3.269093784450692,8.599764053253844,1.513320055337688,0.0,-0.0,0.0
62.67566108703613,3.269093784450692,8.599764053253844,1.513320055337688,0.0,-0.0,0.0
62.700016021728516,3.269093784450692,8.599764053253844,1.513320055337688,0.0,-0.0,0.0
62.72506284713745,3.269093784450692,8.599764053253844,1.513320055337688,0.0,-0.0,0.0
62.750096559524536,3.269093784450692,8.599764053253844,1.513320055337688,0.0,-0.0,0.0
62.77497172355652,3.269093784450692,8.599764053253844,1.513320055337688,0.0,-0.0,0.0
62.79998850822449,3.269093784450692,8.599764053253844,1.513320055337688,0.0,-0.0,0.0
62.82503151893616,3.269093784450692,8.599764053253844,1.513320055337688,0.0,-0.0,0.0
62.85006880760193,3.269093784450692,8.599764053253844,1.513320055337688,0.0,-0.0,0.0
62.875099658966064,3.269093784450692,8.599764053253844,1.513320055337688,0.0,-0.0,0.0
62.900038957595825,3.269093784450692,8.599764053253844,1.513320055337688,0.0,-0.0,0.0
62.92511558532715,3.269093784450692,8.599764053253844,1.513320055337688,0.0,-0.0,0.0
62.95011329650879,3.269093784450692,8.599764053253844,1.513320055337688,0.0,-0.0,0.0
62.97512125968933,3.269093784450692,8.599764053253844,1.513320055337688,0.0,-0.0,0.0
63.00006031990051,3.269093784450692,8.599764053253844,1.513320055337688,0.0,-0.0,0.0
63.0251259803772,3.269093784450692,8.599764053253844,1.513320055337688,0.0,-0.0,0.0
63.05008387565613,3.269093784450692,8.599764053253844,1.513320055337688,0.0,-0.0,0.0
63.07509708404541,3.269093784450692,8.599764053253844,1.513320055337688,0.0,-0.0,0.0
63.099990129470825,3.269093784450692,8.599764053253844,1.513320055337688,0.0,-0.0,0.0
63.12515139579773,3.269093784450692,8.599764053253844,1.513320055337688,0.0,-0.0,0.0
63.15010213851929,3.269093784450692,8.599764053253844,1.513320055337688,0.0,-0.0,0.0
63.17512392997742,3.269093784450692,8.599764053253844,1.513320055337688,0.0,-0.0,0.0
63.20000410079956,3.269093784450692,8.599764053253844,1.513320055337688,0.0,-0.0,0.0
63.22634553909302,3.269093784450692,8.599764053253844,1.513320055337688,0.0,-0.0,0.0
63.25005507469177,3.269093784450692,8.599764053253844,1.513320055337688,0.0,-0.0,0.0
63.27507972717285,3.269093784450692,8.599764053253844,1.513320055337688,0.0,-0.0,0.0
63.3000168800354,3.269093784450692,8.599764053253844,1.513320055337688,0.0,-0.0,0.0
63.325117111206055,3.269093784450692,8.599764053253844,1.513320055337688,0.0,-0.0,0.0
63.35003995895386,3.269093784450692,8.599764053253844,1.513320055337688,0.0,-0.0,0.0
63.37533473968506,3.269093784450692,8.599764053253844,1.513320055337688,0.0,-0.0,0.0
63.399959087371826,3.269093784450692,8.599764053253844,1.513320055337688,0.0,-0.0,0.0
63.42512655258179,3.269093784450692,8.599764053253844,1.513320055337688,0.0,-0.0,0.0
63.45010280609131,3.269093784450692,8.599764053253844,1.513320055337688,0.0,-0.0,0.0
63.4750599861145,3.269093784450692,8.599764053253844,1.513320055337688,0.0,-0.0,0.0
63.49999666213989,3.269093784450692,8.599764053253844,1.513320055337688,0.0,-0.0,0.0
63.525118350982666,3.269093784450692,8.599764053253844,1.513320055337688,0.0,-0.0,0.0
63.55008053779602,3.269093784450692,8.599764053253844,1.513320055337688,0.0,-0.0,0.0
63.57510304450989,3.269093784450692,8.599764053253844,1.513320055337688,0.0,-0.0,0.0
63.600022315979004,3.269093784450692,8.599764053253844,1.513320055337688,0.0,-0.0,0.0
63.62513017654419,3.269093784450692,8.599764053253844,1.513320055337688,0.0,-0.0,0.0
63.65002489089966,3.269093784450692,8.599764053253844,1.513320055337688,0.0,-0.0,0.0
63.67503809928894,3.269093784450692,8.599764053253844,1.513320055337688,0.0,-0.0,0.0
63.70092225074768,3.269093784450692,8.599764053253844,1.513320055337688,0.0,-0.0,0.0
63.725131034851074,3.269093784450692,8.599764053253844,1.513320055337688,0.0,-0.0,0.0
63.75011157989502,3.269093784450692,8.599764053253844,1.513320055337688,0.0,-0.0,0.0
63.77524137496948,3.269093784450692,8.599764053253844,1.513320055337688,0.0,-0.0,0.0
63.80012392997742,3.269093784450692,8.599764053253844,1.513320055337688,0.0,-0.0,0.0
63.82893466949463,3.269093784450692,8.599764053253844,1.513320055337688,0.0,-0.0,0.0
63.85014319419861,3.269093784450692,8.599764053253844,1.513320055337688,0.0,-0.0,0.0
63.875056982040405,3.269093784450692,8.599764053253844,1.513320055337688,0.0,-0.0,0.0
63.89995718002319,3.269093784450692,8.599764053253844,1.513320055337688,0.0,-0.0,0.0
63.92507195472717,3.269093784450692,8.599764053253844,1.513320055337688,0.0,-0.0,0.0
63.95003533363342,3.269093784450692,8.599764053253844,1.513320055337688,0.0,-0.0,0.0
63.97505497932434,3.269093784450692,8.599764053253844,1.513320055337688,0.0,-0.0,0.0
64.00007581710815,3.269093784450692,8.599764053253844,1.513320055337688,0.0,-0.0,0.0
64.02512335777283,3.269093784450692,8.599764053253844,1.513320055337688,0.0,-0.0,0.0
64.05029320716858,3.269093784450692,8.599764053253844,1.513320055337688,0.0,-0.0,0.0
64.07503628730774,3.269093784450692,8.599764053253844,1.513320055337688,0.0,-0.0,0.0
64.09999704360962,3.269093784450692,8.599764053253844,1.513320055337688,0.0,-0.0,0.0
64.12507462501526,3.269093784450692,8.599764053253844,1.513320055337688,0.0,-0.0,0.0
64.15005612373352,3.269093784450692,8.599764053253844,1.513320055337688,0.0,-0.0,0.0
64.17505931854248,3.269093784450692,8.599764053253844,1.513320055337688,0.0,-0.0,0.0
64.20005631446838,3.269093784450692,8.599764053253844,1.513320055337688,0.0,-0.0,0.0
64.22506928443909,3.269093784450692,8.599764053253844,1.513320055337688,0.0,-0.0,0.0
64.25030040740967,3.269093784450692,8.599764053253844,1.513320055337688,0.0,-0.0,0.0
64.27516269683838,3.269093784450692,8.599764053253844,1.513320055337688,0.0,-0.0,0.0
64.29992485046387,3.269093784450692,8.599764053253844,1.513320055337688,0.0,-0.0,0.0
64.32511377334595,3.269093784450692,8.599764053253844,1.513320055337688,0.0,-0.0,0.0
64.35005760192871,3.269093784450692,8.599764053253844,1.513320055337688,0.0,-0.0,0.0
64.37504053115845,3.269093784450692,8.599764053253844,1.513320055337688,0.0,-0.0,0.0
64.40002942085266,3.269093784450692,8.599764053253844,1.513320055337688,0.0,-0.0,0.0
64.42520093917847,3.269093784450692,8.599764053253844,1.513320055337688,0.0,-0.0,0.0
64.4502625465393,3.269093784450692,8.599764053253844,1.513320055337688,0.0,-0.0,0.0
64.47503733634949,3.269093784450692,8.599764053253844,1.513320055337688,0.0,-0.0,0.0
64.50000548362732,3.269093784450692,8.599764053253844,1.513320055337688,0.0,-0.0,0.0
64.5250952243805,3.269093784450692,8.599764053253844,1.513320055337688,0.0,-0.0,0.0
64.55006337165833,3.269093784450692,8.599764053253844,1.513320055337688,0.0,-0.0,0.0
64.57524847984314,3.269093784450692,8.599764053253844,1.513320055337688,0.0,-0.0,0.0
64.60008668899536,3.269093784450692,8.599764053253844,1.513320055337688,0.0,-0.0,0.0
64.62509727478027,3.269093784450692,8.599764053253844,1.513320055337688,0.0,-0.0,0.0
64.65012788772583,3.269093784450692,8.599764053253844,1.513320055337688,0.0,-0.0,0.0
64.67542362213135,3.269093784450692,8.599764053253844,1.513320055337688,0.0,-0.0,0.0
64.70004606246948,3.269093784450692,8.599764053253844,1.513320055337688,0.0,-0.0,0.0
64.72511887550354,3.269093784450692,8.599764053253844,1.513320055337688,0.0,-0.0,0.0
64.75012254714966,3.269093784450692,8.599764053253844,1.513320055337688,0.0,-0.0,0.0
64.7751042842865,3.269093784450692,8.599764053253844,1.513320055337688,0.0,-0.0,0.0
64.8011634349823,3.269093784450692,8.599764053253844,1.513320055337688,0.0,-0.0,0.0
64.82502794265747,3.269093784450692,8.599764053253844,1.513320055337688,0.0,-0.0,0.0
64.85004806518555,3.269093784450692,8.599764053253844,1.513320055337688,0.0,-0.0,0.0
64.87496066093445,3.269093784450692,8.599764053253844,1.513320055337688,0.0,-0.0,0.0
64.89998054504395,3.269093784450692,8.599764053253844,1.513320055337688,0.0,-0.0,0.0
64.92505526542664,3.269093784450692,8.599764053253844,1.513320055337688,0.0,-0.0,0.0
64.95002698898315,3.269093784450692,8.599764053253844,1.513320055337688,0.0,-0.0,0.0
64.97502994537354,3.269093784450692,8.599764053253844,1.513320055337688,0.0,-0.0,0.0
65.00001668930054,3.269093784450692,8.599764053253844,1.513320055337688,0.0,-0.0,0.0
65.0250072479248,3.269093784450692,8.599764053253844,1.513320055337688,0.0,-0.0,0.0
65.05005478858948,3.269093784450692,8.599764053253844,1.513320055337688,0.0,-0.0,0.0
65.07506942749023,3.269093784450692,8.599764053253844,1.513320055337688,0.0,-0.0,0.0
65.09996247291565,3.269093784450692,8.599764053253844,1.513320055337688,0.0,-0.0,0.0
65.12509560585022,3.269093784450692,8.599764053253844,1.513320055337688,0.0,-0.0,0.0
65.15005826950073,3.269093784450692,8.599764053253844,1.513320055337688,0.0,-0.0,0.0
65.17556166648865,3.269093784450692,8.599764053253844,1.513320055337688,0.0,-0.0,0.0
65.19998669624329,3.269093784450692,8.599764053253844,1.513320055337688,0.0,-0.0,0.0
65.22509217262268,3.269093784450692,8.599764053253844,1.513320055337688,0.0,-0.0,0.0
65.25005340576172,3.269093784450692,8.599764053253844,1.513320055337688,0.0,-0.0,0.0
65.27525925636292,3.269093784450692,8.599764053253844,1.513320055337688,0.0,-0.0,0.0
65.30026698112488,3.269093784450692,8.599764053253844,1.513320055337688,0.0,-0.0,0.0
65.32505464553833,3.269093784450692,8.599764053253844,1.513320055337688,0.0,-0.0,0.0
65.35005021095276,3.269093784450692,8.599764053253844,1.513320055337688,0.0,-0.0,0.0
65.37507605552673,3.269093784450692,8.599764053253844,1.513320055337688,0.0,-0.0,0.0
65.40001010894775,3.269093784450692,8.599764053253844,1.513320055337688,0.0,-0.0,0.0
65.42506408691406,3.269093784450692,8.599764053253844,1.513320055337688,0.0,-0.0,0.0
65.45004034042358,3.269093784450692,8.599764053253844,1.513320055337688,0.0,-0.0,0.0
65.47505354881287,3.269093784450692,8.599764053253844,1.513320055337688,0.0,-0.0,0.0
65.50024461746216,3.269093784450692,8.599764053253844,1.513320055337688,0.0,-0.0,0.0
65.52508211135864,3.269093784450692,8.599764053253844,1.513320055337688,0.0,-0.0,0.0
65.55008554458618,3.269093784450692,8.599764053253844,1.513320055337688,0.0,-0.0,0.0
65.57504868507385,3.269093784450692,8.599764053253844,1.513320055337688,0.0,-0.0,0.0
65.59998297691345,3.269093784450692,8.599764053253844,1.513320055337688,0.0,-0.0,0.0
65.62499380111694,3.269093784450692,8.599764053253844,1.513320055337688,0.0,-0.0,0.0
65.65008592605591,3.269093784450692,8.599764053253844,1.513320055337688,0.0,-0.0,0.0
65.67506718635559,3.269093784450692,8.599764053253844,1.513320055337688,0.0,-0.0,0.0
65.69998955726624,3.269093784450692,8.599764053253844,1.513320055337688,0.0,-0.0,0.0
65.72511124610901,3.269093784450692,8.599764053253844,1.513320055337688,0.0,-0.0,0.0
65.75003051757812,3.269093784450692,8.599764053253844,1.513320055337688,0.0,-0.0,0.0
65.77502298355103,3.269093784450692,8.599764053253844,1.513320055337688,0.0,-0.0,0.0
65.80009150505066,3.269093784450692,8.599764053253844,1.513320055337688,0.0,-0.0,0.0
65.82512497901917,3.269093784450692,8.599764053253844,1.513320055337688,0.0,-0.0,0.0
65.85006046295166,3.269093784450692,8.599764053253844,1.513320055337688,0.0,-0.0,0.0
65.87502765655518,3.269093784450692,8.599764053253844,1.513320055337688,0.0,-0.0,0.0
65.89996767044067,3.269093784450692,8.599764053253844,1.513320055337688,0.0,-0.0,0.0
65.92501878738403,3.269093784450692,8.599764053253844,1.513320055337688,0.0,-0.0,0.0
65.95006036758423,3.269093784450692,8.599764053253844,1.513320055337688,0.0,-0.0,0.0
65.97503709793091,3.269093784450692,8.599764053253844,1.513320055337688,0.0,-0.0,0.0
66.00000500679016,3.269093784450692,8.599764053253844,1.513320055337688,0.0,-0.0,0.0
66.02505946159363,3.269093784450692,8.599764053253844,1.513320055337688,0.0,-0.0,0.0
66.05005836486816,3.269093784450692,8.599764053253844,1.513320055337688,0.0,-0.0,0.0
66.07506251335144,3.269093784450692,8.599764053253844,1.513320055337688,0.0,-0.0,0.0
66.09996676445007,3.269093784450692,8.599764053253844,1.513320055337688,0.0,-0.0,0.0
66.1250684261322,3.269093784450692,8.599764053253844,1.513320055337688,0.0,-0.0,0.0
66.1500506401062,3.269093784450692,8.599764053253844,1.513320055337688,0.0,-0.0,0.0
66.17506408691406,3.269093784450692,8.599764053253844,1.513320055337688,0.0,-0.0,0.0
66.1999762058258,3.269093784450692,8.599764053253844,1.513320055337688,0.0,-0.0,0.0
66.22505807876587,3.269093784450692,8.599764053253844,1.513320055337688,0.0,-0.0,0.0
66.25005340576172,3.269093784450692,8.599764053253844,1.513320055337688,0.0,-0.0,0.0
66.27505016326904,3.269093784450692,8.599764053253844,1.513320055337688,0.0,-0.0,0.0
66.30000877380371,3.269093784450692,8.599764053253844,1.513320055337688,0.0,-0.0,0.0
66.32537269592285,3.269093784450692,8.599764053253844,1.513320055337688,0.0,-0.0,0.0
66.35008001327515,3.269093784450692,8.599764053253844,1.513320055337688,0.0,-0.0,0.0
66.37535548210144,3.269093784450692,8.599764053253844,1.513320055337688,0.0,-0.0,0.0
66.3999764919281,3.269093784450692,8.599764053253844,1.513320055337688,0.0,-0.0,0.0
66.42509961128235,3.269093784450692,8.599764053253844,1.513320055337688,0.0,-0.0,0.0
66.4500880241394,3.269093784450692,8.599764053253844,1.513320055337688,0.0,-0.0,0.0
66.47503733634949,3.269093784450692,8.599764053253844,1.513320055337688,0.0,-0.0,0.0
66.49998021125793,3.269093784450692,8.599764053253844,1.513320055337688,0.0,-0.0,0.0
66.5250563621521,3.269093784450692,8.599764053253844,1.513320055337688,0.0,-0.0,0.0
66.5501000881195,3.269093784450692,8.599764053253844,1.513320055337688,0.0,-0.0,0.0
66.5750880241394,3.269093784450692,8.599764053253844,1.513320055337688,0.0,-0.0,0.0
66.60004138946533,3.269093784450692,8.599764053253844,1.513320055337688,0.0,-0.0,0.0
66.625075340271,3.269093784450692,8.599764053253844,1.513320055337688,0.0,-0.0,0.0
66.65794348716736,3.269093784450692,8.599764053253844,1.513320055337688,0.0,-0.0,0.0
66.67594170570374,3.269093784450692,8.599764053253844,1.513320055337688,0.0,-0.0,0.0
66.6999990940094,3.269093784450692,8.599764053253844,1.513320055337688,0.0,-0.0,0.0
66.7251410484314,3.269093784450692,8.599764053253844,1.513320055337688,0.0,-0.0,0.0
66.7500684261322,3.269093784450692,8.599764053253844,1.513320055337688,0.0,-0.0,0.0
66.77512669563293,3.269093784450692,8.599764053253844,1.513320055337688,0.0,-0.0,0.0
66.80002021789551,3.269093784450692,8.599764053253844,1.513320055337688,0.0,-0.0,0.0
66.82510185241699,3.269093784450692,8.599764053253844,1.513320055337688,0.0,-0.0,0.0
66.85012125968933,3.269093784450692,8.599764053253844,1.513320055337688,0.0,-0.0,0.0
66.8751311302185,3.269093784450692,8.599764053253844,1.513320055337688,0.0,-0.0,0.0
66.90000653266907,3.269093784450692,8.599764053253844,1.513320055337688,0.0,-0.0,0.0
66.92515110969543,3.269093784450692,8.599764053253844,1.513320055337688,0.0,-0.0,0.0
66.95006680488586,3.269093784450692,8.599764053253844,1.513320055337688,0.0,-0.0,0.0
66.97531056404114,3.269093784450692,8.599764053253844,1.513320055337688,0.0,-0.0,0.0
67.00013303756714,3.269093784450692,8.599764053253844,1.513320055337688,0.0,-0.0,0.0
67.0252251625061,3.269093784450692,8.599764053253844,1.513320055337688,0.0,-0.0,0.0
67.05011677742004,3.269093784450692,8.599764053253844,1.513320055337688,0.0,-0.0,0.0
67.07684350013733,3.269093784450692,8.599764053253844,1.513320055337688,0.0,-0.0,0.0
